0.0065608894 0 0 0 0 0 0 0 0 0 0 0 0 0 0 0.1258164424 0.0382249223 0 0 0 0 0 0.0281201869 0 0 0 0 0.0017333201 0 0.0197032209 0 0 0 0.1434508331 0 0 0 0 0 0.6356587435 0 0 0.0007314414 0 0 0 0 0 0 0 
0 0 0 0 0 0 0.0012751025 0 0 0 0 0 0 0 0 0 0.0008938389 0 0 0 0 0 0 0 0 0 0 0 0 0 0 0.0023193359 0 0 0 0 0 0 0.0612600887 0.8777818521 0 0 0 0 0 0 0 0 0.0564697819 0 
0 0 0 0 0.0007400983 0 0 0.3879593104 0 0 0 0 0 0 0.1600579239 0 0 0 0 0 0 0.0194524786 0 0.0009754191 0 0 0.0100401724 0.0030619495 0 0 0.2121417049 0 0 0.0276039409 0 0 0 0 0 0 0 0 0.0013587786 0 0.1766082232 0 0 0 0 0 
0 0 0 0 0 0 0 0 0 0 0.0021524348 0 0 0 0 0.0008489977 0.0091853749 0 0 0 0.0007776121 0 0 0 0 0 0 0 0 0 0 0 0 0.0676223865 0.1686293628 0 0 0 0 0.7507838312 0 0 0 0 0 0 0 0 0 0 
0 0 0 0 0 0 0 0 0 0 0 0 0 0 0 0 0 0 0 0 0 0 0 0 0 0 1.0000000000 0 0 0 0 0 0 0 0 0 0 0 0 0 0 0 0 0 0 0 0 0 0 0 
0.0158599015 0 0 0 0 0 0 0.0111522983 0 0 0 0 0 0 0 0 0.0234901380 0 0 0 0 0 0 0 0 0 0 0 0 0 0.1622523312 0.0226667849 0 0.2748846030 0.0233569255 0 0 0 0 0.4597473603 0 0 0 0 0 0 0 0 0 0.0065896572 
0 0 0 0 0 0 0 0 0 0 0 0 0 0 0 0 0 0.2591486757 0 0 0 0 0 0 0 0 0.5296911898 0 0 0.1386149889 0 0 0 0.0561710237 0.0078280494 0 0.0032647172 0 0 0 0 0 0 0 0 0 0 0.0052813553 0 0 
0 0 0 0 0.0211834518 0 0 0 0 0.0766832557 0 0 0 0 0 0 0 0 0 0.0494114545 0 0 0 0 0 0 0.7620338681 0 0 0 0 0 0 0 0 0 0 0.0906879699 0 0 0 0 0 0 0 0 0 0 0 0 
0 0 0 0 0 1.0000000000 0 0 0 0 0 0 0 0 0 0 0 0 0 0 0 0 0 0 0 0 0 0 0 0 0 0 0 0 0 0 0 0 0 0 0 0 0 0 0 0 0 0 0 0 
0.0074791836 0 0 0 0 0 0 0 0.0012340630 0 0 0 0 0 0.0035432695 0 0 0 0 0 0 0 0 0 0 0 0 0 0 0 0 0.8314398967 0 0.1003779938 0 0 0 0 0 0 0 0 0 0.0334999260 0.0224256676 0 0 0 0 0 
0 0 0 0 0 0 0 0.0220935128 0 0 0 0 0 0 0 0 0.7899091226 0 0 0 0 0 0 0 0 0 0 0 0 0.1006061726 0 0 0 0.0834472394 0 0 0 0 0 0.0039439527 0 0 0 0 0 0 0 0 0 0 
0 0 0 0 0.2890588854 0.0744210634 0 0 0 0 0 0 0 0 0.0345488429 0 0 0 0 0 0 0.0013033226 0 0.0007489396 0 0.4142846364 0 0.0031694101 0.0029883561 0 0 0 0 0 0 0.0992876928 0 0 0 0 0 0.0195578895 0.0600688656 0 0.0005620957 0 0 0 0 0 
0 0 0 0 0 0 0 0 0 0 0 0 0 0 0 0 0 0.7724030752 0 0 0 0 0.0010530524 0 0 0 0.2219257229 0 0 0.0020631808 0 0 0 0 0 0 0 0 0 0 0.0025549687 0 0 0 0 0 0 0 0 0 
0 0 0 0 0 0 0.0050585723 0 0 0 0 0 0 0 0 0 0.1100680165 0 0 0 0 0 0 0 0 0 0 0 0 0 0 0 0 0 0 0.2940575345 0 0 0 0.5908158767 0 0 0 0 0 0 0 0 0 0 
0 0 0 0 0 0 0 0 0 0 0 0 0 0 0 0 0 0.8592156451 0 0 0 0 0 0 0 0 0.1407843549 0 0 0 0 0 0 0 0 0 0 0 0 0 0 0 0 0 0 0 0 0 0 0 
0 0 0 0 0 0 0 0 0 0 0 0 0 0 0 0.0102690086 0 0 0 0 0 0 0 0 0 0 0 0 0 0 0 0 0 0 0 0 0 0 0 0.9897309914 0 0 0 0 0 0 0 0 0 0 
0 0 0 0 0 0 0 0 0 0 0 0 0 0.0166701134 0 0 0.0000000021 0 0 0 0 0 0 0 0 0 0 0 0 0 0 0 0 0 0.0000000552 0 0 0 0 0.9833298283 0 0 0 0 0 0.0000000011 0 0 0 0 
0 0.5755538135 0 0 0 0 0 0 0 0 0 0 0 0 0 0 0 0.0294060075 0 0 0 0 0 0 0 0 0 0 0 0.3950401790 0 0 0 0 0 0 0 0 0 0 0 0 0 0 0 0 0 0 0 0 
0 0 0 0 0 0 0 0.4596772424 0 0 0 0 0 0 0 0 0 0 0 0 0 0 0.0193110308 0 0 0 0 0.0018909624 0 0 0 0 0 0.0822718564 0 0 0 0 0 0.4368489080 0 0 0 0 0 0 0 0 0 0 
0 0 0 0 0 0 0 0 0 0 0 0 0 0.0151627431 0 0.0820171458 0.0346359504 0 0 0 0 0 0.0355069838 0 0 0 0 0.0016718187 0 0 0 0 0 0 0 0 0.0009971752 0 0 0.3601738518 0 0 0 0 0 0.3507757167 0 0 0 0.1190586144 
0 0 0 0 0 0 0 0 0 0 0 0 0 0 0 0 0 0 0 0 0 0 0 0 0 0 0 0 0 0 0 0 0 0 0 0 0 0 0 1.0000000000 0 0 0 0 0 0 0 0 0 0 
0 0 0 0 0 0 0 0 0 0 0 0 0 0 0 0 0.5288611447 0 0 0 0 0 0 0 0 0 0 0 0 0 0 0 0 0 0 0 0 0 0 0.1605997878 0 0 0 0 0 0 0 0 0 0.3105390676 
0 0 0 0 0 0 0.1021740131 0 0 0 0 0 0 0.0129316936 0 0.0553708247 0 0 0 0 0 0 0 0 0 0 0 0 0 0 0 0 0 0 0 0 0.0062314523 0 0 0.1833426980 0 0 0 0 0 0 0.5832038253 0 0 0.0567454929 
0 0 0 0 0 0 0 0 0 0 0 0 0.0187904294 0 0 0 0.2793788151 0 0 0 0 0 0.0012531281 0 0 0 0 0 0 0 0 0 0 0 0.0151319819 0 0 0 0 0.6125879946 0 0 0 0 0 0.0728576509 0 0 0 0 
0 0 0 0 0 1.0000000000 0 0 0 0 0 0 0 0 0 0 0 0 0 0 0 0 0 0 0 0 0 0 0 0 0 0 0 0 0 0 0 0 0 0 0 0 0 0 0 0 0 0 0 0 
0 0 0 0 0 0 0 0 0 0 0 0 0 0 0 0 0 0 0 0 0.0000000047 0 0 0 0 0 0 0 0 0 0 0 0 0 0 0 0 0 0 0.9999999953 0 0 0 0 0 0 0 0 0 0 
0 0 0 0 0 0 0 0 0 0 0 0 0 0 0 0 0 0 0 0 0 0 0 0 0 0 0 0 0 0 0 0 0 0 0 0 0 0 0 1.0000000000 0 0 0 0 0 0 0 0 0 0 
0 0 0 0 0 0 0 0 0 0 0 0 0 0 0 0 0.0118426132 0 0 0 0 0 0 0 0 0 0 0.0013221938 0 0 0 0.0932544716 0 0 0 0 0 0.0368090310 0 0.7527793047 0 0 0 0 0 0 0 0.0966002716 0 0.0073921141 
0 0 0 0 0 0 0.0008735704 0 0 0 0 0 0 0.0993610638 0 0.0068294733 0 0 0.3400301790 0 0.3570363605 0 0 0 0 0.0011207841 0 0 0 0 0 0 0 0 0.0547778233 0 0 0 0.0372298238 0.0702851097 0 0 0 0 0.0302836977 0 0.0021721144 0 0 0 
0 0 0.0007339702 0 0 0 0 0.0026320583 0 0 0 0 0.0010318766 0 0 0 0.9111077393 0 0 0 0 0 0 0 0 0 0 0 0 0 0 0 0 0 0 0 0 0.0004971298 0 0.0839972258 0 0 0 0 0 0 0 0 0 0 
0 0 0 0 0 0 0 0.0319670927 0 0 0 0 0 0 0 0 0.1235017854 0 0 0 0 0 0 0 0 0 0 0.0010005350 0 0 0 0.0348140298 0 0 0 0 0 0 0.0142974865 0.7523641850 0 0 0 0 0.0420548855 0 0 0 0 0 
0 0 0 0 0 0 0.0027512774 0.0692923376 0 0 0 0 0 0 0 0 0.3067062979 0 0 0 0 0 0 0 0 0 0 0.0005819825 0 0 0 0 0 0 0 0 0.0096828977 0 0 0.5985253330 0 0 0 0 0 0 0 0.0013167015 0 0.0111431723 
0 0 0 0 0 0 0 0 0 0 0.2183743117 0 0 0.6995956685 0 0.0811273660 0 0 0 0 0 0 0 0 0 0 0 0.0009026538 0 0 0 0 0 0 0 0 0 0 0 0 0 0 0 0 0 0 0 0 0 0 
0 0 0 0 0 0 0 0 0 0 0 0 0.0025125355 0 0 0 0 0 0 0 0 0 0 0 0 0 0 0 0 0 0 0 0 0.0020719791 0 0 0 0 0 0.9954154854 0 0 0 0 0 0 0 0 0 0 
0 0 0.1138481442 0 0 0 0.0094532211 0 0 0 0 0 0 0 0 0 0.6978114789 0 0 0 0 0 0 0 0 0 0 0 0 0 0 0 0 0 0 0 0 0 0 0.1788871559 0 0 0 0 0 0 0 0 0 0 
0 0 0.0193778148 0 0 0 0.0045899646 0 0 0 0.1439814370 0 0.0034020364 0 0 0 0.0113816274 0 0 0 0 0 0.0028454102 0 0 0 0 0.0011058561 0 0 0 0 0 0 0 0 0.0035386290 0 0.3799307254 0.4293912846 0 0 0.0004552144 0 0 0 0 0 0 0 
0 0 0 0 0 0 0 0.6784787428 0 0 0 0 0 0 0 0 0 0 0 0 0 0.2014813389 0 0 0 0 0 0 0 0 0 0 0 0.0038100179 0 0 0 0 0 0.0856302411 0 0 0 0 0 0 0 0.0158202926 0.0147793667 0 
0 0 0 0 0 0 0 0.1068673227 0 0 0 0 0 0 0 0 0.0168432814 0 0 0 0 0 0.0024996742 0 0 0 0 0 0 0 0 0.1001486881 0 0 0 0 0 0 0 0.7736410337 0 0 0 0 0 0 0 0 0 0 
0 0 0 0 0 0 0 0 0 0 0 0 0 0.0023456914 0 0 0.4799463415 0 0 0 0 0 0 0 0 0 0 0 0 0 0 0 0 0.0314600866 0.0007014775 0 0.0918177485 0 0 0.3937286546 0 0 0 0 0 0 0 0 0 0 
0 0 0 0 0 0 0.0010903878 0 0 0 0 0 0 0 0 0.2114971964 0.0301452953 0 0 0 0 0 0 0 0 0 0 0.0011312352 0 0 0 0 0 0 0 0 0 0 0 0.4242881862 0 0 0 0 0 0 0 0 0.0206940275 0.3111536717 
0 0 0 0 0 0 0 0.0085955932 0 0 0 0 0.0035407498 0 0 0 0.1443360067 0 0 0 0.0063781738 0 0 0 0 0 0 0 0 0 0 0.8055327618 0 0 0 0 0 0 0 0.0278744780 0 0 0 0 0 0.0037422367 0 0 0 0 
0 0 0 0 0 0 0 0 0 0 0 0 0 0 0 0 0 0 0 0 0 0 0.0017471313 0 0 0 0 0 0 0 0 0 0 0 0 0 0 0 0 0.9982528687 0 0 0 0 0 0 0 0 0 0 
0 0 0 0 0 0 0 0.1438051642 0 0 0 0 0 0 0 0 0.0517862336 0 0 0 0 0 0 0 0 0 0 0.0011892944 0 0 0 0 0 0.0607438773 0 0 0.0084351302 0 0 0.7340403002 0 0 0 0 0 0 0 0 0 0 
0 0 0 0.0009350782 0 0 0 0.2288743162 0 0 0 0 0 0 0 0 0 0 0 0 0 0 0 0 0 0 0 0 0 0 0 0 0 0 0 0.0195524272 0 0 0 0 0 0 0.0227312533 0 0 0 0 0 0 0.7279069251 
0 0 0.0870613689 0 0 0 0 0 0 0 0 0 0 0.0869753258 0 0 0.2989932534 0 0 0 0 0 0 0 0 0 0 0.0013895618 0 0 0 0 0 0 0 0 0 0 0 0.4618378605 0 0 0 0 0 0 0 0 0 0.0637426296 
0 0 0 0 0 0 0 0 0 0 0 0 0 0 0 0 0.0004738516 0 0 0 0 0 0 0.0360789746 0.0378101092 0 0 0 0.0062219760 0.0015711920 0 0 0 0 0 0 0 0 0 0 0.9178438966 0 0 0 0 0 0 0 0 0 
0 0 0 0 0 0 0 0.2795254388 0.1625746064 0 0 0 0 0.0514416154 0 0 0.0175715992 0.0051439843 0 0 0 0 0 0 0 0 0.0043932389 0 0 0 0 0 0 0.1271203081 0.0432013246 0 0 0 0 0.2204907051 0 0 0 0 0.0830956130 0.0037202218 0 0 0 0.0017213443 
0 0 0 0 0 0 0 0.0174868636 0 0 0 0 0 0 0 0 0.2218167123 0 0 0 0 0 0.0011063144 0 0 0 0 0 0 0 0 0.5310319226 0 0 0 0 0.0006420364 0 0 0.2263422473 0 0 0 0 0 0 0 0 0 0.0015739033 
0 0 0 0 0 0 0 0 0 0 0.0011829982 0 0 0 0 0 0 0 0.0008383999 0 0 0 0 0 0 0 0.9979786018 0 0 0 0 0 0 0 0 0 0 0 0 0 0 0 0 0 0 0 0 0 0 0 
0 0 0 0 0 0 0 0 0 0.0009695904 0 0 0 0 0 0 0 0.9532339650 0 0 0 0 0 0 0 0 0.0452988160 0 0 0.0004976286 0 0 0 0 0 0 0 0 0 0 0 0 0 0 0 0 0 0 0 0 
0 0 0 0 0 0 0 0 0 0 0 0 0 0 0 0 0 0 0 0 0 0 0 0 0 0 0 0 0 0 0 0 0 0 0.0070652008 0 0.0410788386 0 0 0.9518559606 0 0 0 0 0 0 0 0 0 0 
0 0 0 0 0 0 0 0 0 0 0 0 0 0 0 0 0.5112340535 0 0 0 0 0 0 0 0 0 0 0 0 0 0 0 0 0.0161004361 0 0 0 0 0 0.4726655104 0 0 0 0 0 0 0 0 0 0 
0 0 0.3977779410 0 0 0 0.0111463833 0 0 0 0 0 0.0092213487 0 0 0.0319928390 0 0 0 0 0 0 0 0 0 0 0 0.0003401120 0 0 0 0 0 0 0 0 0.0832101375 0 0 0.4663112387 0 0 0 0 0 0 0 0 0 0 
0 0 0.0160920802 0 0 0 0 0 0 0 0 0 0 0 0 0 0 0 0 0 0 0 0.0300151012 0 0 0 0 0 0 0 0 0 0 0 0 0 0 0 0 0.9114819942 0 0 0 0 0 0 0 0 0 0.0424108244 
0 0 0 0 0 0 0 0 0 0 0 0 0 0 0 0 0 0 0 0 0 0 0 0 0 0 0 0 0 0 0 0 0 0 0.0010494884 0 0 0 0 0.9989505116 0 0 0 0 0 0 0 0 0 0 
0 0 0 0 0 0 0 0 0 0 0 0 0 0 0 0 0 0 0 0 0 0 0 0 0 0 0 0 0 0.0000000026 0 0 0 0.0000000012 0 0 0 0 0 0.9999999963 0 0 0 0 0 0 0 0 0 0 
0 0 0 0 0 0 0 0 0 0 0 0 0 0 0 0 0 0 0 0 0 0 0 0 0 0 0 0 0 0 0 0 0 0 0 0 0 0 0 0 1.0000000000 0 0 0 0 0 0 0 0 0 
0.1425687321 0 0 0.5807432269 0 0 0 0 0.0019127460 0 0 0.0414314098 0 0 0 0 0 0 0 0.0183263434 0 0.1147702582 0 0 0 0 0 0.0013518115 0 0 0 0 0 0 0 0.0227076095 0 0 0.0592777116 0 0 0 0.0006191106 0 0 0 0 0 0.0162910406 0 
0 0 0.0036329978 0 0 0 0.0010439550 0 0 0 0 0 0 0.0954932671 0 0 0.0037767646 0 0.0040011024 0 0.0053024165 0 0 0 0 0 0 0 0 0 0 0 0 0 0.6548099097 0 0 0 0 0.2291715900 0 0 0 0 0 0.0027679970 0 0 0 0 
0 0 0 0 0 0.0097656250 0.0037042421 0 0 0 0.1843821102 0 0 0 0 0 0.0340690459 0.0338801183 0 0 0 0 0 0 0 0 0 0.0011526229 0 0 0 0.0329923166 0 0 0.6207016780 0 0 0 0 0.0770081390 0 0 0 0 0 0 0.0023441019 0 0 0 
0 0 0 0 0 0 0 0 0 0 0 0 0 0 0 0 0 0 0 0 0 0 0 0 0 0 0 0 0 0 0 0 0 0 0 0 0 0 0 1.0000000000 0 0 0 0 0 0 0 0 0 0 
0.3168767573 0 0 0 0 0 0 0 0 0 0 0 0 0.0030419143 0 0 0.2907920181 0 0 0 0 0 0 0 0 0 0 0.0018359663 0 0 0 0 0 0 0 0.0257724470 0 0 0 0.0231142117 0 0 0 0 0 0 0 0.0338236586 0 0.3047430266 
0 0 0 0 0 0 0 0 0 0 0 0 0 0.0617174840 0 0.1318988048 0 0 0 0 0 0 0 0 0 0 0 0 0 0 0 0 0 0 0 0 0 0.0032509309 0 0.8031327803 0 0 0 0 0 0 0 0 0 0 
0 0 0 0 0 0 0 0 0 0 0 0 0 0 0 0 0 0.0109498437 0 0 0 0 0 0 0 0 0.8006892391 0 0 0 0 0 0 0 0 0 0 0 0 0 0 0 0 0.1883609172 0 0 0 0 0 0 
0 0 0 0 0 0 0 0 0 0.0296507164 0 0 0 0 0 0 0 0.5016248693 0 0 0 0.0228669917 0.0082884599 0.0007295538 0 0 0.0535965017 0.0021112155 0 0.3799058380 0 0 0 0 0 0 0 0 0 0 0 0 0.0012258536 0 0 0 0 0 0 0 
0.0788873058 0 0 0 0 0 0 0.0128407625 0 0 0 0 0.0081043732 0 0 0 0.5696283293 0 0 0 0 0.0010580464 0 0 0 0 0 0.0020774120 0 0 0 0 0 0 0 0 0 0 0 0.2427975919 0 0 0.0008274477 0 0 0 0 0 0 0.0837787313 
0 0 0 0 0 0 0 0 0 0 0 0 0 0 0 0 0 0 0 0.0129239974 0 0 0 0 0 0 0 0 0 0 0 0 0 0 0 0 0 0 0 0 0 0 0 0 0 0 0 0 0 0.9870760026 
0 0 0 0 0 0 0 0 0 0 0 0 0 0 0 0.3010383458 0.0018352037 0 0 0 0 0 0 0 0 0 0 0 0 0 0 0 0 0 0.0140827742 0 0 0 0 0.4417457916 0 0 0 0 0 0.2412978847 0 0 0 0 
0 0 0 0 0 0 0.0172843858 0.0555835585 0 0 0 0 0 0 0 0 0.2315544731 0 0 0 0 0.0009891499 0.0189752567 0 0 0 0 0.0022785615 0 0 0 0 0 0 0 0 0 0 0 0.6733346145 0 0 0 0 0 0 0 0 0 0 
0 0 0.1253996668 0 0 0 0.0162353200 0 0 0 0 0 0 0 0 0 0.0753324708 0.0335314530 0 0 0 0.1643036960 0 0 0 0 0 0.0016484208 0 0 0 0 0 0 0 0 0 0 0 0.5828734188 0 0 0.0006755539 0 0 0 0 0 0 0 
0 0 0 0 0 0 0 0 0 0.0014627581 0 0 0 0 0 0 0 0 0 0.0017665156 0 0 0.0029587581 0 0 0 0.9873048872 0 0 0 0 0 0 0 0 0 0.0065070809 0 0 0 0 0 0 0 0 0 0 0 0 0 
0 0 0 0 0 0 0 0 0 0 0 0 0 0 0.0040576508 0.0043145646 0 0 0 0 0 0 0 0 0 0 0 0.0012239300 0 0 0 0.4264131890 0 0 0.0087935314 0 0 0 0 0.3212783596 0 0 0 0 0 0 0 0 0.2127707322 0.0211480424 
0 0 0.1441731258 0 0 0 0 0 0 0 0 0 0 0 0 0 0.1269063896 0 0 0 0 0 0 0 0 0 0 0.0012867900 0.0089485922 0 0 0 0 0 0 0 0 0 0 0 0 0.7186851024 0 0 0 0 0 0 0 0 
0.0708540899 0 0.1833053129 0 0 0 0 0 0 0 0 0 0 0.0284269318 0 0 0.5972417561 0 0 0 0 0 0 0 0 0 0 0 0 0 0 0 0 0 0.0183757441 0.0383045886 0 0 0 0.0634915765 0 0 0 0 0 0 0 0 0 0 
0 0 0 0 0 0 0 0 0 0 0 0 0 0 0 0 0 0 0 0 0 0 0 0 0 0 0 0 0 0 0 0 0 0 0 0 0 0 0 1.0000000000 0 0 0 0 0 0 0 0 0 0 
0 0 0.0175942112 0 0 0 0.0148504427 0 0 0 0 0 0 0.1395792652 0 0.6040091034 0 0 0 0 0 0 0 0 0 0 0 0 0 0 0 0 0 0 0 0 0 0 0 0.2239669774 0 0 0 0 0 0 0 0 0 0 
0 0 0 0 0 0 0 0 0 0 0 0 0 0 0 0.0202737886 0 0.0130908758 0 0 0 0 0 0 0 0 0.3824029274 0 0 0.4015045327 0 0 0 0 0 0 0 0.1396021944 0 0 0 0 0 0.0431256811 0 0 0 0 0 0 
0 0 0 0 0 0 0 0.7564913403 0 0 0 0 0 0 0 0 0.1021422472 0 0 0 0 0 0.0205363802 0 0 0.0221562275 0 0.0015287230 0 0 0 0.0110414843 0 0 0 0 0.0694898250 0 0 0.0020836973 0 0 0 0 0.0145300753 0 0 0 0 0 
0 0 0 0 0 0 0 0 0 0 0 0 0 0 0 0.0432349164 0 0 0.2833180954 0 0 0 0 0 0 0 0.0214790092 0.0024711890 0 0 0 0 0 0 0 0 0.0839957272 0 0 0.5051287137 0 0 0.0009706549 0 0 0 0 0 0 0.0594016942 
0 0 0 0 0 0 0 0 0 0 0 0 0 0.0403403473 0 0.0063570642 0.0303452114 0 0 0 0 0 0 0 0 0 0 0 0 0 0 0 0 0 0 0 0 0 0 0.8784715755 0 0 0 0 0 0 0 0.0056054426 0 0.0388803591 
0 0 0 0 0 0 0 0 0 0 0 0 0 0.0870892127 0 0.0975037118 0 0 0 0 0 0 0 0 0 0 0 0 0 0 0 0 0 0 0 0 0 0 0 0.8154070755 0 0 0 0 0 0 0 0 0 0 
0.0465317224 0 0 0 0.0767710257 0 0 0 0 0 0 0 0 0 0 0 0.5104740768 0 0 0 0 0 0 0 0 0 0 0.0005176030 0 0 0 0 0 0 0.0145945582 0 0 0 0 0.3511110140 0 0 0 0 0 0 0 0 0 0 
0 0 0 0 0 0 0 0 0 0.0167537638 0 0 0 0 0 0 0 0.4506950362 0 0 0 0 0 0 0 0 0.5325512000 0 0 0 0 0 0 0 0 0 0 0 0 0 0 0 0 0 0 0 0 0 0 0 
0 0 0 0 0.0012557949 0 0 0.0609944456 0 0 0 0.0061084246 0 0 0 0 0.2606403995 0 0 0 0 0.0014681020 0 0.0010863641 0.0253862563 0 0 0.0042607790 0.0280672429 0 0 0 0.1058772494 0 0 0 0 0.0406122432 0 0 0.3419999540 0.0257628631 0.0017191894 0 0.0009836787 0 0.0937770131 0 0 0 
0 0 0 0 0 0 0 0.0955832893 0 0 0 0 0 0 0 0 0.4985741981 0 0 0 0 0 0 0 0 0 0 0.0010744919 0 0 0 0 0 0.1223547446 0 0 0 0 0 0.2824132761 0 0 0 0 0 0 0 0 0 0 
0 0 0.0571038240 0 0 0 0.0030882461 0 0 0 0 0 0 0.0815896302 0 0 0 0 0 0 0 0 0 0 0 0 0 0.0013593140 0 0 0 0.1971602941 0 0 0 0 0.0358965370 0 0 0.6155840464 0 0 0.0006386930 0 0 0.0075794152 0 0 0 0 
0 0 0 0 0 0 0 0 0 0.0148804745 0 0 0 0.0022552144 0 0 0 0.0495125665 0 0 0 0 0.0005416870 0 0 0.1286844865 0.7391238306 0.0029441378 0 0 0 0 0 0 0.0045669914 0 0 0.0110013464 0 0 0 0 0.0019001990 0.0200714714 0.0010233020 0 0 0.0234942925 0 0 
0 0 0.0005353257 0 0 0 0.0104262173 0 0 0 0 0 0 0.8003163835 0 0.0058770986 0 0 0 0 0 0 0 0 0 0 0 0 0 0 0 0 0 0 0 0 0 0 0 0.1828449748 0 0 0 0 0 0 0 0 0 0 
0 0 0.0035270406 0 0 0 0 0 0 0.0006015282 0 0 0 0.4131050273 0 0 0 0 0 0 0.2743169723 0 0 0.2336109459 0 0 0.0070515579 0 0 0 0 0 0 0 0 0 0 0 0 0 0 0 0 0 0 0.0045540134 0.0549149844 0 0.0083179300 0 
0.0629398113 0 0 0 0 0 0 0 0 0 0 0 0 0.0215134521 0 0 0.2978222478 0 0 0 0 0 0 0 0 0 0 0 0 0 0 0.4659569994 0 0 0 0 0 0 0 0.0399574654 0 0 0 0 0 0.0665650361 0 0 0 0.0452449879 
0 0 0 0 0 0 0 0 0 0 0 0 0 0 0 0 0 0 0 0 0 0 0 0 0 0 0 0 0 0 0 0 0 0 0.0698837190 0 0.0028101754 0 0 0.9273061056 0 0 0 0 0 0 0 0 0 0 
0 0 0.0087927148 0 0 0 0 0 0 0 0 0 0.0055437685 0 0 0 0.1509926115 0 0 0 0.0127186728 0 0 0 0 0 0 0.0005679829 0 0 0 0 0 0 0 0 0 0 0 0.0808840117 0 0 0 0 0.0470010373 0.6934992004 0 0 0 0 
0 0 0.0205946901 0 0 0 0 0 0.0030878606 0 0.5467540806 0 0 0.0425191951 0 0.0020580571 0 0 0.2141267852 0 0 0 0 0 0 0 0 0 0 0 0 0 0 0 0 0.1708593314 0 0 0 0 0 0 0 0 0 0 0 0 0 0 
0.2603606481 0 0.2801659091 0 0 0 0 0.0270970647 0 0 0 0 0 0.0179936438 0 0 0.2676781925 0 0 0 0 0 0 0 0 0 0 0.0008800918 0 0 0 0 0 0 0 0 0 0 0 0.1458244499 0 0 0 0 0 0 0 0 0 0 
0 0 0 0 0 0 0.0046976067 0 0 0 0 0 0.0267010362 0 0 0.0039748303 0.0171429069 0 0 0 0 0.2695454457 0 0 0 0 0 0 0 0 0 0 0 0 0.1072779491 0 0 0 0 0.5706602251 0 0 0 0 0 0 0 0 0 0 
0 0 0 0 0 0 0.0198891221 0 0 0 0 0 0 0 0 0 0.2844803484 0 0 0 0 0 0 0 0 0 0 0 0 0 0 0 0 0 0 0.0248877145 0 0 0 0.6707428149 0 0 0 0 0 0 0 0 0 0 
0 0 0 0 0 0 0 0 0 0 0 0 0 0.1335391125 0 0 0 0 0 0 0 0 0 0 0 0 0 0 0 0 0 0 0 0 0 0 0 0 0.0175135742 0 0 0 0 0 0 0 0 0 0 0.8489473134 
0 0 0 0 0 0 0 0 0 0 0 0 0 0 0 0 0 0.3837564670 0 0 0 0 0 0 0 0.0604263350 0.4491806726 0.0007587523 0 0.1002709396 0 0 0 0 0 0 0.0022114924 0.0028110255 0 0 0 0 0.0005843156 0 0 0 0 0 0 0 
0 0 0.0317362444 0 0 0 0.0014331009 0 0 0 0 0 0 0 0 0.0055749104 0 0 0 0 0 0 0 0 0 0 0 0.0004586287 0 0 0 0.0457305406 0 0 0 0.3658499682 0 0 0 0.5492166069 0 0 0 0 0 0 0 0 0 0 
0 0 0 0 0 0 0 0 0 0 0 0 0 0 0 0 0.7398466603 0 0 0 0 0 0 0 0 0 0 0 0 0 0 0 0 0 0 0 0 0 0 0.2601533397 0 0 0 0 0 0 0 0 0 0 
0 0 0 0 0 0 0 0 0 0 0 0 0 0 0.0098592173 0 0 0 0 0 0 0 0 0 0.1746730501 0 0.3222328560 0 0.3145243421 0.0221582834 0 0 0 0.1309774474 0 0 0 0 0 0 0 0.0255748037 0 0 0 0 0 0 0 0 
0 0 0 0 0 0 0 0 0 0 0 0 0 0 0 0 0 0 0 0 0 0 0 0 0 0 1.0000000000 0 0 0 0 0 0 0 0 0 0 0 0 0 0 0 0 0 0 0 0 0 0 0 
0 0 0 0 0 0 0 0 0 0 0 0 0 0 0 0 0 0 0 0 0 0 0 0 0 0 0.1858476576 0 0 0.8141523424 0 0 0 0 0 0 0 0 0 0 0 0 0 0 0 0 0 0 0 0 
0 0 0 0 0 0 0 0.0376945235 0 0 0 0 0 0 0 0 0 0 0.0558411603 0 0 0.0262036138 0 0 0 0 0.5573038401 0 0 0.1529121987 0 0 0 0 0 0 0 0 0.0432090970 0 0 0 0.1268355666 0 0 0 0 0 0 0 
0 0 0 0 0 0 0 0 0 0 0 0 0 0 0 0 0 0 0 0 0 0 0 0 0 0 0.5723197414 0 0 0.4080109174 0 0 0 0.0196693411 0 0 0 0 0 0 0 0 0 0 0 0 0 0 0 0 
0 0 0 0 0 0 0 0 0 0 0 0 0 0 0 0 0 0 0 0 0 0 0 0 0 0 0.4800750567 0 0 0.3423158340 0.0213611126 0 0 0 0 0 0 0 0 0 0.0346206778 0.1216273189 0 0 0 0 0 0 0 0 
0 0 0 0 0 0 0 0 0 0 0 0 0 0 0 0 0 0 0 0 0 0 0 0 0 0 0.9633502960 0 0 0.0366497040 0 0 0 0 0 0 0 0 0 0 0 0 0 0 0 0 0 0 0 0 
0 0 0 0 0 0 0 0 0 0 0 0 0 0 0 0 0 0.0314087265 0 0 0 0 0 0 0 0 0.5199758970 0 0 0 0 0 0 0.1361588814 0 0 0 0 0 0 0 0 0 0.3124564951 0 0 0 0 0 0 
0.0125041570 0 0 0 0 0 0.0031020360 0 0 0 0 0.1208539854 0 0 0 0 0 0 0 0 0 0 0 0 0 0 0.5331703627 0 0 0 0 0 0.2786446611 0 0 0 0 0 0 0 0 0 0 0 0 0 0 0.0517247978 0 0 
0 0 0 0 0 0 0 0.0759725878 0 0 0 0 0 0 0 0 0 0 0 0 0 0.2985164428 0 0 0 0 0 0 0 0.4322975680 0 0 0 0.1476881597 0 0 0 0 0 0 0 0 0 0 0 0.0455252417 0 0 0 0 
0 0 0 0 0 0 0 0 0 0 0 0 0 0 0 0 0 0 0 0 0 0 0 0.0033468752 0.7357011656 0 0.0231259771 0 0.2250550410 0 0 0 0 0.0127709411 0 0 0 0 0 0 0 0 0 0 0 0 0 0 0 0 
0.0143895100 0 0 0 0 0 0 0 0 0 0 0 0 0 0 0 0 0 0 0 0 0 0 0 0 0 0.5147918920 0 0.4708185980 0 0 0 0 0 0 0 0 0 0 0 0 0 0 0 0 0 0 0 0 0 
0 0 0 0 0 0 0 0 0 0 0 0 0 0 0 0 0 0 0 0 0 0 0 0.0536237476 0 0 0.1998934125 0 0 0.7464828399 0 0 0 0 0 0 0 0 0 0 0 0 0 0 0 0 0 0 0 0 
0 0 0.0275077678 0 0 0 0.0013617687 0 0 0 0 0 0 0 0 0 0 0 0 0 0 0 0 0 0 0 0.7536725867 0 0 0 0.2174578767 0 0 0 0 0 0 0 0 0 0 0 0 0 0 0 0 0 0 0 
0 0 0 0 0 0 0 0 0 0 0 0 0 0 0 0 0 0 0 0 0 0 0 0 0 0 0.7606498969 0 0 0 0 0.0862324477 0 0 0 0 0 0 0 0 0 0.1531176555 0 0 0 0 0 0 0 0 
0 0 0 0 0.0101609632 0 0 0.0848194262 0 0 0 0 0 0 0 0 0 0 0 0 0 0 0 0 0 0 0.6853795837 0 0.2196400269 0 0 0 0 0 0 0 0 0 0 0 0 0 0 0 0 0 0 0 0 0 
0 0 0 0.0751967610 0 0 0 0.0066857554 0.0229855656 0 0 0 0 0 0.7072222606 0 0 0 0 0 0 0.0001762897 0 0 0 0 0.1848626908 0.0002978744 0 0 0 0 0.0025728025 0 0 0 0 0 0 0 0 0 0 0 0 0 0 0 0 0 
0 0 0 0 0 0 0 0 0 0 0 0 0 0 0.7530557307 0 0 0 0 0 0 0 0 0 0 0 0.1821139384 0 0 0 0 0 0 0 0 0 0 0 0 0 0 0 0 0 0.0229473702 0.0165127377 0 0 0.0253702231 0 
0 0 0 0 0 0 0 0 0 0 0 0 0 0 0 0 0 0 0 0 0 0 0 0 0 0 1.0000000000 0 0 0 0 0 0 0 0 0 0 0 0 0 0 0 0 0 0 0 0 0 0 0 
0 0.1559376908 0 0.0267020092 0 0.1665617510 0.0017019290 0 0 0.0186259889 0 0 0 0 0 0 0 0.1342148041 0 0 0 0.0075386063 0 0 0 0 0.1877789109 0 0 0.2822491738 0 0 0 0 0 0 0 0 0 0 0 0 0 0 0 0 0.0186891361 0 0 0 
0.0139176823 0 0 0 0 0 0 0 0 0 0 0 0 0 0 0 0 0 0 0 0 0 0 0.3176432953 0 0 0.6092062853 0 0 0.0121931501 0.0470395870 0 0 0 0 0 0 0 0 0 0 0 0 0 0 0 0 0 0 0 
0 0 0 0.3795355239 0 0 0 0 0 0 0 0 0 0 0 0 0 0 0 0 0 0.0013046153 0 0 0 0 0.2283043652 0.0023253460 0.2238298996 0 0 0 0 0 0 0 0 0 0 0 0 0 0.0011938160 0.1635064340 0 0 0 0 0 0 
0 0 0 0 0 0 0 0 0 0 0 0 0 0 0 0 0 0 0 0 0 0 0 0 0 0 0.2432010911 0 0 0.7567989089 0 0 0 0 0 0 0 0 0 0 0 0 0 0 0 0 0 0 0 0 
0 0 0 0 0 0 0 0 0.0342645645 0 0 0 0 0 0 0 0 0 0 0 0 0 0 0 0 0 0.9016264476 0 0 0 0 0 0 0 0 0 0 0 0.0641089879 0 0 0 0 0 0 0 0 0 0 0 
0 0 0 0 0 0 0 0.0352689264 0 0 0 0 0 0 0.2483049015 0 0 0 0 0 0 0.0119028199 0 0 0 0 0.2654335723 0 0 0.3942165743 0.0317993441 0 0 0.0130738615 0 0 0 0 0 0 0 0 0 0 0 0 0 0 0 0 
0 0 0 0.0059122975 0.0487133922 0 0 0.4929795904 0 0 0 0 0 0 0.1660679483 0 0 0 0 0 0 0.0558962855 0 0.0013336537 0 0 0 0.0041717727 0.1361130625 0 0 0 0 0 0 0.0861391011 0 0 0 0 0 0 0.0017631423 0 0.0009097539 0 0 0 0 0 
0 0 0 0 0 0 0 0 0 0 0 0 0 0 0 0 0 0 0 0 0 0 0 0 0 0 1.0000000000 0 0 0 0 0 0 0 0 0 0 0 0 0 0 0 0 0 0 0 0 0 0 0 
0 0 0 0 0 0 0 0 0 0 0 0 0 0 0 0 0 0 0 0 0 0 0 0 0 0 0 0 0 1.0000000000 0 0 0 0 0 0 0 0 0 0 0 0 0 0 0 0 0 0 0 0 
0 0 0 0 0 0 0 0 0 0 0 0 0 0 0.0284344553 0 0 0 0 0 0 0 0 0 0 0 0.9155063992 0 0 0 0 0 0 0.0103621120 0 0 0 0 0 0 0 0 0 0 0.0456970334 0 0 0 0 0 
0 0 0 0 0 0 0 0 0 0 0 0 0 0 0 0 0 0 0 0 0 0.0014382621 0 0.0012723730 0 0.0172927615 0.1850389240 0.0030438710 0.4386822506 0.0933059892 0 0 0 0.2539749177 0 0 0.0031608763 0 0 0 0 0 0.0019390117 0 0.0008507630 0 0 0 0 0 
0 0 0 0 0 0 0 0 0 0 0 0 0 0 0 0 0 0 0 0 0 0.0005279382 0 0.0164498301 0 0 0.0012218243 0.0009690974 0 0.0199203338 0.7072993234 0 0 0.2536116528 0 0 0 0 0 0 0 0 0 0 0 0 0 0 0 0 
0 0 0 0 0 0 0 0 0 0 0 0 0 0 0 0 0 0 0 0 0 0 0 0 0 0 0.4092918325 0.0010367634 0 0 0 0.0176657369 0.4426842247 0 0 0 0 0 0.0684108312 0 0 0 0 0 0 0 0.0180856628 0 0 0.0428249486 
0 0 0 0 0 0 0 0.0110205195 0 0 0 0 0 0 0.0628092168 0 0 0 0 0 0 0 0 0 0 0 0.8994476264 0 0 0.0059478372 0 0.0207748002 0 0 0 0 0 0 0 0 0 0 0 0 0 0 0 0 0 0 
0 0 0 0 0 0 0 0 0 0 0 0 0 0 0 0 0 0 0 0 0 0 0 0 0 0 1.0000000000 0 0 0 0 0 0 0 0 0 0 0 0 0 0 0 0 0 0 0 0 0 0 0 
0 0 0 0 0 0 0 0 0 0 0 0.0514475376 0 0 0 0 0 0 0 0 0 0 0 0 0.2846884985 0 0.1730862517 0 0.0934643090 0.3548628492 0 0.0424505540 0 0 0 0 0 0 0 0 0 0 0 0 0 0 0 0 0 0 
0 0 0 0 0 0 0 0 0 0 0 0 0 0 0 0 0 0 0 0 0 0 0 0 0 0 1.0000000000 0 0 0 0 0 0 0 0 0 0 0 0 0 0 0 0 0 0 0 0 0 0 0 
0 0 0 0 0 0.0264247895 0 0 0 0 0 0 0 0 0 0 0 0 0 0 0 0 0 0 0 0 0 0 0 0.5840318408 0 0 0 0.2368981019 0 0 0 0 0.0435336330 0 0 0 0 0 0 0.1091116347 0 0 0 0 
0 0 0 0 0 0 0 0 0 0 0 0 0 0 0 0 0 0 0 0 0 0 0 0 0 0 1.0000000000 0 0 0 0 0 0 0 0 0 0 0 0 0 0 0 0 0 0 0 0 0 0 0 
0 0 0 0 0.3524235577 0 0 0 0 0 0 0 0 0 0.0967855100 0 0 0 0 0 0 0.0148432429 0 0 0 0 0.5245308250 0 0 0 0 0.0067148072 0 0 0 0 0 0 0 0.0047020571 0 0 0 0 0 0 0 0 0 0 
0 0 0 0 0 0 0 0.0192688454 0 0 0 0 0 0 0 0 0 0 0 0 0 0 0 0 0 0 0.5169705673 0 0.4004760405 0.0632845468 0 0 0 0 0 0 0 0 0 0 0 0 0 0 0 0 0 0 0 0 
0 0 0 0 0 0 0 0 0 0 0 0 0 0 0 0 0.0127867497 0 0 0 0 0.5547567155 0 0 0 0 0.4308502748 0 0 0 0 0 0 0 0 0 0 0 0 0.0016062600 0 0 0 0 0 0 0 0 0 0 
0 0 0 0 0 0 0 0 0 0 0 0 0 0 0 0 0 0 0 0 0 0 0 0 0 0 0.9784817097 0 0 0 0 0 0 0 0 0 0 0 0 0 0 0 0 0 0 0 0 0.0215182903 0 0 
0 0 0 0.0156874426 0 0 0 0.0028501099 0 0 0 0 0 0 0 0 0 0 0 0 0 0 0 0.1933060620 0 0 0.3990969480 0 0 0.0545782405 0 0 0 0 0 0 0 0 0 0.0022434466 0 0 0.1292664751 0.2029712753 0 0 0 0 0 0 
0 0 0 0.0313850557 0.0584352198 0 0 0 0 0 0 0 0 0 0 0 0 0 0 0 0 0 0 0.1164435448 0 0 0.2777231252 0 0.0370431606 0.4284900148 0 0 0 0 0 0 0 0 0 0 0 0 0.0504798790 0 0 0 0 0 0 0 
0 0 0 0.0099893215 0.7308996853 0 0 0 0 0 0 0 0 0 0.0082994600 0 0 0 0 0 0 0 0 0 0 0 0.2119346473 0 0.0248461367 0.0140307491 0 0 0 0 0 0 0 0 0 0 0 0 0 0 0 0 0 0 0 0 
0 0 0 0 0.0418311842 0 0 0 0 0 0 0 0 0 0 0 0 0 0 0 0 0 0 0 0 0 0.7503206272 0 0 0.1853355354 0 0 0 0.0143990294 0 0 0 0 0 0 0 0 0 0 0.0081136238 0 0 0 0 0 
0 0 0 0 0 0 0 0.0282600535 0 0 0 0 0 0 0.0908329203 0 0 0 0 0 0 0.0210219233 0 0 0 0 0.8598851029 0 0 0 0 0 0 0 0 0 0 0 0 0 0 0 0 0 0 0 0 0 0 0 
0 0 0 0 0 0 0 0.0321487432 0 0 0 0 0 0 0 0 0 0 0 0 0 0.1031202069 0 0.0625668430 0 0 0.6087580867 0 0.1024588014 0.0909473189 0 0 0 0 0 0 0 0 0 0 0 0 0 0 0 0 0 0 0 0 
0 0 0 0 0 0 0 0 0 0 0 0 0 0 0 0 0 0 0 0 0 0 0 0 0 0 0.0434180096 0 0 0.7301313445 0 0 0 0.2264506459 0 0 0 0 0 0 0 0 0 0 0 0 0 0 0 0 
0 0 0 0 0 0 0 0 0 0 0 0 0 0 0 0 0 0.0048533460 0 0 0 0 0 0 0 0 0.2091780977 0 0 0.7809947069 0 0 0 0.0049738493 0 0 0 0 0 0 0 0 0 0 0 0 0 0 0 0 
0 0 0 0 0 0 0 0 0.0434027459 0 0 0 0 0 0 0 0 0 0 0 0 0 0 0.0463138039 0 0 0.9028735924 0 0 0 0 0 0 0 0 0 0 0 0.0074098579 0 0 0 0 0 0 0 0 0 0 0 
0 0 0 0 0 0 0 0 0 0 0 0 0 0 0 0 0 0 0 0 0 0 0 0 0 0 0.4353016891 0 0 0.0813943644 0 0 0 0.4374011301 0 0 0 0 0 0 0 0 0 0.0459028164 0 0 0 0 0 0 
0 0 0 0 0 0 0 0.0198704914 0 0 0 0 0 0 0 0 0 0 0 0 0 0 0 0 0 0 0.2095770597 0 0 0.6417369566 0.0451266951 0 0 0 0 0.0836887971 0 0 0 0 0 0 0 0 0 0 0 0 0 0 
0 0 0 0 0 0 0 0 0 0 0 0 0 0 0 0 0 0 0 0 0 0 0 0 0 0 0 0 0.4616809583 0.4110232436 0 0 0 0.0571454213 0 0 0 0 0 0 0 0.0701503769 0 0 0 0 0 0 0 0 
0 0 0 0 0 0 0 0 0 0 0 0 0 0 0 0 0 0 0 0 0 1.0000000000 0 0 0 0 0 0 0 0 0 0 0 0 0 0 0 0 0 0 0 0 0 0 0 0 0 0 0 0 
0 0 0 0 0 0 0 0 0 0 0 0 0 0 0 0 0 0 0 0 0 0 0 0 0 0 1.0000000000 0 0 0 0 0 0 0 0 0 0 0 0 0 0 0 0 0 0 0 0 0 0 0 
0 0 0 0 0.1369287178 0.0205208390 0 0 0 0 0 0.3476648937 0 0 0.0559501118 0 0 0 0 0 0 0 0 0 0 0 0.2569341770 0 0 0.1820012607 0 0 0 0 0 0 0 0 0 0 0 0 0 0 0 0 0 0 0 0 
0 0 0 0.1974496114 0 0 0 0 0 0 0 0 0 0 0 0 0 0 0 0 0 0 0 0 0 0 0.6621765661 0 0 0 0 0 0 0 0 0.1269845118 0 0 0 0.0133893107 0 0 0 0 0 0 0 0 0 0 
0 0 0 0 0 0 0 0 0 0 0 0 0 0 0 0 0 0 0 0 0 0 0 0 0 0 1.0000000000 0 0 0 0 0 0 0 0 0 0 0 0 0 0 0 0 0 0 0 0 0 0 0 
0 0 0 0 0 0 0 0.0468621127 0 0 0.0340712614 0 0 0 0.3290243764 0 0 0 0 0 0 0.0012041602 0 0 0 0 0 0.0026453081 0.1700664938 0 0 0 0 0 0 0 0 0 0.3028553007 0 0 0.1119759807 0.0012950062 0 0 0 0 0 0 0 
0 0 0 0 0 0 0 0 0 0 0 0 0 0 0.0622226670 0 0 0 0 0 0 0 0 0 0 0 0.9377773330 0 0 0 0 0 0 0 0 0 0 0 0 0 0 0 0 0 0 0 0 0 0 0 
0 0 0 0 0 0 0 0 0 0 0 0 0 0 0 0 0 0 0 0 0 0 0 0 0 0 0.1462646873 0 0.7973413635 0.0563939492 0 0 0 0 0 0 0 0 0 0 0 0 0 0 0 0 0 0 0 0 
0 0 0 0 0 0 0 0 0 0 0 0.0169963576 0 0 0 0 0 0 0 0 0 0 0 0 0 0 0.8888777247 0 0 0.0941259177 0 0 0 0 0 0 0 0 0 0 0 0 0 0 0 0 0 0 0 0 
0 0 0 0 0 0 0 0 0 0 0 0 0 0 0 0.0088664165 0 0 0 0 0 0 0 0 0 0 0.7011140905 0 0 0 0 0 0 0 0 0 0 0 0 0 0 0.2900194930 0 0 0 0 0 0 0 0 
0.0742182972 0 0 0.0571131490 0 0 0 0 0 0 0 0 0 0 0.1022966746 0 0 0 0 0 0 0 0 0 0 0 0.6468441271 0 0 0 0.1111867576 0 0 0 0 0 0 0 0.0083409945 0 0 0 0 0 0 0 0 0 0 0 
0.0356458510 0 0 0 0 0 0 0 0 0 0 0 0 0 0.0458637769 0 0 0 0 0 0 0 0 0 0 0 0.2995534157 0 0 0.2186504261 0 0 0 0.0882146801 0 0.1137211883 0.0011912637 0 0 0 0 0 0 0 0.1800437879 0.0171156104 0 0 0 0 
0 0 0 0 0 0 0 0 0 0 0 0.0342392749 0 0 0 0 0 0.1209394397 0.0273182201 0 0 0 0 0.0173876551 0 0 0.3165074725 0 0 0.4836079377 0 0 0 0 0 0 0 0 0 0 0 0 0 0 0 0 0 0 0 0 
0.0199663983 0 0 0 0 0 0 0 0 0 0 0 0 0 0.1245000669 0 0 0 0 0 0 0 0.0059005481 0.1883732335 0 0 0.2646613966 0 0 0.3965983566 0 0 0 0 0 0 0 0 0 0 0 0 0 0 0 0 0 0 0 0 
0 0 0 0 0 0 0 0 0 0 0 0 0 0 0 0 0 0 0 0 0 0 0 0 0.0613953288 0.0044606627 0.3212961121 0 0 0.3458286769 0.0167236328 0 0 0.1163087814 0.0180946852 0 0 0 0 0 0 0.1158921201 0 0 0 0 0 0 0 0 
0 0 0 0 0 0 0 0 0 0 0 0 0 0 0 0 0 0 0 0.0095276422 0 0 0 0 0 0 0.4848843212 0 0 0.2059726917 0 0 0 0 0 0 0 0 0 0 0 0 0 0.2996153450 0 0 0 0 0 0 
0 0 0 0 0 0 0 0 0 0 0 0 0 0 0.0366357063 0 0 0 0 0 0 0 0 0 0 0 0.1833818475 0 0.1744745124 0.5902440850 0 0 0 0 0 0.0152638488 0 0 0 0 0 0 0 0 0 0 0 0 0 0 
0 0 0 0 0 0 0 0 0 0 0 0 0 0 0 0 0 0 0 0 0 0.0494370840 0 0 0.0220463035 0 0.3610439639 0 0.5578834690 0 0 0.0051521913 0 0 0 0 0 0 0 0.0044369883 0 0 0 0 0 0 0 0 0 0 
0.1455084226 0 0 0 0 0 0 0.1301076185 0.0043416808 0 0 0 0 0 0.0650394362 0 0 0 0 0 0.0040539154 0 0 0.4300237285 0 0 0 0 0 0.0065382816 0 0 0.0091168376 0 0 0 0 0 0 0 0.2017428063 0 0 0 0 0 0 0 0.0035272726 0 
0 0 0 0 0.1168280400 0 0 0 0 0 0 0 0 0 0 0 0 0.0066329301 0 0 0 0 0 0 0 0 0.7515656575 0 0 0.1118489298 0 0 0 0 0 0 0 0 0 0 0.0131244426 0 0 0 0 0 0 0 0 0 
0 0 0 0 0 0 0 0 0 0 0 0 0 0 0 0 0 0 0 0 0 0 0 0 0 0 0.4005619916 0 0 0.5994380084 0 0 0 0 0 0 0 0 0 0 0 0 0 0 0 0 0 0 0 0 
0 0 0 0.1139424475 0.1162650936 0 0 0 0 0 0 0 0 0 0 0 0.0173049741 0 0 0 0 0 0 0 0 0 0.6692250522 0 0 0 0 0 0 0.0716815339 0 0 0 0 0 0 0 0 0.0115808986 0 0 0 0 0 0 0 
0 0 0 0 0 0 0 0 0 0 0 0 0 0 0 0 0 0 0 0 0 0 0 0 0 0 1.0000000000 0 0 0 0 0 0 0 0 0 0 0 0 0 0 0 0 0 0 0 0 0 0 0 
0 0 0 0.0093749938 0 0 0 0.0174817371 0 0 0 0 0 0 0.5103200408 0 0 0 0 0 0 0 0 0 0 0 0.4142962309 0 0 0 0 0 0 0 0 0 0 0 0.0101080190 0 0 0 0 0.0384189785 0 0 0 0 0 0 
0 0 0 0 0 0 0 0 0 0 0 0 0 0 0 0 0 0 0 0 0 0 0 0 0 0 0.6170763690 0 0 0.3682491791 0 0 0 0.0146744519 0 0 0 0 0 0 0 0 0 0 0 0 0 0 0 0 
0 0 0 0 0 0 0 0 0 0 0 0 0 0 0 0 0 0 0 0 0 0 0 0 0 0 0 0 0.3226310360 0.5087673479 0 0.0287450586 0 0.1398565576 0 0 0 0 0 0 0 0 0 0 0 0 0 0 0 0 
0 0 0 0 0 0 0 0 0 0 0 0 0 0 0 0 0 0 0 0 0 0 0 0 0 0 1.0000000000 0 0 0 0 0 0 0 0 0 0 0 0 0 0 0 0 0 0 0 0 0 0 0 
0 0 0 0 0.2347692754 0 0 0 0 0 0 0.0594770273 0 0 0 0 0 0 0 0 0 0 0 0 0 0 0 0 0 0.0398150916 0 0 0 0.6061013096 0 0 0 0 0 0 0 0 0 0 0 0.0598372961 0 0 0 0 
0 0 0 0 0 0 0 0 0 0 0 0 0 0 0.0517316748 0 0 0 0 0 0 0 0 0 0.0389042913 0 0.9093640338 0 0 0 0 0 0 0 0 0 0 0 0 0 0 0 0 0 0 0 0 0 0 0 
0.0711824684 0 0 0 0 0 0 0 0 0 0 0 0 0 0.1146850054 0 0 0 0 0 0 0 0 0 0 0 0.1560166998 0.0009430488 0.0418937045 0.5603991160 0 0.0337613570 0 0 0 0 0 0 0 0 0 0 0 0 0.0211186001 0 0 0 0 0 
0 0 0 0 0 0 0 0 0 0 0 0.0091757484 0 0 0 0 0 0 0 0 0 0 0 0 0 0 0.7771925722 0 0 0.1717188342 0 0 0 0.0419128451 0 0 0 0 0 0 0 0 0 0 0 0 0 0 0 0 
0 0 0 0 0 0 0 0 0 0 0 0 0 0 0 0 0 0 0 0 0 0 0 0 0 0 0.5502443774 0 0 0.2107701942 0 0 0 0.2389854284 0 0 0 0 0 0 0 0 0 0 0 0 0 0 0 0 
0 0 0 0 0 0 0 0 0 0 0 0 0 0 0 0 0 0 0 0 0 0 0 0 0 0 0.9784776422 0 0 0 0 0 0 0.0215223578 0 0 0 0 0 0 0 0 0 0 0 0 0 0 0 0 
0 0 0 0 0 0 0 0 0 0 0 0 0 0 0 0 0.0130505965 0 0 0 0 0 0 0 0 0 0.8367170044 0 0 0.1052353235 0 0 0 0.0262178418 0 0.0096760690 0 0 0 0.0091031648 0 0 0 0 0 0 0 0 0 0 
0 0 0 0 0 0 0 0 0 0 0 0 0 0 0 0 0.0316222066 0 0 0 0 0 0 0 0 0 0.5673206380 0 0 0.3307393695 0 0 0 0.0158907426 0 0.0544270433 0 0 0 0 0 0 0 0 0 0 0 0 0 0 
0 0 0 0 0 0 0 0 0 0 0 0 0 0 0.0020763854 0 0 0 0 0 0 0.0508533346 0 0.0109368852 0 0.0315386898 0.8443829371 0 0 0 0 0 0 0 0 0 0 0 0.0293084618 0 0 0 0 0 0.0309033061 0 0 0 0 0 
0 0 0 0.0104006436 0 0 0 0 0.0255613417 0 0 0 0 0 0 0 0 0.1136176204 0 0 0 0 0 0 0 0 0.8504203942 0 0 0 0 0 0 0 0 0 0 0 0 0 0 0 0 0 0 0 0 0 0 0 
0 0 0 0 0.3345725518 0 0 0.0238943132 0 0 0 0 0 0 0 0 0 0 0 0 0 0.0118418737 0 0 0 0 0 0 0.0097807395 0.4362797060 0.0171810924 0 0 0.1449290772 0 0.0215206462 0 0 0 0 0 0 0 0 0 0 0 0 0 0 
0 0 0 0 0 0 0 0 0 0 0 0 0 0 0 0 0 0 0 0 0 0 0 0 0 0 0.6290377903 0 0 0.0304079516 0.0393381007 0 0 0 0 0 0 0 0 0 0.3012161574 0 0 0 0 0 0 0 0 0 
0 0 0 0 0.1360096963 0 0 0 0 0 0 0.0045227937 0 0 0 0 0 0 0 0 0 0 0 0 0 0 0.8540762407 0 0.0053912693 0 0 0 0 0 0 0 0 0 0 0 0 0 0 0 0 0 0 0 0 0 
0 0 0 0 0 0 0 0 0 0 0 0.0304175329 0 0 0 0 0 0.0050043723 0 0 0 0 0 0 0 0 0.4802070418 0 0 0.3769271761 0 0 0 0.1074438769 0 0 0 0 0 0 0 0 0 0 0 0 0 0 0 0 
0 0 0 0 0 0 0.0025839064 0.0210626005 0 0 0 0 0 0 0 0 0.0321749174 0 0 0 0 0 0 0 0 0 0 0 0 0.4736958546 0 0.0631898962 0 0.4072928249 0 0 0 0 0 0 0 0 0 0 0 0 0 0 0 0 
0 0 0 0 0 0 0 0 0 0.0259743554 0 0 0 0 0 0 0 0 0 0 0 0 0 0 0.1439127376 0 0 0 0 0.6023422875 0 0 0 0 0 0 0 0.0202391107 0 0 0.0464083798 0 0 0 0 0 0 0.1611231289 0 0 
0.0174264952 0 0 0 0 0 0 0 0 0 0.0174405066 0 0.0101611841 0 0 0 0 0 0 0 0.0058308236 0 0 0 0 0.0031186574 0.2483543394 0 0.2958342907 0.2128628701 0.0414877120 0 0 0 0 0 0 0 0.0270570928 0 0.1204260281 0 0 0 0 0 0 0 0 0 
0 0 0 0 0 0 0 0 0 0 0 0 0 0 0.0846151561 0 0 0 0 0 0 0 0 0 0 0 0.2795092003 0 0 0.5767070408 0 0 0 0 0 0 0 0 0.0433506980 0.0158179049 0 0 0 0 0 0 0 0 0 0 
0 0 0 0 0 0 0 0 0 0 0 0 0 0 0 0 0 0 0 0 0 0 0 1.0000000000 0 0 0 0 0 0 0 0 0 0 0 0 0 0 0 0 0 0 0 0 0 0 0 0 0 0 
0 0 0.0142239970 0 0 0 0 0 0 0.1017732713 0 0.5082842237 0 0 0 0 0.0039681998 0 0 0 0 0.0297778275 0 0 0 0.0013784754 0.3190026111 0.0012909802 0 0 0 0 0 0 0 0 0 0 0 0 0 0 0.0007612895 0 0 0 0 0.0195391243 0 0 
0 0 0.0081249257 0.7025788429 0 0 0 0 0 0.0032287609 0 0.0014878809 0 0 0 0 0 0 0 0 0.1572138099 0 0 0 0 0 0 0 0 0 0 0 0 0 0 0 0 0.0083505344 0 0 0 0 0.1190152454 0 0 0 0 0 0 0 
0 0 0 0 0 0 0 0 0.0859418021 0 0 0 0 0.0025346821 0 0.5781221424 0 0 0 0 0 0 0 0 0 0 0.0196942325 0.0004939661 0 0.0093618878 0 0 0 0 0.2357478288 0 0 0 0 0.0681034581 0 0 0 0 0 0 0 0 0 0 
0 0 0 0 0 0 0 0 0 0.2576511734 0 0 0 0.7290386960 0 0 0 0 0 0.0133101306 0 0 0 0 0 0 0 0 0 0 0 0 0 0 0 0 0 0 0 0 0 0 0 0 0 0 0 0 0 0 
0 0 0 0 0 0 0 0 0 0 0 0 0 0 0 0.3814639251 0 0 0 0 0 0 0 0 0 0 0 0 0 0 0.0027920635 0 0 0 0 0 0 0 0 0.0036505737 0 0 0 0 0 0.6120934377 0 0 0 0 
0 0 0 0 0 0 0 0 0 0.1779333570 0 0 0 0 0 0 0 0 0 0.0164545486 0 0 0 0 0.8045601741 0 0 0.0010519204 0 0 0 0 0 0 0 0 0 0 0 0 0 0 0 0 0 0 0 0 0 0 
0 0 0 0 0.0010878394 0 0.0156776385 0 0 0.1507810616 0 0.0746659763 0 0 0 0.1976243991 0.3549204075 0 0 0 0 0.0013845260 0.1988645961 0 0 0 0 0.0038395795 0 0 0 0 0 0 0 0 0 0 0 0 0 0 0.0011539761 0 0 0 0 0 0 0 
0 0 0 0 0 0 0 0 0 0.9963455478 0 0 0 0 0 0 0 0 0 0 0.0036544522 0 0 0 0 0 0 0 0 0 0 0 0 0 0 0 0 0 0 0 0 0 0 0 0 0 0 0 0 0 
0 0 0 0 0 0 0 0 0 0.1231181379 0 0 0 0 0 0 0 0 0 0 0 0 0 0 0 0 0 0 0 0 0 0 0 0 0 0 0 0 0 0 0 0 0 0 0 0 0.8768818621 0 0 0 
0 0 0.6886706191 0 0 0 0 0 0 0.2841428704 0 0 0 0.0088355120 0 0 0 0 0.0117604655 0 0 0 0 0 0 0 0 0 0 0 0 0 0 0 0 0 0 0.0065905329 0 0 0 0 0 0 0 0 0 0 0 0 
0 0 0 0 0 0 0 0 0 0 0 0 0 0 0 0 0 0 0 0 0 0 0 0 0 0 0 0 0 0 0 0 0 0 0 0 0 0 0 0 0 0 0 0 0 0 1.0000000000 0 0 0 
0 0 0.1195888684 0 0 0 0 0 0 0 0 0 0 0 0 0.1123441291 0 0 0 0 0 0 0 0 0 0 0 0.0016220864 0 0 0 0 0 0 0 0 0 0 0 0 0 0 0 0 0 0 0.2130758701 0 0 0.5533690460 
0 0 0.0030150764 0.3046073682 0 0 0 0 0 0.3011556898 0 0 0 0 0 0 0 0.0538389776 0 0 0.2523618469 0 0 0 0 0 0 0.0008157503 0 0 0.0075539556 0 0.0766513352 0 0 0 0 0 0 0 0 0 0 0 0 0 0 0 0 0 
0 0 0 0 0 0 0 0 0 0 0 0 0 1.0000000000 0 0 0 0 0 0 0 0 0 0 0 0 0 0 0 0 0 0 0 0 0 0 0 0 0 0 0 0 0 0 0 0 0 0 0 0 
0 0 0 0 0 0 0 0 0 0 0 0 0 0 0 0.9073466631 0 0 0 0 0 0 0 0 0 0 0 0 0 0 0 0 0 0 0 0 0 0 0 0 0 0 0 0 0 0 0.0926533369 0 0 0 
0 0.0047537735 0 0 0 0 0 0 0 0.7549998192 0 0 0 0 0 0 0 0 0 0 0.2370779111 0 0 0 0 0 0 0.0022071655 0 0 0 0 0 0 0 0 0 0 0 0 0 0 0.0009613307 0 0 0 0 0 0 0 
0.1018075943 0.3438392586 0 0.2905983594 0 0 0 0 0 0 0 0 0 0 0 0.0051681877 0 0 0 0 0.0174519248 0 0 0 0 0 0 0.0018705497 0 0 0 0 0 0 0 0 0.0027106471 0 0 0 0 0 0.0010465888 0 0 0.2355068897 0 0 0 0 
0 0 0 0 0 0 0 0 0.0832346699 0.5792733914 0 0 0 0 0.1691156004 0 0 0 0.0457177055 0 0.0074350864 0 0 0 0 0 0.0729581633 0.0009747615 0 0 0 0.0312243355 0 0 0 0 0 0 0 0 0 0 0 0 0 0 0.0100662862 0 0 0 
0 0 0.0085107748 0 0 0 0 0 0 0.0014138480 0 0 0 0 0 0 0 0 0 0 0 0 0 0 0 0 0 0 0 0 0 0 0 0 0 0 0 0 0.1634932577 0 0 0 0 0.0664818050 0 0 0.7601003145 0 0 0 
0 0 0 0 0 0 0 0 0 0 0 0 0 0 0 0 0 0 0 0 1.0000000000 0 0 0 0 0 0 0 0 0 0 0 0 0 0 0 0 0 0 0 0 0 0 0 0 0 0 0 0 0 
0 0 0 0 0 0 0.0002537921 0 0 0.0022676895 0 0 0 0 0 0 0 0 0 0 0 0 0.0011978680 0 0 0 0.1168495057 0.0006463497 0 0 0 0 0 0 0 0 0 0 0 0 0 0.8784611024 0.0003236926 0 0 0 0 0 0 0 
0 0 0 0 0 0 0 0 0 0.7578506356 0 0 0 0.0055871448 0 0.0549274933 0 0 0.0044838113 0 0.0044832511 0 0 0 0 0 0 0.0009891904 0 0 0.0060078065 0 0 0 0 0 0 0 0 0 0 0 0 0 0 0 0.1656706671 0 0 0 
0 0 0 0.8575890993 0 0 0 0 0 0 0 0 0 0.0051269531 0 0 0 0 0 0 0 0 0 0 0 0 0 0 0 0 0 0.1372839476 0 0 0 0 0 0 0 0 0 0 0 0 0 0 0 0 0 0 
0 0 0 0 0 0 0 0 0 0.5067087537 0 0 0 0 0 0 0 0 0 0 0.0073853323 0 0 0 0 0 0 0 0 0 0 0 0.0031743769 0 0 0 0 0 0 0 0 0 0 0 0 0 0.4827315371 0 0 0 
0 0 0.0168607497 0 0 0 0 0 0 0.2103168593 0 0 0 0.7592968721 0 0 0 0 0 0.0038645744 0.0079849518 0 0 0 0 0 0 0 0 0 0 0 0 0 0 0 0 0 0 0 0 0 0 0 0 0 0 0 0 0.0016759926 
0 0.2031064913 0 0 0 0 0.0018786532 0 0 0.0023740850 0 0 0.0100736795 0 0 0.0110495320 0 0 0 0 0.7678335888 0 0 0 0 0 0 0.0010127549 0 0 0 0 0 0 0 0 0 0.0026712154 0 0 0 0 0 0 0 0 0 0 0 0 
0 0 0 0 0 0 0 0 0 0.0467689554 0 0.1589558176 0 0 0 0.0035204286 0 0 0 0 0 0 0 0 0 0 0 0 0 0 0 0 0 0 0 0 0 0 0 0 0 0 0 0 0 0 0.7907547985 0 0 0 
0 0 0 0 0 0 0 0 0 0.1383302447 0 0 0 0 0 0.3147330990 0 0 0 0 0 0 0 0 0 0 0 0.0012537803 0 0 0 0 0.0019124723 0 0 0 0 0 0 0 0 0 0 0 0 0 0.5437704038 0 0 0 
0 0 0.7463864123 0 0 0 0 0 0 0 0 0 0 0 0 0.2229578821 0.0106535676 0 0 0 0 0 0 0 0 0 0 0 0 0 0 0 0 0 0 0 0 0 0 0.0200021381 0 0 0 0 0 0 0 0 0 0 
0 0 0.0112098813 0 0 0.0085313451 0 0 0 0 0 0 0 0.0730356885 0 0 0 0 0 0 0 0 0 0 0 0 0 0 0 0 0 0 0 0 0 0 0 0 0 0 0 0 0 0 0 0 0.9072230851 0 0 0 
0 0 0 0 0 0 0 0 0 0 0 0 0 0.9996337762 0 0 0 0 0.0000000128 0 0.0003662109 0 0 0 0 0 0 0 0 0 0 0 0 0 0 0 0 0 0 0 0 0 0 0 0 0 0 0 0 0 
0 0 0 0 0 0 0 0 0 0 0 0 0 0 0 0 0 0 0 0 0 0 0.0002554173 0 0 0 0 0 0 0.1291551979 0.8665163594 0 0 0 0 0 0 0.0002622909 0 0 0 0 0 0.0002992057 0.0035115288 0 0 0 0 0 
0 0 0 0 0 0 0 0 0.8908146262 0 0 0 0 0 0 0.0012512207 0.1079341531 0 0 0 0 0 0 0 0 0 0 0 0 0 0 0 0 0 0 0 0 0 0 0 0 0 0 0 0 0 0 0 0 0 
0 0 0 0 0 0 0 0 0 0 1.0000000000 0 0 0 0 0 0 0 0 0 0 0 0 0 0 0 0 0 0 0 0 0 0 0 0 0 0 0 0 0 0 0 0 0 0 0 0 0 0 0 
0 0 0 0.3939874646 0 0 0 0 0 0 0 0 0 0 0 0 0 0 0 0.0895592106 0.0046607737 0 0 0 0 0 0 0.0006405238 0 0 0 0 0 0 0 0 0 0.0062631857 0 0 0 0 0 0 0 0 0.0167494279 0 0 0.4881394138 
0 0 0.4750035793 0 0.0007723490 0 0.1113098808 0 0 0 0 0 0 0 0 0 0 0.0067755211 0 0 0 0.0007086036 0 0 0 0 0 0.0024621189 0 0 0 0 0.3215934161 0 0 0 0.0679598297 0 0 0 0 0 0.0008397368 0 0 0 0 0 0 0.0125749647 
0 0 0 0 0 0 0 0 0 0 0 0 0 0 0 0 0 0 0 0 1.0000000000 0 0 0 0 0 0 0 0 0 0 0 0 0 0 0 0 0 0 0 0 0 0 0 0 0 0 0 0 0 
0 0 0 0 0 0 0 0 0 0 0 0 0 0 0 0 0 0 0.8341665446 0 0 0 0 0 0 0 0.0090254339 0 0 0 0 0 0 0 0 0 0 0 0 0 0 0.1568080215 0 0 0 0 0 0 0 0 
0 0 0 0 0 0 0 0 0 0 0 0 0 0 0 0.0377862981 0.1071196025 0 0 0 0 0 0 0 0 0 0 0 0 0 0 0 0 0 0 0 0.0126013360 0 0.8190922437 0 0.0234005197 0 0 0 0 0 0 0 0 0 
0 0 0 0 0 0 0 0 0.4749406811 0 0 0 0 0 0 0 0 0 0 0 0.0011257420 0 0 0 0 0 0 0 0 0 0 0 0 0 0 0 0 0.0097121503 0 0 0 0 0 0 0 0 0.5142214266 0 0 0 
0 0 0 0.0473244931 0 0 0 0 0 0.0011513606 0 0 0 0.0024185692 0 0.0375635702 0 0 0.0993705424 0 0.5380583934 0 0 0 0 0 0 0.0008396716 0 0 0 0 0 0 0 0 0 0.0038280817 0.0625847235 0 0 0 0 0 0 0 0 0.0326233777 0 0.1742372165 
0 0 0 0.1376035745 0 0 0 0 0 0 0 0 0 0.0154010133 0.0267103432 0 0 0 0 0 0.2309067212 0.0007301791 0 0 0 0 0 0.0019329656 0 0 0 0 0 0.0053854546 0 0.0395956334 0 0 0 0 0 0 0.0008358001 0.2568008362 0 0 0 0 0 0.2840974786 
0 0 0 0 0 0 0 0 0 0 0 0 0 0.9999999793 0 0.0000000207 0 0 0 0 0 0 0 0 0 0 0 0 0 0 0 0 0 0 0 0 0 0 0 0 0 0 0 0 0 0 0 0 0 0 
0 0 0 0 0 0 0 0 0 0 0 0 0 0 0 0 0 0 0 0 1.0000000000 0 0 0 0 0 0 0 0 0 0 0 0 0 0 0 0 0 0 0 0 0 0 0 0 0 0 0 0 0 
0 0 0 0 0 0 0 0 0 0 0 0 0 0 0 0 0 0 0 0 0 0 0 0 0 0 0 0 0 0 0 0 0 0 0 0 0 0 0 0 0 0 0 0 0 0 0 0 1.0000000000 0 
0 0 0 0 0.0006904107 0 0.0964197823 0 0 0 0 0 0 0.0189687144 0 0.1330802619 0.1591958313 0 0 0 0 0.0006543656 0 0 0 0 0 0.0024379571 0 0 0 0 0 0 0 0 0 0 0 0.1019872275 0 0 0 0 0 0 0 0 0 0.4865654491 
0 0 0 0 0 0 0 0 0 0.9480426755 0 0 0 0 0 0 0 0 0 0 0 0 0 0 0 0 0.0519573245 0 0 0 0 0 0 0 0 0 0 0 0 0 0 0 0 0 0 0 0 0 0 0 
0 0 0 0 0 0 0 0 0 0.0018078898 0 0 0 0 0 0 0.0176452589 0 0 0 0.6124555439 0.0695493584 0 0 0 0.0068671016 0.0028302193 0 0 0 0 0 0 0.2888446281 0 0 0 0 0 0 0 0 0 0 0 0 0 0 0 0 
0 0 0 0.0355071836 0 0 0 0 0 0 0 0 0 0 0.0118279457 0 0 0 0 0 0 0 0 0 0 0 0.9042094398 0 0 0 0 0 0 0 0.0106202090 0 0.0227742017 0 0.0050960810 0 0 0 0.0099649391 0 0 0 0 0 0 0 
0 0 0 0 0 0 0 0 0 0.0171838706 0 0 0.0881864793 0 0 0 0 0 0 0 0.0086665669 0 0 0 0 0 0 0.0003603612 0 0 0 0 0 0 0 0 0 0.0055307030 0 0 0 0 0.0054193475 0 0.1397870371 0 0.7348656345 0 0 0 
0 0 0 0 0 0 0 0 0 0 0 0 0 0 0 0 0 0 0 0 0 0 0 0 0 0 0 0 0 0 0 0 0 0 0 0 0 0 0 0 0 0 0 0 0 0 1.0000000000 0 0 0 
0 0 0.0427163605 0.6790223170 0.0008654934 0 0 0 0 0.0491738098 0 0 0 0 0 0 0 0 0 0 0.1379925298 0.0009786923 0.0026334374 0.0006119942 0 0 0 0.0028392415 0 0 0 0 0 0 0 0 0.0151097562 0 0 0 0 0 0.0012221327 0 0 0 0.0668342353 0 0 0 
0 0 0.0019348807 0.0087334236 0 0 0.4903544849 0 0 0 0.0037938387 0 0 0 0 0.0015713065 0.0020171739 0 0 0 0 0 0 0 0 0 0.0041396085 0 0 0 0 0 0 0 0 0 0 0 0.4827244857 0 0 0 0 0 0 0 0 0 0 0.0047307975 
0 0 0 0 0 0 0 0 0 0.5847585937 0 0 0 0 0 0 0 0 0 0 0 0 0 0 0 0 0.2172433796 0 0 0 0 0 0 0 0 0 0 0 0 0 0 0.1809820088 0 0 0 0 0.0170160179 0 0 0 
0 0 0 0 0 0 0.0070433580 0 0 0 0 0 0 0 0 0.0776991866 0.0022740656 0 0 0.9129833898 0 0 0 0 0 0 0 0 0 0 0 0 0 0 0 0 0 0 0 0 0 0 0 0 0 0 0 0 0 0 
0 0 0 0 0 0 0 0 0 0 0 0 0 0 0 0 0 0 0 0.8652590674 0 0 0 0 0 0 0 0 0 0 0 0 0 0 0 0 0 0 0 0 0 0 0 0 0 0 0.1347409326 0 0 0 
0 0 0.5259550383 0 0 0 0 0 0 0 0 0 0 0 0 0 0 0 0 0 0 0 0 0 0 0 0 0 0 0 0 0 0 0 0 0 0 0.0053547490 0 0 0 0 0 0 0 0 0.4686902127 0 0 0 
0 0 0 0 0 0 0 0 0 0 0 0 0 0.0523937454 0 0.0918761154 0 0 0 0 0 0 0.3892770230 0 0 0 0 0 0 0 0 0 0 0 0 0 0 0 0 0 0 0 0 0 0 0 0.2264944700 0 0 0.2399586461 
0 0 0 0 0 0 0 0 0 0.0178925403 0 0 0.0048270127 0 0 0 0 0 0 0.0087359265 0 0 0 0 0 0.3705212639 0.5900735252 0.0004187570 0 0 0 0 0 0 0.0075309745 0 0 0 0 0 0 0 0 0 0 0 0 0 0 0 
0 0 0 0 0 0.1959919146 0 0 0 0 0 0 0 0 0.0007666047 0.0043439963 0 0 0 0 0 0 0 0 0 0 0 0 0 0 0 0.0500998192 0 0.0016578164 0 0 0 0.5586790228 0 0 0 0 0 0 0.1884608259 0 0 0 0 0 
0 0 0 0 0 0 0 0 0 0 0 0 0 0 0 0 0 0 0 0 0 0 0 0 0 0 0 0 0 0 0 0 0 0 0 0 0 0 0 0 0 0 0 0 0 0 1.0000000000 0 0 0 
0 0 0 0 0 0 0.0136128540 0 0 0 0 0 0 0.2929327121 0 0 0 0 0 0 0 0 0 0 0 0 0 0.0022793054 0 0 0 0 0.6901433063 0 0 0 0 0 0 0 0 0 0.0010318223 0 0 0 0 0 0 0 
0 0.6295942428 0 0 0.0010651856 0 0.0544552166 0 0 0.1614189797 0 0 0 0.0469242702 0 0 0 0 0 0 0 0.0006985707 0 0 0 0 0 0.0024234921 0 0 0 0 0 0 0 0 0 0 0 0 0 0 0.0006950371 0 0 0 0.1027250052 0 0 0 
0 0 0.0227195154 0 0 0 0.0157242988 0 0 0 0 0 0 0.0038925162 0 0.1012394653 0 0 0 0 0 0 0 0 0 0 0 0 0 0 0 0 0 0 0 0 0 0 0 0 0 0 0 0 0 0 0.2662954899 0 0 0.5901287144 
0 0 0 0 0 0 0 0 0 0 0 0 0 0 0 0 0 0 1.0000000000 0 0 0 0 0 0 0 0 0 0 0 0 0 0 0 0 0 0 0 0 0 0 0 0 0 0 0 0 0 0 0 
0 0.0847459445 0 0 0 0 0.0039144455 0 0 0 0 0.0074430368 0 0.2762415240 0 0.0067092709 0 0 0 0 0 0 0 0 0 0 0 0.0008896156 0 0 0.0038035793 0 0 0 0 0 0 0.5464991357 0 0 0 0 0 0 0 0 0.0697534477 0 0 0 
0 0 0 0 0 0 0 0 0 0 0 0 0 0 0 0 0 0 0 0 0 0 0 0 0 0 0 0 0 0 0 0 0 0 0 0 0 0 0 0 0 0 0 0 0 0 1.0000000000 0 0 0 
0 0 0.0114550507 0 0 0 0 0.0625551155 0 0 0 0 0 0 0 0 0 0 0 0 0.0042715213 0 0.0178142611 0 0 0 0 0 0 0 0 0.6978940079 0 0 0.0982778532 0 0 0 0.0273361503 0.0803960400 0 0 0 0 0 0 0 0 0 0 
0 0 0 0 0 0 0 0 0.0139486006 0.0014039958 0 0.2249317167 0 0.0073347896 0 0.0009711907 0.0657583079 0 0 0.0122244876 0 0.0567043246 0 0 0 0 0 0.0015977296 0 0 0 0 0 0 0.1734064257 0 0 0 0 0 0.0211735020 0 0 0 0.0622322344 0 0.3583126948 0 0 0 
0 0 0 0 0 0 0.0028308598 0 0 0 0.9379158001 0 0 0 0 0.0592533401 0 0 0 0 0 0 0 0 0 0 0 0 0 0 0 0 0 0 0 0 0 0 0 0 0 0 0 0 0 0 0 0 0 0 
0 0 0 0 0 0 0 0 0 0 0 0 0 0 0 0 0 0 0 0 0 0 0 0 0 0 0 0 0 0 0 0 0 0 0 0 0 0.0062519238 0 0 0 0 0 0 0 0 0.3019208456 0 0.6863210756 0.0055061550 
0 0 0 0 0 0 0 0 0 0.9495246410 0 0 0 0 0 0 0 0 0 0 0 0 0 0 0 0 0 0 0 0 0 0 0 0 0 0 0 0 0 0 0 0 0 0 0 0 0.0504753590 0 0 0 
0 0 0 0 0.0002312691 0 0 0 0 0.1003195357 0 0.0054295590 0 0 0 0.0047633217 0 0 0 0 0 0.0002229991 0 0.0001679942 0 0 0.0043221855 0.0006812670 0 0 0.0015226014 0 0.7604090607 0 0 0 0.0019710937 0 0 0 0 0 0.0002329532 0 0 0 0.1197261596 0 0 0 
0 0 0 0 0 0 0 0 0 0.0407896854 0 0 0 0 0 0 0 0 0 0 0 0 0 0 0 0 0.3823178609 0 0 0 0 0 0.5768924537 0 0 0 0 0 0 0 0 0 0 0 0 0 0 0 0 0 
0.1046326046 0 0 0 0 0 0.2827079637 0 0 0 0 0 0.0085738358 0.0103051706 0 0.2517047380 0 0 0 0.0795003258 0 0 0 0 0 0 0 0.0010634159 0 0 0 0 0 0 0 0 0 0 0 0 0 0 0 0 0 0 0 0 0.2615119455 0 
0 0 0 0 0 0 0.0234345037 0 0 0 0 0 0 0.0127124892 0 0 0 0 0 0 0.3498801752 0 0 0 0 0 0 0.0011684770 0 0 0 0.6128043548 0 0 0 0 0 0 0 0 0 0 0 0 0 0 0 0 0 0 
0 0 0 0 0 0 0 0 0 1.0000000000 0 0 0 0 0 0 0 0 0 0 0 0 0 0 0 0 0 0 0 0 0 0 0 0 0 0 0 0 0 0 0 0 0 0 0 0 0 0 0 0 
0 0 0 0 0 0 0 0 0 0 0 0 0 0 0 0 0 0 0 0 0 0 0 0 0 0 0 0 0 0 0 0 0 0 0 0 0 0 0 0 0 0 0 0 0 0 1.0000000000 0 0 0 
0 0 0 0 0 0 0 0 0 0.5535186654 0 0 0 0.4135698349 0 0 0 0.0020362671 0 0 0.0041696125 0 0 0 0 0 0 0 0 0 0 0 0 0 0 0 0 0.0015149091 0 0 0 0 0 0 0 0 0.0251907110 0 0 0 
0 0 0 0.3846259458 0 0 0 0 0.0144269959 0.0892284429 0 0.0371312292 0 0.0149157468 0 0 0 0.0036933544 0.0204343303 0.0011216161 0 0 0 0 0 0 0.4344223387 0 0 0 0 0 0 0 0 0 0 0 0 0 0 0 0 0 0 0 0 0 0 0 
0 0 0 0 0 0 0 0 0 0.7678215178 0 0 0 0 0 0.2321784822 0 0 0 0 0 0 0 0 0 0 0 0 0 0 0 0 0 0 0 0 0 0 0 0 0 0 0 0 0 0 0 0 0 0 
0 0 0 0 0 0 0 0 0 0 0 0 0 0 0 0 0 0 0 0 0.0042611214 0 0 0 0 0 0 0 0 0 0 0 0 0 0.7482298678 0 0 0 0 0 0 0 0 0 0 0 0.2475090108 0 0 0 
0 0 0 0 0 0 0 0 0 0 0 0 0 0 0 0.0813553445 0.1963446440 0 0 0 0 0 0 0 0 0 0 0.0015957751 0 0 0 0 0 0 0 0 0 0 0 0 0 0 0 0 0 0 0.6964882586 0.0242159777 0 0 
0 0 0 0 0 0 0 0 0 0 0.8734988542 0 0 0 0 0.1110219446 0 0 0 0 0 0 0 0 0 0 0 0 0 0 0 0 0 0 0 0 0 0.0010413452 0 0.0015231324 0 0 0 0 0 0.0005115136 0.0124032099 0 0 0 
0 0 0.0013071395 0 0 0 0 0 0 0.0001702614 0.0433031526 0 0 0.0029263333 0 0 0 0 0 0 0 0 0 0 0 0 0 0 0 0 0 0 0 0 0 0 0 0.0000871066 0 0 0 0 0 0 0 0 0.9522060066 0 0 0 
0 0 0.0000000173 0 0 0 0 0 0 0 0 0 0 0 0 0 0 0 0 0 0 0 0 0 0 0 0 0 0 0 0 0.0000000011 0.0000000006 0 0 0 0 0.9999999810 0 0 0 0 0 0 0 0 0 0 0 0 
0 0.0703727602 0 0 0 0 0.0006709801 0 0 0.0690770035 0 0 0 0 0 0 0 0 0 0 0 0 0 0 0 0 0 0 0 0 0 0 0 0 0 0 0 0.8572324837 0 0 0 0 0 0 0 0 0.0026467726 0 0 0 
0 0 0.9657096040 0 0 0 0 0 0 0 0 0 0 0 0 0 0 0 0 0 0 0 0 0 0 0 0 0 0 0.0342903960 0 0 0 0 0 0 0 0 0 0 0 0 0 0 0 0 0 0 0 0 
0 0 0 0 0 0 0 0 0 0.0650309733 0 0 0 0.7468986195 0 0 0 0 0 0 0 0 0 0 0 0 0 0 0 0 0 0 0 0 0 0 0 0 0 0 0 0.1405356285 0 0 0 0 0.0475347787 0 0 0 
0 0.9589462958 0 0 0 0 0 0 0 0.0001634254 0 0 0 0 0 0 0 0.0028699069 0 0 0 0 0 0 0 0 0.0370500583 0 0 0 0 0 0 0 0 0 0 0 0 0 0 0 0 0 0.0009703136 0 0 0 0 0 
0 0 0 0 0 0 0 0 0.0329620945 0.4513174538 0 0 0 0 0 0 0 0 0 0.5153071839 0 0 0 0 0 0 0 0.0002787879 0 0 0 0 0 0 0 0 0 0 0 0 0 0 0.0001344799 0 0 0 0 0 0 0 
0 0 0 0 0 0 0 0 0 0 0 0 0 1.0000000000 0 0 0 0 0 0 0 0 0 0 0 0 0 0 0 0 0 0 0 0 0 0 0 0 0 0 0 0 0 0 0 0 0 0 0 0 
0.8610157599 0 0 0 0 0 0 0 0 0 0.0020446777 0 0 0 0 0.0520960333 0 0 0 0 0.0439740104 0 0 0 0 0 0 0 0 0 0 0 0 0 0 0 0 0 0 0.0408695186 0 0 0 0 0 0 0 0 0 0 
0 0 0 0 0 0 0 0 0 0.0088098800 0 0 0 0 0 0 0 0 0 0 0.7799853029 0 0 0 0 0 0 0 0 0 0 0 0 0 0 0 0 0 0 0 0 0 0 0 0 0 0.2112048171 0 0 0 
0 0 0 0 0 0 0 0 0 0 0 0 0.0096828143 0 0.0139321899 0 0.0018944657 0 0 0 0 0.0002993167 0 0.0002883028 0 0 0 0.0007934269 0 0.2211245800 0 0.1487976587 0 0 0 0 0 0 0 0 0 0 0.0003086729 0 0 0 0 0 0.6028785722 0 
0 0 0 0 0 0 0 0 0 0 0 0 0 0.0119152778 0 0 0 0 0 0 0.0077040424 0 0 0 0 0 0 0 0 0 0 0 0.9803806799 0 0 0 0 0 0 0 0 0 0 0 0 0 0 0 0 0 
0 0 0 0 0 0 0.0393075744 0.0053710938 0 0.0198037724 0 0 0.0866434018 0 0 0.6476688094 0 0 0 0 0.1899250227 0.0112803255 0 0 0 0 0 0 0 0 0 0 0 0 0 0 0 0 0 0 0 0 0 0 0 0 0 0 0 0 
0 0 0 0 0 0 0 0 0 1.0000000000 0 0 0 0 0 0 0 0 0 0 0 0 0 0 0 0 0 0 0 0 0 0 0 0 0 0 0 0 0 0 0 0 0 0 0 0 0 0 0 0 
0 0 0 0 0 0 0 0 0 1.0000000000 0 0 0 0 0 0 0 0 0 0 0 0 0 0 0 0 0 0 0 0 0 0 0 0 0 0 0 0 0 0 0 0 0 0 0 0 0 0 0 0 
0 0.5731494106 0 0.3997772466 0 0 0 0 0 0 0 0 0 0 0 0 0 0 0 0 0.0062231023 0 0 0 0 0 0.0208502405 0 0 0 0 0 0 0 0 0 0 0 0 0 0 0 0 0 0 0 0 0 0 0 
0 0 0 0 0 0 0 0 0 0 0 0 0 0 0 0 0 0 0 0 0 0 0 0 0 0 1.0000000000 0 0 0 0 0 0 0 0 0 0 0 0 0 0 0 0 0 0 0 0 0 0 0 
0 0 0 0 0 0 0 0 0 0 0 0 0 0 0 0 0 0 0 0 0 0 0 0 0 0 0 0 0 0.7367561970 0 0 0 0 0 0 0 0 0 0 0.0561229990 0 0 0 0 0.2071208040 0 0 0 0 
0 0 0 0 0 0 0 0 0 0 0 0 0 0 0 0 0.0172490426 0 0 0 0 0 0 0.1129201785 0 0 0.5809704059 0 0 0 0 0 0 0 0 0 0 0 0 0 0 0.2354489225 0 0 0.0534114505 0 0 0 0 0 
0 0 0 0 0 0 0 0 0 0 0 0 0 0 0 0 0 0 0 0 0.0367826928 0 0 0 0 0 0 0 0 0 0 0.9632173072 0 0 0 0 0 0 0 0 0 0 0 0 0 0 0 0 0 0 
0 0 0 0 0 0 0 0 0 0.0037046381 0 0 0 0 0 0 0 0 0 0 0 0.0007390751 0 0 0 0 0.2027597866 0.0014206244 0.5684488895 0.0904817652 0 0 0 0.1317102750 0 0 0 0 0 0 0 0 0.0007349461 0 0 0 0 0 0 0 
0 0 0 0 0.0022735251 0 0 0 0 0 0 0 0 0 0 0 0 0 0 0 0 0 0 0 0 0 0.9977264749 0 0 0 0 0 0 0 0 0 0 0 0 0 0 0 0 0 0 0 0 0 0 0 
0 0 0 0 0 0.1402578410 0 0 0 0 0.0071043665 0 0 0 0 0 0 0 0 0 0 0 0 0.0596941205 0 0 0 0 0 0.5470847125 0.2093101180 0 0 0 0 0 0 0.0365488415 0 0 0 0 0 0 0 0 0 0 0 0 
0.1097447651 0 0 0.0009676992 0.1749950704 0 0 0 0.2832335344 0 0 0 0 0 0.0556779934 0 0 0 0 0.0818145373 0 0.0035180852 0 0.0028048780 0 0 0.2059151276 0.0095223482 0 0.0008582144 0 0 0.0633099593 0 0 0 0 0 0 0 0 0.0012113702 0.0044523815 0 0.0019740357 0 0 0 0 0 
0 0 0.0070315351 0.0009604312 0.0009706004 0 0 0.4786423780 0 0 0 0 0 0 0 0 0 0 0 0 0 0.0222951020 0 0.0528488071 0 0 0 0.0045645652 0.2252452258 0 0 0 0 0 0 0 0 0 0 0 0.2044047075 0 0.0021123025 0 0.0009243453 0 0 0 0 0 
0 0.1528810537 0 0 0 0 0.0014748420 0.1571598868 0 0 0 0 0 0 0 0 0.0097626798 0 0 0 0 0 0 0 0 0 0 0.0008087213 0 0 0 0 0 0.0899146853 0 0 0 0 0 0 0.5857659654 0 0 0 0 0 0 0.0022321658 0 0 
0 0 0 0 0.3081211063 0 0.0127012851 0 0 0 0 0 0 0 0 0 0 0 0 0 0 0 0.0058055995 0 0 0 0.0839466996 0 0.0484590486 0.5221800828 0 0 0 0 0 0 0 0 0 0 0 0 0 0 0 0.0187861780 0 0 0 0 
0 0 0 0 0.0973100744 0 0 0.0086831906 0 0 0 0.0303312556 0 0 0 0 0.0836926734 0 0 0 0 0.0021952970 0 0.0015951924 0 0 0 0.0042081858 0.0341667981 0.3097735889 0.4071768568 0 0 0 0 0 0 0.0058421607 0 0 0 0 0.0025049783 0 0.0009928668 0 0 0 0 0.0115268812 
0 0 0 0 0 0 0 0 0 0 0 0 0 0 0 0 0 0 0 0 0 0 0 0 0 0 1.0000000000 0 0 0 0 0 0 0 0 0 0 0 0 0 0 0 0 0 0 0 0 0 0 0 
0 0 0 0 0 0 0 0 0 0 0 0 0 0 0 0 0 0 0 0 0 0 0 0 0 0 1.0000000000 0 0 0 0 0 0 0 0 0 0 0 0 0 0 0 0 0 0 0 0 0 0 0 
0.0025424247 0 0 0 0 0.0096216207 0 0 0 0 0 0 0 0 0 0 0 0 0 0 0 0 0 0.0343799890 0.0840889786 0.6446001937 0.1713554977 0 0 0.0381211862 0 0 0 0 0 0 0 0 0 0.0048667802 0 0 0 0 0.0104233292 0 0 0 0 0 
0 0 0 0 0 0 0 0.2085968009 0 0 0 0 0 0 0 0 0.7914031991 0 0 0 0 0 0 0 0 0 0 0 0 0 0 0 0 0 0 0 0 0 0 0 0 0 0 0 0 0 0 0 0 0 
0 0 0 0 0 0.0064211279 0 0 0 0.0008619924 0 0 0 0 0 0 0 0 0 0 0 0 0 0 0.1659663973 0 0 0 0.1632971977 0 0.6532800276 0 0 0 0 0 0 0 0 0 0 0 0 0 0 0 0.0101732570 0 0 0 
0 0 0 0 0 0 0 0.0085449219 0 0 0 0 0 0 0 0 0 0 0 0 0 0 0 0 0 0 0 0 0.7959326176 0.0419161609 0 0 0 0 0 0 0 0 0 0 0.1536062997 0 0 0 0 0 0 0 0 0 
0 0.1847519475 0 0 0.5354680775 0 0 0 0 0 0 0 0 0 0.1460146362 0 0 0 0 0 0 0.0007768693 0 0 0 0 0 0.0015342820 0 0.1108629341 0 0 0 0 0 0 0 0 0.0198090844 0 0 0 0.0007821689 0 0 0 0 0 0 0 
0 0 0 0 0 0 0 0 0.0584773486 0 0 0 0 0.0020218436 0 0 0 0 0 0 0 0 0 0 0 0 0.6718186051 0 0 0.1847171403 0 0 0 0 0 0 0 0 0 0 0.0829650623 0 0 0 0 0 0 0 0 0 
0 0 0 0 0 0 0 0 0 0 0 0 0 0 0 0 0.0608364455 0 0 0.0514145846 0 0 0 0 0.0247954571 0 0 0.0013998405 0 0.7731803319 0 0 0 0 0.0223031333 0 0 0 0 0 0 0 0 0 0.0660702070 0 0 0 0 0 
0 0 0 0 0 0 0.0013017209 0.0294171116 0 0 0 0 0 0 0 0 0 0 0 0 0 0 0 0 0.2953374505 0 0 0 0.3575783964 0.1630386281 0 0 0 0 0 0 0 0.0416529185 0 0 0.0283949520 0 0 0.0271314240 0 0 0 0 0.0561473979 0 
0 0 0 0 0 0 0 0 0 0.3386058525 0 0 0 0 0 0 0 0.0037456703 0 0 0 0 0 0 0 0 0.6576484772 0 0 0 0 0 0 0 0 0 0 0 0 0 0 0 0 0 0 0 0 0 0 0 
0 0 0 0.2399582241 0 0 0 0 0 0 0 0 0 0 0.0367282093 0 0 0 0 0.0042346740 0 0.0007175053 0 0 0 0 0.1184576967 0.0011939341 0 0 0 0.0190821495 0 0 0 0 0 0 0 0 0 0 0.0006441179 0.5758193144 0 0 0 0 0.0031641747 0 
0 0 0 0 0 0 0 0.0209806896 0 0 0 0 0 0 0 0 0 0 0.0205790343 0 0 0 0 0 0 0 0.4927334568 0 0.3769701501 0 0 0 0 0 0 0 0.0001926422 0 0 0 0 0.0442187689 0.0443252580 0 0 0 0 0 0 0 
0 0 0 0 0 0 0 0.1291960032 0 0 0.1652092432 0 0 0 0 0 0.0403917095 0 0 0 0 0 0 0 0.0175363920 0 0 0 0 0 0 0 0 0 0 0 0 0 0 0 0.6476666520 0 0 0 0 0 0 0 0 0 
0 0 0 0 0 0 0 0 0 0 0 0 0 0 0 0 0 0 0 0 0 0 0 0 0 0 1.0000000000 0 0 0 0 0 0 0 0 0 0 0 0 0 0 0 0 0 0 0 0 0 0 0 
0 0.0449258224 0 0.0080115984 0 0 0 0 0 0 0 0 0 0 0 0 0 0 0 0 0 0 0.0083746134 0 0 0.0089628937 0.6797188182 0 0 0.1128098523 0 0 0 0.1203406705 0 0 0 0 0 0 0 0 0 0 0 0 0 0.0168557312 0 0 
0 0 0 0.1378465850 0 0 0 0 0 0 0 0 0 0 0 0 0 0 0 0 0 0 0 0 0 0 0.6376522758 0 0.1504745469 0 0 0.0116700739 0 0 0.0047535140 0 0 0 0 0.0239046635 0 0.0336983409 0 0 0 0 0 0 0 0 
0 0.0003780693 0 0.2682252668 0.0272731391 0 0 0 0.0059405266 0.0112397456 0 0.0003291314 0 0 0 0.0021637547 0 0 0 0.0099506125 0 0.0013343897 0 0.0006868884 0 0 0.3307009977 0.0024513480 0 0 0 0 0 0 0 0 0 0 0.3286467339 0 0 0 0.0013386770 0 0.0093407191 0 0 0 0 0 
0.4317597129 0 0 0.0189120084 0 0 0 0 0.3672826480 0 0 0 0 0 0.0342334798 0 0 0 0 0 0 0 0 0 0 0 0.0999468214 0.0015620453 0.0430853685 0 0 0 0.0032179156 0 0 0 0 0 0 0 0 0 0 0 0 0 0 0 0 0 
0 0 0 0 0.0013950856 0.1967649663 0 0 0 0 0 0 0.0027203505 0 0.0009949114 0 0 0.2551343054 0 0 0 0.1303247505 0 0.0019010655 0 0 0 0.0051564338 0 0.3528139476 0 0 0 0.0130113422 0 0 0 0 0 0 0 0.0348782273 0.0032216705 0 0.0016829436 0 0 0 0 0 
0 0 0 0 0 0 0 0 0 0 0 0 0 0 0 0 0 0.0679001722 0.0529571153 0 0 0 0 0 0.1746966779 0 0.5773217645 0 0 0 0 0 0 0 0 0 0 0 0 0 0.1094480220 0 0 0 0 0 0.0176762480 0 0 0 
0 0 0 0 0 0 0 0 0 0 0 0 0 0 0 0 0 0 0 0 0 0 0.0010286738 0 0 0 0.9989713262 0 0 0 0 0 0 0 0 0 0 0 0 0 0 0 0 0 0 0 0 0 0 0 
0 0 0 0 0 0 0 0 0 0 0 0 0.0023878637 0 0 0 0 0 0 0 0 0 0 0.0356192835 0 0 0.9533659906 0 0 0 0 0 0 0 0 0 0.0086268622 0 0 0 0 0 0 0 0 0 0 0 0 0 
0 0 0 0.0447072436 0.0275012422 0 0 0.2986105653 0 0 0 0.0035881421 0 0 0.2800560877 0.0006786396 0.0248745327 0 0 0 0 0 0 0 0 0 0 0 0 0 0 0.2284301743 0 0 0 0 0.0012702942 0 0.0507164146 0.0046096144 0 0 0 0 0.0239293692 0 0 0 0.0110276800 0 
0.1862871712 0 0 0.0064086734 0 0.1681179546 0 0.1243440208 0 0 0 0 0 0 0 0 0 0 0 0 0 0 0 0 0 0 0 0 0 0 0 0.0827011387 0 0.1064977584 0 0 0 0 0 0 0 0 0 0 0 0 0 0 0.3256432829 0 
0 0 0 0 0 0 0 0 0 0 0 0 0 0 0 0 0 0.3203212630 0 0 0 0 0 0 0.0965738605 0 0.5583434497 0 0 0 0 0 0 0 0 0 0 0 0 0 0 0 0 0.0247614269 0 0 0 0 0 0 
0 0 0 0.1033075863 0 0 0 0 0 0.0440475156 0 0 0 0 0 0 0 0.0048286369 0 0 0 0 0 0 0 0 0.8478162613 0 0 0 0 0 0 0 0 0 0 0 0 0 0 0 0 0 0 0 0 0 0 0 
0 0 0 0 0 0 0 0 0 0 0 0 0 0 0 0 0 0 0 0 0 0.0530214315 0 0.0087099133 0 0 0.8847648888 0 0 0 0 0 0.0469018867 0 0.0066018797 0 0 0 0 0 0 0 0 0 0 0 0 0 0 0 
0 0 0 0 0.0006277516 0 0 0 0 0 0 0 0 0 0 0 0 0 0 0.0120314254 0.0113349856 0.0015094931 0 0.0012300301 0 0 0.6086086591 0.0034598749 0 0 0.2481005499 0 0 0 0.0056918972 0 0.0246774254 0 0 0 0.0136632619 0 0.0023892335 0.0307768516 0.0011946892 0 0 0.0347038715 0 0 
0 0 0 0 0 0 0 0.7694713546 0 0 0 0 0 0.0565170875 0 0 0 0 0 0.1038593128 0 0 0 0 0 0 0 0 0 0 0 0 0 0 0 0 0 0 0 0 0 0.0161091650 0 0 0 0 0.0114103290 0 0 0.0426327512 
0 0 0 0 0 0 0 0 0 0.3373675075 0 0 0 0 0 0 0 0 0 0 0 0 0 0 0 0.1274729031 0.4864570641 0 0 0 0 0 0 0 0 0 0 0 0 0 0 0.0262121951 0 0 0 0 0.0224903302 0 0 0 
0 0 0 0 0 0 0 0 0 0 0 0 0 0 0 0 0 0 0 0 0 0 0 0 0 0 0.9017463443 0 0 0.0982536557 0 0 0 0 0 0 0 0 0 0 0 0 0 0 0 0 0 0 0 0 
0.0070363605 0 0 0 0 0 0 0 0 0 0 0 0 0 0.0945309865 0 0 0 0 0 0 0.0123066701 0 0 0 0 0.4032819531 0 0 0.0731098757 0 0.0100275005 0.0165558225 0 0.0121600742 0 0 0 0.0255218186 0 0.0556871946 0 0 0.2897817436 0 0 0 0 0 0 
0 0 0 0 0 0 0 0 0 0 0 0 0 0 0 0 0 0.0008015438 0 0 0 0 0 0 0 0 0.8383859815 0 0 0.1504094642 0 0 0 0 0 0 0 0 0 0 0 0 0 0 0.0104030105 0 0 0 0 0 
0 0 0 0 0 0 0 0 0 0.0798237810 0 0 0 0 0 0 0 0 0 0.0325556088 0 0 0 0 0 0.2172259378 0.6687459669 0 0 0 0 0 0 0 0 0 0 0 0 0 0 0 0 0 0 0.0016487054 0 0 0 0 
0.0044454919 0 0 0.0020784781 0 0 0 0 0.0549992333 0.1300707217 0 0 0 0 0 0.0006952299 0 0 0 0 0 0 0 0 0 0 0.3217638000 0 0 0 0 0 0.4648905240 0 0.0038827867 0 0 0 0 0 0 0 0 0 0 0 0.0171737345 0 0 0 
0 0 0 0.0181547207 0 0 0 0 0.3169658181 0.1766106308 0 0 0 0.0007120743 0 0 0 0 0 0.0043465113 0 0 0 0.0393195023 0 0 0.0926274148 0.0010245682 0 0 0 0 0 0 0.0031031391 0 0 0 0 0 0 0.2922507868 0.0005031956 0 0 0.0015060758 0.0528755623 0 0 0 
0.0435844410 0 0 0 0.0223787703 0 0 0 0.0292318098 0 0 0 0 0 0 0 0 0 0 0 0 0 0 0 0 0.0699331274 0.6580110329 0 0 0.1280238517 0 0 0 0.0296135607 0 0 0 0 0 0 0 0 0 0.0127445549 0.0064788513 0 0 0 0 0 
0 0 0 0 0 0 0.0070474481 0 0 0 0 0 0 0 0.1036618274 0 0 0 0.0105092350 0 0 0 0 0 0 0 0.8542679437 0 0 0 0 0 0 0.0245135458 0 0 0 0 0 0 0 0 0 0 0 0 0 0 0 0 
0 0 0 0 0 0 0 0.0200823928 0 0 0 0 0 0 0 0 0 0 0.0041859273 0 0.0202890782 0 0 0 0 0 0.5702098661 0 0 0.1809880210 0.1493309266 0 0 0 0 0 0 0 0 0 0 0 0 0.0164039650 0 0 0.0385098229 0 0 0 
0 0 0 0 0.8350159071 0 0 0 0 0 0 0.0014671785 0 0 0 0 0 0 0 0 0 0 0 0 0 0 0 0 0 0.1012740816 0 0 0 0.0591247097 0 0 0 0.0016094761 0 0 0 0 0 0 0 0 0.0015086471 0 0 0 
0.0142650302 0 0 0 0.0003256906 0 0 0 0 0 0 0 0 0 0.5534514277 0 0 0 0 0.0198164195 0 0.0005123621 0 0.1320169854 0 0 0.1404141650 0.0011457858 0 0 0 0 0.0030720441 0 0 0.0263181440 0 0 0 0 0 0 0.0005249843 0.1081369613 0 0 0 0 0 0 
0 0 0 0 0 0 0 0.0819911839 0 0 0 0 0 0 0 0 0.4306054653 0 0 0 0 0 0 0 0 0 0 0 0 0 0 0 0 0.4838713064 0 0 0 0 0 0.0035320444 0 0 0 0 0 0 0 0 0 0 
0 0 0 0 0 0 0 0 0 0 0 0.0163755681 0 0.0120051380 0 0 0 0.4255091068 0 0 0 0 0 0 0 0 0.5435802146 0 0 0 0 0 0 0 0 0 0 0 0 0 0 0 0 0 0 0 0 0.0025299726 0 0 
0 0 0 0 0 0 0 0 0 0 0 0 0 0 0 0 0 0.2472082187 0 0 0 0 0.0003301055 0.4289171557 0 0 0.1504912833 0 0.0341249616 0.0394840100 0 0 0 0 0.0007279528 0 0 0 0 0 0 0 0 0.0987163123 0 0 0 0 0 0 
0 0 0 0 0 0 0.0126538920 0 0 0.0259410823 0 0 0 0 0 0 0 0.0009560777 0 0 0 0 0.0184313754 0 0 0.0050803822 0.7094773569 0 0 0 0 0 0 0 0 0 0 0 0.0194742979 0 0 0.1977865730 0.0019879781 0 0 0 0.0082109844 0 0 0 
0 0 0 0 0 0 0 0 0 0 0 0 0 0 0 0 0 0.0008738900 0 0 0 0.0009565923 0 0 0 0 0 0.0015405362 0 0.3299069898 0 0 0 0 0 0 0.0020430380 0 0 0 0.6646789537 0 0 0 0 0 0 0 0 0 
0 0 0 0 0 0 0 0 0 0 0 0 0 0 0 0 0 0 0 0 0 0 0 0 0 0 0.9999999750 0 0 0 0 0 0 0 0 0 0 0 0 0 0 0 0 0 0.0000000250 0 0 0 0 0 
0 0 0 0 0 0 0 0 0 0.0427068655 0 0.0854807363 0.0068642183 0 0 0 0 0 0 0 0 0 0 0 0 0 0.7159372715 0 0 0.1067667301 0 0 0 0 0 0 0 0 0 0 0 0 0 0 0.0422441782 0 0 0 0 0 
0 0.2676994373 0 0 0 0.6621924305 0 0 0 0 0 0 0 0 0 0 0.0086637920 0 0 0 0 0 0 0 0 0 0 0 0 0 0 0 0 0 0 0 0 0.0034589806 0 0 0.0579853595 0 0 0 0 0 0 0 0 0 
0 0 0 0 0 0 0 0 0 0 0 0 0.0095539998 0 0 0 0 0 0.0518116302 0 0 0.0327942315 0 0 0 0.0347571982 0.7460305443 0 0 0.0425152119 0 0 0 0.0198579239 0 0 0 0 0 0 0.0202422083 0.0424370520 0 0 0 0 0 0 0 0 
0 0 0 0 0.4109244072 0 0 0 0 0 0 0 0 0 0 0 0 0 0 0 0 0 0 0 0 0.0029186180 0.5790914928 0 0 0 0 0 0 0 0 0 0.0070654821 0 0 0 0 0 0 0 0 0 0 0 0 0 
0 0 0 0.2172006051 0 0 0 0 0.0309002546 0 0 0 0 0 0 0 0 0 0 0.0098583318 0 0 0 0 0 0 0.7420408085 0 0 0 0 0 0 0 0 0 0 0 0 0 0 0 0 0 0 0 0 0 0 0 
0 0.0306464637 0 0 0 0 0 0.2004349300 0 0 0.0919235258 0.3020359200 0 0 0 0 0 0 0 0 0 0.0005686271 0 0.0213525000 0 0 0 0.0012835606 0 0.1798515247 0 0 0.1271904890 0.0393223987 0 0 0 0 0 0 0 0 0.0005995636 0 0 0.0047904967 0 0 0 0 
0 0 0 0 0 0 0 0 0 0 0 0 0 0 0 0 0 0 0 0 0 0 0 0 0 0 1.0000000000 0 0 0 0 0 0 0 0 0 0 0 0 0 0 0 0 0 0 0 0 0 0 0 
0 0 0 0 0 0 0 0 0 0 0 0 0 0 0 0 0 0 0 0 0 0 0 0 0 0 0.3768593232 0 0 0.6122387205 0 0 0 0.0109019563 0 0 0 0 0 0 0 0 0 0 0 0 0 0 0 0 
0 0 0 0 0 0.0097183120 0 0 0 0 0 0.0060870015 0 0 0 0 0 0 0.0014556928 0 0 0 0 0 0.0361431579 0 0.3656215220 0 0.5362040291 0 0 0 0 0 0 0 0 0 0 0.0033870867 0 0 0.0413831980 0 0 0 0 0 0 0 
0 0 0 0.4929672205 0 0 0 0 0 0 0 0 0 0 0 0 0 0 0 0 0 0 0 0 0 0 0.5016274203 0 0 0 0 0 0 0 0.0054053592 0 0 0 0 0 0 0 0 0 0 0 0 0 0 0 
0 0 0 0 0 0 0 0 0 0 0 0 0 0 0 0 0 0.0773447444 0 0 0 0 0 0 0 0 0.1489154692 0 0 0.1555498128 0 0 0 0 0 0 0 0 0 0 0.5636779182 0.0342528083 0 0 0 0 0.0202592471 0 0 0 
0 0.0194055765 0 0 0 0 0 0 0 0 0 0 0 0 0 0 0 0 0 0 0 0 0 0 0 0 0.7974038172 0 0 0.1831906063 0 0 0 0 0 0 0 0 0 0 0 0 0 0 0 0 0 0 0 0 
0 0 0 0.0000000010 0 0 0 0 0 0 0 0 0 0 0 0 0.0000000012 0 0 0 0 0 0 0 0.9924926125 0 0.0075073852 0 0 0 0 0 0 0 0 0 0 0 0 0 0 0 0 0 0 0 0 0 0 0 
0 0 0 0 0.0649186139 0 0 0 0 0 0 0 0 0 0 0 0 0 0.0046589308 0 0 0 0 0 0 0 0.8985701644 0 0 0 0 0 0 0 0 0 0 0 0 0 0 0 0 0 0.0318522909 0 0 0 0 0 
0 0 0 0 0 0 0 0 0 0 0 0.0293997675 0 0 0 0 0 0 0 0 0 0 0 0.0363932258 0 0 0.5119951516 0 0 0.1072081893 0 0 0.1315984507 0 0 0 0 0 0 0 0 0 0 0 0 0.1834052151 0 0 0 0 
0 0 0.0694552735 0.1010297695 0.0004667727 0 0 0 0 0.0084705857 0.0144616615 0 0 0 0 0 0 0 0 0 0 0.0007675899 0 0.0008127367 0 0.0054126449 0.0306913728 0.0020455433 0.0097805129 0 0 0 0.0113669189 0 0 0 0 0 0.0603763062 0 0 0 0.0010247415 0.6630961247 0.0003783106 0 0.0203631349 0 0 0 
0 0 0 0 0 0 0 0 0 0 0 0 0 0 0 0 0 0 0 0 0 0 0 0 0 0 1.0000000000 0 0 0 0 0 0 0 0 0 0 0 0 0 0 0 0 0 0 0 0 0 0 0 
0 0 0 0 0 0 0 0 0 0 0 0 0 0 0.0024228551 0 0 0.0083239226 0 0 0 0.2873372135 0 0 0 0 0 0.0005234098 0 0 0 0 0 0.0375416391 0 0.6576083436 0 0 0 0 0 0 0 0.0010972425 0.0051453738 0 0 0 0 0 
0 0 0 0.4244157864 0 0 0 0 0 0 0 0 0 0 0 0 0 0 0 0 0 0 0 0 0 0 0.5507548203 0 0 0 0 0 0 0 0 0.0248293934 0 0 0 0 0 0 0 0 0 0 0 0 0 0 
0 0 0 0 0.0016079166 0.1598012575 0 0 0 0 0 0 0 0 0 0 0.3366843343 0 0.0123418113 0 0.0290419909 0.0021843961 0 0.0011120516 0 0 0 0.0045775156 0.3547700708 0 0 0 0 0 0 0 0 0 0 0 0.0945521752 0 0.0022272884 0 0.0010991916 0 0 0 0 0 
0 0 0 0 0 0 0 0 0 0 0 0 0 0 0.0054324326 0 0.0276694451 0 0 0 0 0.0015095581 0 0.0010484035 0 0 0.0133264297 0.0032044699 0.5793225467 0 0 0.0252605523 0 0.0914640895 0 0 0 0 0 0 0 0 0.0014326164 0 0.0127088634 0.2376205928 0 0 0 0 
0 0 0 0 0 0 0 0 0 0 0 0 0 0 0 0 0 0 0.0015204646 0 0 0 0 0 0 0 0 0 0 0.0489268859 0 0 0 0.0998869998 0 0 0 0 0 0 0.8496656496 0 0 0 0 0 0 0 0 0 
0 0.0010227836 0 0 0 0 0 0 0 0 0 0 0 0 0 0 0 0 0 0 0 0 0 0 0 0 0.1527180576 0 0 0.6435122910 0 0 0 0 0 0 0.0048986995 0 0 0 0.0107195557 0 0.1871286126 0 0 0 0 0 0 0 
0 0 0 0 0 0 0 0 0 0.0022733699 0 0 0 0 0 0 0 0 0 0 0 0 0 0 0 0.0027561583 0.4838031495 0 0 0.5000419164 0 0 0 0 0 0 0 0 0 0 0.0111254058 0 0 0 0 0 0 0 0 0 
0 0 0 0 0 0 0 0 0 0 0 0 0 0 0 0 0 0 0 0 0 0 0 0 0 0 1.0000000000 0 0 0 0 0 0 0 0 0 0 0 0 0 0 0 0 0 0 0 0 0 0 0 
0 0 0 0 0 0 0 0 0 0 0 0 0 0 0 0 0 0 0 0 0 0 0 0 0 0.0186986414 0.8819598175 0 0 0 0 0 0 0 0 0 0 0 0 0 0.0993415412 0 0 0 0 0 0 0 0 0 
0 0 0.0007852006 0 0.2116400970 0.0123582861 0 0 0 0 0 0 0 0 0 0 0 0.0876920619 0 0 0 0 0.0043693359 0 0 0 0.5207328816 0 0 0.0155043574 0 0 0 0 0 0 0 0.0039846851 0 0 0 0 0.1429330946 0 0 0 0 0 0 0 
0 0 0 0 0 0 0 0 0 0 0 0.1027240684 0 0 0 0 0 0 0 0 0 0 0 0 0 0 0.8972759316 0 0 0 0 0 0 0 0 0 0 0 0 0 0 0 0 0 0 0 0 0 0 0 
0 0 0 0 0 0 0 0.0068030576 0 0 0.0189371649 0 0 0 0 0 0 0 0 0 0 0 0.0029354383 0.5375701228 0 0 0.4172548300 0 0.0073778594 0 0 0 0 0 0 0 0 0 0 0 0 0 0 0.0091215270 0 0 0 0 0 0 
0 0 0 0 0 0 0 0 0 0 0 0 0 0 0 0 0 0 0 0 0 0 0 0 0 0 1.0000000000 0 0 0 0 0 0 0 0 0 0 0 0 0 0 0 0 0 0 0 0 0 0 0 
0 0 0 0 0 0 0 0 0 0 0 0 0 0 0 0 1.0000000000 0 0 0 0 0 0 0 0 0 0 0 0 0 0 0 0 0 0 0 0 0 0 0 0 0 0 0 0 0 0 0 0 0 
0 0 0 0 0.2377200597 0 0 0 0 0 0 0 0 0 0 0 0.2240956354 0 0 0 0 0 0 0 0 0 0 0.0019918991 0 0 0 0 0.0246092140 0.1468765473 0 0 0 0.1255799903 0 0 0.2294962199 0 0.0008413718 0 0 0 0.0087890625 0 0 0 
0 0 0 0 0 0 0 0 0 0 0 0 0 0 0 0 0 0 0 0 0 0 0 0 0 0 0 0 0 1.0000000000 0 0 0 0 0 0 0 0 0 0 0 0 0 0 0 0 0 0 0 0 
0 0 0 0 0 0 0 0 0.0076760756 0 0 0 0 0.0275009449 0 0 0 0 0 0 0 0 0 0 0 0 0 0 0 0 0 0 0 0.8757426199 0 0 0 0 0 0 0 0 0 0 0 0 0 0 0.0890803596 0 
0.0479858694 0 0 0 0 0 0 0 0 0 0 0 0 0 0 0 0 0 0 0 0 0 0 0.1116897924 0 0 0.8395111984 0 0 0 0 0 0 0 0 0 0 0 0 0.0008131398 0 0 0 0 0 0 0 0 0 0 
0 0 0 0 0 0 0 0.0505516574 0 0 0 0.0163056473 0 0 0 0 0.1487271888 0 0 0 0 0.0483883053 0 0 0 0 0 0 0 0 0.2896169159 0 0 0 0 0 0 0 0 0.4456964368 0 0 0 0 0 0 0 0 0 0.0007138485 
0 0 0 0 0.0898577224 0 0 0.0065434656 0 0 0 0 0 0 0 0 0 0 0 0 0 0 0 0 0 0 0.6117727949 0 0.1608422154 0.0798725105 0 0 0 0 0 0 0 0 0.0418091703 0.0093021208 0 0 0 0 0 0 0 0 0 0 
0 0 0 0 0 0 0 0 0 0 0 0 0 0 0 0 0 0 0 0 0 0 0 0 0 0 1.0000000000 0 0 0 0 0 0 0 0 0 0 0 0 0 0 0 0 0 0 0 0 0 0 0 
0 0 0 0 0 0 0 0 0 0 0 0 0 0 0 0 0.0122515356 0 0 0 0 0 0 0 0 0 0.6889075825 0 0.2563778872 0 0 0 0 0.0067474574 0 0 0 0 0 0 0 0.0357155372 0 0 0 0 0 0 0 0 
0 0 0 0 0 0 0 0 0 0 0 0 0 0 0 0 0 0 0 0.0092022006 0 0 0 0 0.5277307094 0 0.0776663490 0 0 0.3833522733 0 0 0 0 0 0 0.0020484677 0 0 0 0 0 0 0 0 0 0 0 0 0 
0.6459451080 0 0 0 0.0005038775 0 0 0 0 0.0777952140 0 0 0 0.0018095356 0 0 0 0 0 0.1084935808 0.0417210182 0.0233501267 0 0.0004268262 0 0 0.0087216062 0.0018561648 0 0 0 0 0.0805627536 0 0 0 0 0 0.0074253075 0 0 0 0.0009341828 0 0.0004546981 0 0 0 0 0 
0 0 0 0.0134684045 0 0 0 0 0.4542508916 0 0 0 0 0 0.0180930785 0 0 0 0 0 0 0.0543120308 0 0 0 0 0.3796865389 0 0.0427700051 0 0 0 0 0 0 0.0374190507 0 0 0 0 0 0 0 0 0 0 0 0 0 0 
0.0999613610 0 0 0 0.0025066918 0 0 0.0668597042 0 0 0 0.0019338909 0 0 0 0 0 0 0 0 0 0.0030271916 0 0.0023036395 0 0 0.1559907745 0.0092123753 0 0.2435555767 0 0 0.4092453363 0 0 0 0 0 0 0 0 0 0.0040022795 0 0.0014011787 0 0 0 0 0 
0 0 0 0 0.0009361432 0 0 0 0 0 0 0.6684101378 0 0 0 0.0092424075 0 0 0 0 0 0.0011570928 0 0.0008492083 0 0 0 0.0034773087 0 0 0 0 0.0950190764 0 0.2182879810 0 0 0 0 0 0 0 0.0010059151 0 0.0005937859 0 0 0.0010209435 0 0 
0 0 0 0 0 0 0 0.0000125549 0 0 0 0 0 0 0.0007641871 0 0 0.0000138550 0 0 0 0.9234665114 0 0 0 0 0 0.0000114232 0 0 0 0.0748144503 0 0 0 0.0001165664 0 0 0.0001238972 0 0 0 0 0.0006765545 0 0 0 0 0 0 
0 0 0 0 0 0 0 0.4364613146 0 0 0 0 0 0 0 0 0 0 0 0 0 0 0 0 0 0 0 0 0 0 0 0 0 0.5635386854 0 0 0 0 0 0 0 0 0 0 0 0 0 0 0 0 
0 0 0.0586049324 0 0 0 0 0 0 0 0 0 0.0004279847 0 0 0 0 0 0 0 0 0 0 0 0 0 0.0005135943 0 0 0 0 0 0 0 0 0 0 0.0148452810 0.9256082075 0 0 0 0 0 0 0 0 0 0 0 
0.9353194153 0 0 0 0 0 0 0 0 0 0 0 0 0 0 0 0 0 0 0 0 0 0 0 0 0 0 0 0 0 0 0 0 0 0 0 0 0 0 0.0646805847 0 0 0 0 0 0 0 0 0 0 
0 0.9699996802 0.0224529852 0 0 0 0 0 0 0 0 0.0050254847 0 0 0 0 0 0 0 0 0 0 0 0 0 0 0 0 0 0 0 0 0.0002935314 0.0008235693 0 0 0 0 0 0 0 0 0.0014047491 0 0 0 0 0 0 0 
0 0 0 0.5535762074 0 0.1671059406 0 0 0 0 0 0 0 0 0 0 0.0151915948 0 0 0 0 0 0 0 0 0 0 0.0011499594 0.1147661194 0 0 0 0 0.1482101784 0 0 0 0 0 0 0 0 0 0 0 0 0 0 0 0 
0.8957141753 0 0 0 0 0 0 0 0 0 0 0 0 0 0 0.0179208861 0 0 0 0 0.0077621036 0 0 0 0 0 0 0 0 0 0 0.0197087073 0 0 0 0 0 0.0588941277 0 0 0 0 0 0 0 0 0 0 0 0 
0.5202146011 0 0 0 0 0 0.0039474428 0.0160710877 0 0 0 0 0 0 0 0 0.4530472432 0 0 0 0 0 0 0 0 0 0 0 0 0 0 0.0067196252 0 0 0 0 0 0 0 0 0 0 0 0 0 0 0 0 0 0 
0.3477741701 0 0 0.0445288987 0 0 0 0 0 0 0 0 0 0 0.5612767305 0 0 0 0 0 0 0 0 0 0 0 0.0125127939 0 0 0.0339074068 0 0 0 0 0 0 0 0 0 0 0 0 0 0 0 0 0 0 0 0 
0 0 0 0 0 0 0.0075439022 0.0074169053 0 0 0 0 0 0 0 0.2115578125 0.0209570042 0 0 0 0 0 0 0 0 0 0 0.0009514115 0 0 0 0 0 0 0 0 0 0 0.3317840121 0.3583116073 0 0 0 0 0 0 0 0 0 0.0614773448 
0.2677392950 0 0 0.0421144054 0 0.2525086811 0 0.3800299234 0 0 0 0 0 0 0 0 0 0 0 0 0 0 0 0 0 0 0 0 0 0 0 0 0 0 0 0 0 0 0 0 0 0 0 0 0.0066237016 0 0 0 0 0.0509839934 
0 0 0 0.3564171059 0 0 0 0 0 0 0 0 0 0 0.0956572124 0 0 0 0 0 0 0.0013516878 0 0.0008450799 0 0 0.3282183732 0.0027050273 0 0 0 0 0 0 0.0822229275 0 0 0 0 0 0 0 0.0014069951 0 0.1311755910 0 0 0 0 0 
0.0255213633 0 0 0 0.0006040562 0 0.0009422577 0 0 0.0073235414 0 0 0 0.1996395369 0 0 0.0028495231 0 0 0.0804050023 0 0.0218433752 0 0.0011256873 0 0 0 0.0040271345 0 0 0 0 0 0 0.0018145863 0.1389401704 0.0009066316 0 0.1020449452 0.0240091743 0 0 0.0506303961 0.2580998721 0.0209263760 0 0 0 0 0.0583463700 
0 0 0 0 0.5165420035 0.4834579965 0 0 0 0 0 0 0 0 0 0 0 0 0 0 0 0 0 0 0 0 0 0 0 0 0 0 0 0 0 0 0 0 0 0 0 0 0 0 0 0 0 0 0 0 
0 0.1725086952 0 0 0.0009690405 0 0.0011725629 0 0 0 0 0 0 0 0 0 0 0 0.0093777250 0.2435404152 0 0.0018487663 0 0 0 0 0.0158720898 0.0038360995 0 0 0 0.4404610344 0 0 0 0 0 0 0 0 0 0 0.0016709211 0 0 0.1087426501 0 0 0 0 
0.0376334444 0 0 0 0 0 0 0 0 0 0 0.0659001557 0 0 0 0 0 0 0 0 0 0 0 0 0 0 0.7011516385 0 0.0065796701 0 0.1803899422 0 0 0.0083451491 0 0 0 0 0 0 0 0 0 0 0 0 0 0 0 0 
0 0 0 0 0 0 0 0 0 0 0.0949806888 0.5886874649 0 0 0 0 0 0 0 0 0 0.0009750849 0 0 0 0 0.2055190229 0.0020746797 0 0.0929381971 0 0 0 0 0 0 0 0 0 0 0 0 0.0011121665 0 0 0 0.0137126952 0 0 0 
0 0 0 0 0 0.1571325071 0 0.1102387076 0 0 0 0.0573601948 0 0 0.4191358711 0 0 0 0 0 0 0 0 0 0.0326310335 0.0130329138 0 0 0 0 0 0.1434627369 0 0.0670060352 0 0 0 0 0 0 0 0 0 0 0 0 0 0 0 0 
0 0 0 0 0.0010310659 0.0211597083 0.0022991788 0 0 0.2358039632 0 0 0 0 0 0 0 0 0 0.0425643057 0 0.0278173268 0 0.0008474537 0 0 0 0.0044413348 0 0 0.0007287134 0 0.0191527514 0 0 0 0 0 0 0 0 0 0.0018974599 0 0.0009851489 0.3936848466 0 0 0 0.2475867427 
0.2505207321 0 0 0 0 0 0 0 0 0 0 0.3118442236 0 0 0.0087633563 0 0 0 0 0 0 0 0 0 0 0 0.0019873860 0.0007669458 0 0 0 0 0 0 0 0 0 0 0 0 0.0197595799 0 0 0 0.0147545861 0.1119237430 0.1554781622 0 0 0.1242012848 
0 0 0 0 0 0 0 0 0 0 0 0 0 0 0 0 0 0 0 0 0 0 0 0 0 0 0 0 0 0 0 0 0 0 0 0 0 0 0 0.0150347079 0 0 0 0 0 0 0 0 0 0.9849652921 
0 0 0 0 0 0 0 0 0 0 0 0 0 0 0 0 0 0 0 0 0 0 0 0 0 0 0 0 0 0 0 0.9020572481 0 0 0 0 0 0 0 0.0979427519 0 0 0 0 0 0 0 0 0 0 
0 0 0 0.0018860993 0 0 0 0 0 0.0031213596 0 0 0 0.0627174655 0 0.0133833718 0.0009218253 0.0040848122 0.1140605277 0.0280751273 0 0.0002544603 0 0 0 0 0.0016114070 0.0007738159 0 0 0 0 0 0 0 0 0 0.0134354354 0.5925565954 0 0 0 0.0002936944 0 0 0.0188327122 0.1248290243 0 0.0191622663 0 
0 0 0 0.0207418909 0 0 0.0049448888 0 0 0 0 0 0 0 0 0.0017430019 0 0 0.7496242987 0 0 0 0.0163942959 0 0 0 0 0.0001676641 0 0 0 0.0840407509 0 0 0 0 0 0.0022213062 0.0366039578 0.0813229920 0 0 0 0 0 0 0 0 0 0.0021949527 
0 0 0 0 0.0006057811 0 0 0 0 0 0 0 0.0006022554 0 0 0 0.0250670301 0.0046079350 0 0 0 0.2919355374 0 0.0006605999 0 0 0 0.0018978687 0 0.0094452925 0.0644817840 0.1503746596 0 0 0 0 0.0040819178 0 0.0099061015 0.0483548118 0 0 0.0007891360 0.3838471934 0 0 0 0.0033420956 0 0 
0 0 0 0.4332671261 0 0 0 0 0.0331843425 0 0 0 0 0.0392428918 0 0 0 0 0 0 0 0.0011992265 0 0.0304810609 0 0 0.0639033068 0.0029569675 0 0 0 0 0.0540423885 0 0 0 0 0 0 0 0 0 0.0014724762 0 0 0 0.1897118955 0 0.1505383178 0 
0 0 0 0.0412230024 0 0 0 0 0.0899047325 0 0 0 0 0 0 0 0 0 0 0 0.0015006342 0 0 0 0 0 0 0 0 0 0 0.7760847512 0 0 0 0 0 0 0 0 0 0 0 0 0 0 0.0885289269 0 0 0.0027579529 
0 0 0.0143296409 0.0083919974 0 0 0 0 0 0 0 0 0 0 0 0 0 0 0 0 0 0.1676022980 0 0 0 0 0.1797052129 0.0018368279 0 0 0.3355605302 0.0078095157 0 0 0 0 0 0 0 0 0 0.2779853838 0.0011237079 0 0.0056548853 0 0 0 0 0 
0 0 0 0.1380636035 0.0015216438 0 0 0 0 0 0 0 0 0 0.2006540579 0 0 0 0 0 0.0476591206 0.0017068892 0 0.0009473992 0 0 0 0.0043107336 0 0 0 0.1941830319 0.0528919816 0 0 0 0 0 0 0 0 0 0.0013005297 0 0 0.0227088377 0.1811723989 0 0 0.1528797724 
0.0313383851 0 0 0.0510531554 0.4934085133 0 0 0 0 0 0.0023592383 0 0 0 0 0 0 0 0 0 0 0.0011565951 0 0.0007101295 0 0.0925330494 0.2602040517 0.0018876400 0 0 0 0 0.0065843478 0 0 0 0 0 0.0190529685 0 0 0.0385644734 0.0011474525 0 0 0 0 0 0 0 
0 0 0 0 0 0 0 0 0 0 0 0 0 0.0052611895 0 0 0 0 0.0076392154 0 0 0 0 0 0 0 0 0 0 0 0 0.9870995951 0 0 0 0 0 0 0 0 0 0 0 0 0 0 0 0 0 0 
0 0 0 0 0 0 0 0 0 0 0 0 0 0 0 0 0 0 0 0 0 0 0 0.0023873013 0 0 0.0171870273 0 0 0.0049743652 0 0 0 0 0 0 0 0 0 0 0 0 0 0 0.0240231080 0 0 0 0.9514281982 0 
0 0 0 0 0 0 0 0.0032532940 0 0 0 0 0 0 0 0 0 0 0 0 0 0 0 0.3685473534 0 0 0 0 0.0079913705 0 0.6187331943 0.0014747878 0 0 0 0 0 0 0 0 0 0 0 0 0 0 0 0 0 0 
0 0 0 0.0000000593 0 0 0 0 0 0 0 0 0 0 0 0 0 0 0.0000000015 0 0 0 0 0 0 0 0 0 0 0 0 0 0 0 0 0 0 0 0.9999999392 0 0 0 0 0 0 0 0 0 0 0 
0 0 0 0 0 0.0747180736 0 0 0.0101685547 0 0 0 0 0 0 0 0 0 0 0 0 0.0180099658 0 0.0109512043 0 0.0110473633 0 0.0026939471 0 0 0 0.3128349536 0.5021577897 0 0 0.0561640262 0 0 0 0 0 0 0.0012541219 0 0 0 0 0 0 0 
0.9760532379 0 0 0 0 0 0 0 0 0 0 0 0 0 0 0 0.0239467621 0 0 0 0 0 0 0 0 0 0 0 0 0 0 0 0 0 0 0 0 0 0 0 0 0 0 0 0 0 0 0 0 0 
0 0 0.0093053224 0 0 0 0 0 0 0 0 0 0 0 0 0 0 0.0020409058 0 0 0 0 0 0 0.2918633985 0 0 0 0.0344102056 0 0 0.0282102536 0 0.5329677174 0 0 0 0 0 0 0 0.0346007953 0 0 0 0 0 0 0.0122163112 0.0543850903 
0.1308982525 0 0 0.1905774999 0 0 0 0 0 0 0 0 0 0 0.0077699982 0 0 0 0 0 0 0 0 0.0370560429 0 0 0 0 0 0 0 0.5941186147 0 0 0 0 0 0 0.0296822872 0 0 0 0 0 0 0 0 0.0090292664 0 0.0008680383 
0.7239374072 0 0 0 0 0.0897092305 0 0 0 0 0 0 0 0 0 0 0.0091167317 0 0 0 0 0.0006293937 0 0 0 0 0 0.0013116992 0.0621455348 0 0 0 0 0.1068806173 0 0 0 0 0 0 0 0 0 0 0.0062693857 0 0 0 0 0 
0 0 0 0 0 0.0415637002 0 0 0 0.0026490594 0 0 0 0.0048355274 0.0116261463 0.0048452396 0 0 0 0.0164586015 0 0.0088805830 0 0 0 0 0.2423877368 0.0008032244 0 0.0097006675 0 0 0 0 0 0.0169021490 0 0 0 0 0 0 0.0004334391 0 0.6389139258 0 0 0 0 0 
0.0611023832 0 0 0 0 0 0 0 0 0 0 0 0 0 0.2602549696 0 0.0903909206 0 0 0 0 0 0 0 0 0 0 0 0.0460960147 0 0 0.3996335073 0 0.0373956947 0 0 0 0 0 0.0005462761 0.0939334376 0 0 0 0 0.0106467963 0 0 0 0 
0 0 0 0 0 0 0 0.0662492955 0 0 0 0 0 0 0.2888662801 0 0 0 0 0 0 0 0 0 0 0 0.0519787594 0 0.3195010158 0.2272629193 0.0461417299 0 0 0 0 0 0 0 0 0 0 0 0 0 0 0 0 0 0 0 
0 0 0 0 0.2421045733 0 0 0 0 0 0 0 0 0 0 0 0 0 0 0 0 0 0 0 0 0 0 0 0.7074686862 0.0469966764 0 0.0034300641 0 0 0 0 0 0 0 0 0 0 0 0 0 0 0 0 0 0 
0 0 0 0 0 0 0 0 0.0273437500 0 0 0 0 0.0186703867 0 0 0 0 0 0 0 0 0 0 0 0 0 0 0 0 0 0 0 0 0 0 0 0 0.9539858633 0 0 0 0 0 0 0 0 0 0 0 
0 0 0 0 0 0 0 0 0.2659537513 0 0 0 0 0 0.0494362575 0 0 0 0 0 0 0.0009151827 0 0 0 0 0.0617889268 0.0021086008 0 0 0 0 0 0 0 0 0 0 0.5953403054 0 0 0 0.0244569755 0 0 0 0 0 0 0 
0 0 0 0.0015869583 0 0 0 0 0 0 0 0 0 0 0.9984130368 0 0 0 0 0 0 0 0 0 0 0 0.0000000050 0 0 0 0 0 0 0 0 0 0 0 0 0 0 0 0 0 0 0 0 0 0 0 
0 0 0 0 0 0 0 0 0 0 0 0 0 0 0 0 0 0.3549313137 0 0 0 0 0 0 0 0 0.0556618006 0 0 0.5894068857 0 0 0 0 0 0 0 0 0 0 0 0 0 0 0 0 0 0 0 0 
0 0 0 0 0.0016268207 0 0 0 0 0 0.3220030076 0 0 0 0 0 0.0614019382 0 0.0179523677 0 0 0.0029923642 0 0.0019152596 0 0 0 0.0070702947 0 0.1045380614 0.1692133985 0 0 0.3067704611 0 0 0 0 0 0 0 0 0.0029628347 0 0.0015531917 0 0 0 0 0 
0.0376327724 0 0 0 0 0 0 0.0058860295 0 0 0 0 0 0 0.0010135935 0 0.0228883734 0 0 0 0 0 0 0 0 0 0 0 0 0 0 0 0 0 0 0.0164211686 0 0.0005514781 0 0 0 0.0018904058 0 0 0 0.7867784753 0 0 0 0.1269377035 
0.0164148567 0 0 0.1559663640 0.0011389884 0 0 0 0 0 0.1062696860 0 0 0 0.6596945996 0 0 0 0 0 0 0.0018268492 0 0.0010940624 0 0 0 0.0046320536 0 0 0 0.0507152285 0 0 0 0 0 0 0 0 0 0 0.0022473116 0 0 0 0 0 0 0 
0 0 0 0 0 0 0 0 0 0 0 0 0 0 0.8298025720 0 0 0 0 0 0 0 0 0.0410606055 0 0 0.0040473399 0 0.0337129340 0 0 0 0 0 0 0 0 0 0 0 0 0 0 0.0913765486 0 0 0 0 0 0 
0 0 0 0.2129551104 0 0 0 0 0 0 0 0 0 0 0 0 0 0.0020179432 0 0 0 0 0 0.0504076970 0 0 0.1578121668 0.0012475925 0.5138831891 0.0231927805 0 0 0 0 0 0.0196161510 0 0 0.0188673695 0 0 0 0 0 0 0 0 0 0 0 
0 0 0.0309360650 0.2430204786 0.0009500530 0 0 0 0.0189753938 0 0 0 0 0.1441200974 0.0664924205 0.0151255005 0 0 0 0 0 0.0011948790 0 0 0 0 0 0.0030295842 0 0 0 0.4521970942 0 0 0 0 0 0 0 0 0 0 0.0010488898 0 0 0 0 0 0.0229095440 0 
0 0 0 0 0 0 0 0 0 0 0 0 0 0 0 0 0.2159338613 0 0 0 0 0 0 0 0.2208818447 0 0 0.0007633793 0 0 0 0 0 0 0 0 0 0 0 0.1657498700 0.3335569637 0 0 0 0.0403234807 0 0 0 0 0.0227906002 
0 0 0 0 0.0301933571 0 0 0 0 0 0 0 0 0 0.3359691486 0 0 0 0 0 0 0 0 0 0 0 0 0 0 0 0 0.1389735291 0 0 0 0 0.0010758998 0 0.4937880654 0 0 0 0 0 0 0 0 0 0 0 
0.3776871686 0.0122516950 0 0 0 0.0960543986 0 0 0 0 0.0014986186 0 0 0 0.0236986000 0 0 0 0 0 0 0.0005369356 0 0 0 0 0.0381598267 0.0010255082 0 0 0 0 0 0 0 0.0160266579 0 0 0.0211902969 0 0 0 0.0005993017 0.2715583380 0 0.1397126541 0 0 0 0 
0 0 0.0353104113 0 0.3032497791 0.1305868821 0 0.0339531742 0 0 0 0 0 0 0.0131139697 0 0 0.0133507959 0 0 0 0 0 0 0 0 0 0 0 0 0 0 0 0 0 0.3440333130 0 0 0.0855078759 0.0138664258 0 0 0 0 0 0 0 0 0 0.0270273729 
0.0260676320 0 0 0 0.0256967683 0 0 0 0 0 0 0 0 0 0.0873660272 0 0.0275752505 0 0 0 0 0 0 0 0 0 0 0 0.2534402868 0.2071341928 0 0 0 0 0.0030857896 0.0130547037 0 0 0 0 0 0 0 0 0.3565793491 0 0 0 0 0 
0 0 0 0 0 0.0117122484 0 0 0.1034782001 0 0 0 0 0 0 0 0 0 0 0 0 0 0 0 0 0 0.0090688800 0 0 0.0110153791 0 0.7683976616 0 0 0 0.0675761099 0 0 0.0017258178 0 0 0 0 0.0270257032 0 0 0 0 0 0 
0 0 0.0577469607 0 0 0 0.0049680132 0.0236865838 0 0 0 0 0 0 0 0.0094452208 0 0 0 0 0.2217347598 0 0 0 0 0 0 0 0 0 0 0.3860952832 0 0 0.0235702221 0 0 0 0 0.2727529564 0 0 0 0 0 0 0 0 0 0 
0 0.5632502403 0 0.0221203437 0 0 0 0 0 0 0 0 0 0 0 0 0 0 0.0027957887 0 0 0 0 0 0.0321165197 0 0 0.0006969642 0.3428894150 0.0361307285 0 0 0 0 0 0 0 0 0 0 0 0 0 0 0 0 0 0 0 0 
0 0 0 0 0 0 0 0 0 0 0 0 0 0 0.6491231913 0 0 0 0.0169748744 0 0 0.0010306697 0 0 0 0 0 0.0022976995 0 0 0 0.0207029176 0 0 0 0 0 0 0 0 0 0 0.0013662879 0.0953058022 0 0.0276751943 0 0 0.1855233631 0 
0 0 0 0 0 0 0 0 0 0 0 0 0 0 0 0 0 0 0 0 0 0 0 0 0 0 0 0 0 0 0 0 0 0 0 0 0 0 0 0 0 0 0 0 0 0 0 0 0 1.0000000000 
0 0.0012012030 0 0.0015001808 0 0 0 0 0 0 0 0 0 0 0 0 0 0 0 0 0 0 0 0.0084041033 0.0016895242 0.4821991730 0.0100635773 0 0.0004433401 0 0 0 0.0013739896 0 0 0 0 0 0.0008708200 0 0 0 0 0.4875932805 0 0 0 0 0.0046608083 0 
0 0 0 0 0 0 0 0 1.0000000000 0 0 0 0 0 0 0 0 0 0 0 0 0 0 0 0 0 0 0 0 0 0 0 0 0 0 0 0 0 0 0 0 0 0 0 0 0 0 0 0 0 
0.7946249641 0 0 0 0 0 0 0 0.0041119437 0 0 0 0 0 0 0 0.0003081266 0 0 0 0 0 0 0.1636454449 0 0 0 0 0.0031088154 0 0 0.0342007052 0 0 0 0 0 0 0 0 0 0 0 0 0 0 0 0 0 0 
0 0 0 0 0 0 0 0 0 0 0 0 0 0 0 0 0 0 0 0 0.0081799360 0 0 0 0 0 0 0 0 0 0 0.4595382380 0 0 0 0 0 0 0.0657836244 0 0 0 0 0 0 0 0 0 0 0.4664982017 
0 0 0 0.4760025277 0 0 0 0 0.0151370722 0 0 0 0 0 0 0 0 0 0 0 0 0 0 0 0 0 0 0.0016020617 0 0 0.0395772590 0 0 0 0 0 0 0 0 0.0424751149 0.0102022106 0 0.0348912164 0 0 0 0.2991397137 0 0 0.0809728238 
0 0 0.0049494598 0 0 0 0.0047129855 0 0 0 0 0 0 0 0 0 0.6570186278 0 0 0 0 0 0 0 0 0 0 0 0 0 0 0 0 0 0 0 0 0 0 0.3333189268 0 0 0 0 0 0 0 0 0 0 
0.1066519151 0 0 0 0 0 0 0 0 0 0 0 0 0.0016365654 0 0 0 0 0 0 0 0.0009791438 0 0.0107421875 0 0 0.0111073656 0.0021262015 0.2969108182 0 0 0 0 0 0 0 0 0 0.5260338609 0 0 0 0.0438119421 0 0 0 0 0 0 0 
0 0 0 0 0.0006425109 0 0 0.2215967153 0 0 0 0 0 0 0.0780408464 0 0.0530326785 0 0 0 0 0.0012368256 0 0.0008375096 0 0.0102311959 0.0090096428 0.0024159705 0 0 0 0.2628256148 0 0 0 0.2245905250 0 0 0 0 0.0144889487 0 0.0010204312 0 0.1200305848 0 0 0 0 0 
0 0 0 0 0.0010722548 0 0 0 0 0.0583755992 0 0 0 0.0277594314 0 0 0 0 0 0.3276301247 0 0.0019231223 0 0 0 0 0.0037050368 0.0036240580 0 0 0.0137357881 0 0 0 0 0.0130021916 0 0 0 0 0 0.2934633860 0.0017919108 0 0.0007437784 0.2439607915 0.0092125265 0 0 0 
0.0506030966 0 0 0 0 0 0 0.3890759940 0 0 0 0 0 0 0.0168028179 0 0 0 0 0 0 0 0 0.3708930022 0 0 0 0.0005640071 0.1318355644 0.0389620930 0 0 0 0 0 0 0 0 0 0 0 0 0 0 0 0 0 0.0012634249 0 0 
0.1206230848 0 0 0 0 0 0 0 0 0 0.1835015348 0 0 0 0 0 0 0 0 0 0 0 0 0 0 0 0 0.0007628858 0 0 0 0.4884778055 0 0 0 0 0 0 0 0.0045495463 0 0 0 0 0 0 0 0 0 0.2020851428 
0 0 0 0.0241256179 0 0.4267502423 0 0 0 0 0 0 0 0 0.0192686566 0 0 0 0 0 0 0 0 0 0 0 0 0.0003048368 0 0 0 0 0 0 0 0.0044653372 0 0 0 0 0 0.4944963167 0 0 0.0305889924 0 0 0 0 0 
0 0 0 0 0 0 0 0 0 0.0116434097 0 0 0 0 0.9545047193 0 0 0 0 0 0 0 0 0 0 0 0.0316140236 0 0 0 0 0 0 0 0 0 0 0.0022378474 0 0 0 0 0 0 0 0 0 0 0 0 
0 0 0 0 0.0008372372 0 0 0 0 0 0 0 0 0 0 0.0029934459 0.2556758020 0 0.0025165758 0 0 0.0008496210 0 0.0007651995 0.0463636977 0 0 0.0029778916 0 0 0.0167757947 0 0 0 0 0.0596679326 0.0034723809 0 0 0 0 0 0.1431880973 0 0.0638602717 0 0.0149077336 0 0 0.3851483185 
0 0 0 0 0 0 0 0 0 0.8682697148 0 0.0259190802 0 0 0 0 0 0 0 0 0 0 0 0 0 0 0.0959539256 0 0 0 0 0 0 0 0 0 0 0.0098572794 0 0 0 0 0 0 0 0 0 0 0 0 
0 0 0 0 0 0 0 0 0.1237385915 0 0 0 0 0 0.0126262076 0 0 0 0 0 0 0 0 0 0 0 0 0 0 0 0 0.8406378065 0 0 0 0 0 0 0 0 0 0.0229973944 0 0 0 0 0 0 0 0 
0.0119266359 0 0 0 0 0 0 0.0101967071 0 0.0078851852 0 0.2100143709 0 0 0 0 0 0.1678429443 0 0 0 0 0.0071813749 0.2246935794 0.0101051255 0 0.2385567415 0 0.0140045860 0.0967017815 0 0 0 0 0 0 0 0 0 0 0 0 0 0 0 0 0 0.0008909678 0 0 
0 0 0 0 0.2205179405 0 0 0.4187170169 0 0 0 0.0100634070 0 0 0.0377383538 0 0 0 0 0 0 0.2389847453 0 0.0004512697 0 0 0.0248250980 0.0013828735 0.0274107450 0 0 0 0 0 0 0.0192707685 0 0 0 0 0 0 0.0006377819 0 0 0 0 0 0 0 
0 0 0 0 0 0 0 0.0407640872 0 0 0 0 0 0 0 0 0.4747641378 0 0 0 0 0 0 0 0 0.0478718950 0 0 0 0 0 0.0575395227 0 0.2418492869 0.0597761172 0 0.0258567460 0 0 0.0515782072 0 0 0 0 0 0 0 0 0 0 
0 0 0 0 0.2729428399 0 0 0.0022136268 0 0 0 0 0 0 0.0288448635 0 0 0 0 0.0095778660 0 0.0004532559 0 0 0 0 0.0086366381 0.0009308124 0 0 0 0 0 0 0 0 0 0 0.6664904089 0 0 0 0 0.0099096884 0 0 0 0 0 0 
0 0 0 0.0351957801 0.0010495960 0 0 0 0 0 0 0 0 0 0 0 0 0 0.0301703937 0 0 0.0024496686 0 0.0012948562 0 0 0 0.0061690684 0 0 0 0 0 0.5061683330 0 0 0 0 0 0 0 0 0.0026719461 0.2050346071 0.0013237672 0 0.1980868023 0 0 0.0103851815 
0 0 0 0 0 0 0 0 0 0.0024337583 0 0 0 0 0 0 0 0 0 0 0 0 0 0 0 0 0 0 0 0 0 0.9975662417 0 0 0 0 0 0 0 0 0 0 0 0 0 0 0 0 0 0 
0 0 0 0.3449301839 0 0 0 0 0 0 0 0 0 0 0.0141873768 0 0 0 0 0 0 0.0006440375 0.0032477231 0 0 0 0 0.0013822600 0 0 0 0.5457941617 0 0 0 0 0 0 0 0 0 0 0.0006225616 0 0.0891916954 0 0 0 0 0 
0 0 0.0145101861 0 0 0 0 0 0 0 0 0 0 0.0257787080 0.0145446902 0 0 0 0 0 0 0.0008008274 0 0 0 0 0 0.0021859566 0 0 0 0 0 0 0 0 0 0 0 0 0 0.6156809836 0.0008707313 0 0 0 0.0024559418 0 0.1751650362 0.1480069388 
0.0360133665 0 0 0 0 0 0 0 0 0 0 0 0 0 0 0 0.0908018991 0 0 0 0 0.3965983001 0 0 0 0 0.0190527325 0.0013963473 0.3837438182 0 0 0 0 0 0 0 0 0 0 0 0 0 0.0008007871 0 0.0326407447 0 0 0.0389520046 0 0 
0 0 0.0126739902 0.0010506947 0.0018292605 0.0007751812 0 0 0 0 0 0 0 0 0.0327233439 0 0 0.0372786397 0 0 0 0.0033927217 0 0.0024803873 0.0576133952 0 0.0178350060 0.0086438268 0.0117062291 0 0 0 0 0 0 0.1257754372 0 0.0105044020 0 0 0.1740929045 0.0799090012 0.0418242506 0 0.0020056914 0 0 0.0671053597 0.1539368438 0.1568434333 
0 0 0 0 0 0 0 0 0 0 0 0 0 0 0 0 0 0 0 0 0 0 0 0 0 0 0 0 0 0 0 0.0740497736 0 0 0 0 0 0 0 0 0 0.9259502264 0 0 0 0 0 0 0 0 
0 0 0 0 0.0012157685 0.1915185076 0 0 0 0.0892823680 0 0 0 0 0.0123313054 0 0 0 0 0 0 0.5409711539 0 0.0015696633 0.0862797765 0 0.0527079980 0.0055601525 0 0 0 0 0.0016142184 0 0 0.0025919204 0 0 0 0 0 0.0008426331 0.0027373844 0 0.0107771501 0 0 0 0 0 
0 0 0 0.0027520434 0 0 0 0 0 0 0 0 0 0 0.9472806911 0 0 0.0373730483 0 0 0 0 0.0003263381 0 0 0 0 0.0002057070 0 0.0109351864 0 0 0 0 0 0 0 0 0.0011269856 0 0 0 0 0 0 0 0 0 0 0 
0 0 0 0 0 0.6994039477 0 0 0 0 0 0 0 0 0 0 0.1894425360 0 0 0 0 0 0 0 0 0 0 0 0 0 0 0 0 0.1111535162 0 0 0 0 0 0 0 0 0 0 0 0 0 0 0 0 
0 0.0160045396 0 0 0 0 0 0.0048936988 0 0 0 0 0.0066329384 0 0 0 0 0 0 0.0007006488 0 0.0010406747 0 0.1744874280 0 0 0 0.0022752555 0 0 0 0 0 0 0 0 0 0 0 0 0.0108052738 0 0.0011797977 0.3496063092 0 0.4301698234 0 0.0022036119 0 0 
0 0 0 0 0.2414897243 0 0.0013748476 0 0 0.0419781575 0 0.0009686026 0 0.1416873718 0.3015980592 0 0 0 0 0 0 0.0025462816 0 0.0012520370 0 0 0.0061344941 0.0061856585 0 0.0007312175 0 0 0.0515146254 0 0 0 0 0 0 0 0.1974080845 0.0008541611 0.0029913948 0 0.0012852826 0 0 0 0 0 
0 0 0 0 0 0 0 0 0 0 0 0 0 0 0 0 0 0 0 0 0 0 0 0 0.6570593576 0 0.2902475629 0 0.0284810409 0 0 0.0061401774 0 0 0 0 0 0 0 0 0 0 0 0.0180718612 0 0 0 0 0 0 
0 0 0 0 0 0 0 0 0 0 0 0 0 0 0 0 0.9540122061 0 0 0 0 0 0 0 0 0 0 0 0 0 0 0 0 0 0 0 0 0 0 0.0459877939 0 0 0 0 0 0 0 0 0 0 
0 0 0 0 0.0009965927 0 0 0.1751351891 0 0 0 0 0 0 0 0 0 0 0 0.0027167314 0 0.0019235506 0 0.0009717120 0 0 0 0.0036240019 0.0044023651 0 0.7802245779 0 0 0 0 0 0 0 0 0.0122241055 0 0 0.0020464436 0.0157347302 0 0 0 0 0 0 
0 0 0 0 0 0 0 1.0000000000 0 0 0 0 0 0 0 0 0 0 0 0 0 0 0 0 0 0 0 0 0 0 0 0 0 0 0 0 0 0 0 0 0 0 0 0 0 0 0 0 0 0 
0 0 0 0 0 0 0 0 0 0 0 0 0 1.0000000000 0 0 0 0 0 0 0 0 0 0 0 0 0 0 0 0 0 0 0 0 0 0 0 0 0 0 0 0 0 0 0 0 0 0 0 0 
0 0.0788175970 0 0 0 0 0 0 0 0 0 0.1643706532 0 0 0 0 0.0004167220 0 0 0 0 0 0 0 0.0110915146 0 0 0 0.0154614348 0.0033392962 0.3244763275 0 0 0.2881336271 0 0 0 0 0.0252289512 0 0.0562166536 0 0 0 0.0324472227 0 0 0 0 0 
0.0753256872 0 0 0 0 0 0 0 0 0 0 0 0 0 0 0 0.5669992023 0 0.0101700555 0 0 0.0008093988 0 0 0 0 0 0.0019301941 0 0 0 0.1393184024 0 0.0185189134 0.1346883023 0 0 0 0 0 0 0 0 0 0.0522398440 0 0 0 0 0 
0 0 0 0.0118709765 0 0 0 0 0 0 0 0 0 0 0 0 0 0 0 0 0 0 0 0 0 0 0 0 0 0 0 0 0 0 0 0.0000000416 0 0.9881289530 0 0 0 0 0 0 0 0 0.0000000289 0 0 0 
0 0 0.0099404528 0 0 0 0.0319473660 0.0371025848 0 0 0 0 0 0.0947368050 0 0.0045357018 0.0267353083 0 0.1787995802 0 0 0.0006546389 0 0 0 0 0 0.0018715765 0 0 0 0 0 0 0.0270439001 0 0.0033705458 0 0 0.5826705368 0 0 0.0005910030 0 0 0 0 0 0 0 
0 0 0 0 0.0006011672 0.3559401342 0 0.1472563134 0 0 0 0 0 0 0.0195370709 0 0 0 0 0.3226001020 0 0.0010092147 0 0 0 0 0 0.0022643291 0 0 0 0 0.0500106198 0.0650691619 0 0 0 0 0 0 0.0346416591 0 0.0010702277 0 0 0 0 0 0 0 
0 0 0.1829348210 0 0 0.0278504533 0.0018004227 0.1257147832 0 0 0 0 0 0 0 0 0.3860117279 0 0.0105097710 0 0.0426659008 0 0 0 0 0 0 0.0022811566 0 0 0 0 0 0 0 0 0 0 0.0778820912 0 0.1414449944 0 0.0009038780 0 0 0 0 0 0 0 
0 0 0 0 0 0 0 0 0 0 0 0.0412733188 0 0 0 0 0 0 0 0 0 0 0.0130407010 0 0 0.0043762313 0.7606602402 0 0 0.1477276416 0 0 0 0 0 0 0.0329218671 0 0 0 0 0 0 0 0 0 0 0 0 0 
0 0 0 0 0 0 0 0 0 0 0 0 0 0 0 0 0.9874969396 0 0 0 0 0 0.0125030604 0 0 0 0 0 0 0 0 0 0 0 0 0 0 0 0 0 0 0 0 0 0 0 0 0 0 0 
0 0 0 0 0.1003284684 0 0 0 0 0.0072313609 0.0006110640 0.0258583449 0 0 0 0 0 0.1301158123 0 0 0 0.0009255532 0 0.0005904312 0 0 0.0987383776 0.0019374975 0 0.1925001321 0 0 0 0 0 0 0 0 0 0 0.2878614395 0 0.0965355503 0 0.0311329603 0.0256330079 0 0 0 0 
0 0 0.0181517999 0.0004519888 0.0013047304 0.0005498854 0.0033240234 0.0714057685 0 0.0358527100 0.0037911493 0.0004994672 0 0 0 0 0 0 0 0 0 0.3705901556 0 0.0016572730 0 0 0.0005669616 0.0055456186 0 0.0476256868 0 0 0.0099771575 0 0.0068814163 0 0.0259931671 0 0 0.0008414980 0.2800894145 0.0006071127 0.0025927169 0 0.1117002987 0 0 0 0 0 
0 0 0 0 0 0.9114190225 0.0064323638 0 0 0 0 0 0 0 0 0 0.0713022206 0 0 0 0 0 0 0 0 0 0 0 0 0 0 0 0 0 0 0 0 0 0 0 0 0 0 0 0.0108463930 0 0 0 0 0 
0 0 0 0 0.0732344143 0 0 0 0 0 0 0 0 0 0 0 0 0 0 0 0 0 0 0 0.7451275328 0 0 0 0.0150065845 0.1227986945 0 0 0 0.0438327739 0 0 0 0 0 0 0 0 0 0 0 0 0 0 0 0 
0.0153570145 0 0 0.0345721539 0 0 0 0 0.4554140210 0 0 0 0.0057276724 0 0.0162606270 0 0 0 0 0 0 0 0 0 0 0 0 0.0012431096 0 0 0 0.1217254751 0 0 0 0.2863898650 0 0.0307456551 0 0 0 0 0 0 0 0 0 0 0 0.0325644065 
0 0 0 0 0 0 0 0 0 0 0 0 0 0 0 0.0008144533 0.0055312712 0 0 0 0.1460817793 0 0.0138365914 0 0 0 0 0 0 0 0 0.6166042333 0 0 0 0.0771416298 0 0 0 0.1399900417 0 0 0 0 0 0 0 0 0 0 
0 0 0.1321675185 0 0 0 0 0 0 0 0.0448175216 0 0 0.0700669220 0 0 0.0106041747 0 0 0.0029152129 0.0055897967 0 0.0472544158 0 0 0 0 0 0 0 0 0.5949878116 0.0005292098 0 0 0 0 0 0 0 0 0 0 0 0 0 0 0 0 0.0910674166 
0 0 0 0 0 0 0 0.7779765749 0 0 0 0 0.0065954201 0 0 0 0.1043178177 0 0 0 0.0532083063 0.0073487802 0.0176666581 0 0 0 0 0.0010614211 0 0 0 0 0.0111505844 0 0 0 0 0 0 0 0 0 0 0 0.0206744374 0 0 0 0 0 
0 0 0 0.0003570013 0.0003878219 0 0 0.0311136765 0 0 0 0 0 0 0.0154881561 0 0 0.2421379102 0 0.0067670758 0 0 0 0 0 0.6631250662 0.0075197503 0.0013108385 0 0 0 0 0 0 0.0096799994 0 0 0 0.0164869774 0 0 0.0004750801 0 0 0.0051506461 0 0 0 0 0 
0 0 0 0 0 0 0.0017697076 0 0 0 0 0 0 0 0 0 0.3956473656 0 0 0 0 0 0 0 0 0 0 0 0 0 0 0 0 0 0.0041389450 0 0 0 0 0 0 0 0 0 0 0 0 0 0 0.5984439818 
0 0 0 0 0 0 0 0.3932671932 0 0 0 0 0.0002406420 0 0 0 0 0 0 0 0 0 0 0 0 0 0 0 0 0 0.0129556665 0.0218615114 0 0 0.0016478280 0.5695397804 0 0 0 0 0 0 0 0 0 0 0 0.0004873787 0 0 
0 0 0 0 0 0 0 0 0 0.0074672528 0.1189078166 0 0 0.0442377302 0 0 0 0.0976443910 0 0 0 0 0.0051178194 0 0 0.0063629744 0.0219216755 0 0 0 0 0 0 0 0 0 0 0.0136127216 0 0 0 0 0 0 0 0 0.0753462271 0 0.0465077183 0.5628736731 
0 0 0 0 0 0 0 0 0 0 0 0 0 0 0 0 0 0 0 0 0 0 0 0 0 0 0 0 0 0 0 0 0 0 0 0 0 0 0 1.0000000000 0 0 0 0 0 0 0 0 0 0 
0 0 0 0 0.2487402176 0.3842923904 0 0.2749652902 0 0 0 0 0 0 0 0 0 0 0 0 0 0 0.0009628335 0 0 0 0.0046382861 0 0 0 0 0 0.0600600594 0 0.0145885551 0 0 0 0.0109676477 0 0.0007847201 0 0 0 0 0 0 0 0 0 
0 0 0.1126996702 0 0 0 0.0004837255 0 0 0 0 0 0 0 0 0.0154911575 0 0.0114542122 0 0 0 0 0.0072693714 0 0 0 0 0 0 0 0 0 0 0 0.2122230538 0 0 0 0 0.2189251735 0 0 0 0 0 0 0 0.4214536358 0 0 
0 0 0 0 0 0 0 0 0 0 0 0 0 0 0 0 0 0 0 0 0 0 0 0 0 0 0 0 0 0 0 0 0 0 0 0 0 0 0 0 0 0 0 0 0 1.0000000000 0 0 0 0 
0 0 0 0 0.0009635286 0.0684089518 0 0 0 0 0 0 0 0 0 0 0 0 0 0 0 0.0010505835 0 0 0.4955004783 0 0 0.0030473832 0 0 0 0.4202130174 0 0 0 0 0.0017063432 0 0 0 0 0 0.0013247254 0 0 0 0 0 0 0.0077849886 
0 0 0 0 0 0 0 0.3798610168 0 0 0 0 0 0 0 0 0.3837858454 0 0 0 0 0 0 0 0 0 0 0.0006802023 0 0 0 0 0 0 0 0 0 0 0 0.2334024062 0 0 0 0 0 0 0 0 0 0.0022705293 
0 0 0 0 0.0396758675 0 0 0.1703691119 0 0 0 0 0 0 0 0 0 0 0 0 0 0 0 0.0210614137 0 0 0 0 0 0.7147523169 0 0 0 0 0 0.0376040783 0 0 0 0.0165372116 0 0 0 0 0 0 0 0 0 0 
0 0 0 0 0 0 0 0 0.3557611504 0 0 0 0 0.0005585795 0 0 0 0 0 0 0 0 0 0 0 0 0.0776082586 0.0006487391 0 0.5568383824 0 0 0 0 0 0 0.0040227657 0.0045621243 0 0 0 0 0 0 0 0 0 0 0 0 
0 0 0 0 0 0 0 0 0 0.0075841212 0 0 0 0.7957040743 0 0.1542272932 0 0.0002650264 0 0.0004888354 0.0043682288 0 0 0 0 0 0 0.0007022023 0 0 0 0 0 0 0 0 0 0.0047261076 0 0 0 0 0 0 0 0 0.0319341108 0 0 0 
0 0 0 0 0 0 0 0 0 0 0 0 0 0 0 0 0.7427080732 0 0 0 0 0 0 0 0 0 0 0 0 0 0 0 0 0.2463789733 0 0 0 0 0 0.0109129535 0 0 0 0 0 0 0 0 0 0 
0 0 0 0 0 0 0.0001156856 0 0 0 0.1046383021 0 0 0.0147713230 0.0976101196 0 0.0111292681 0 0 0 0 0 0 0 0 0 0 0.0012034042 0 0.2112226420 0.0400263061 0 0 0.5192829492 0 0 0 0 0 0 0 0 0 0 0 0 0 0 0 0 
0 0 0 0 0 0 0 0 0 0 0 0 0 0 0 0 0.4063852934 0 0 0 0 0 0 0 0 0 0 0 0 0 0 0 0 0.5758292836 0 0 0 0 0 0.0177854229 0 0 0 0 0 0 0 0 0 0 
0 0 0 0 0 0 0.0027413279 0.0088655571 0 0 0 0 0 0 0 0 0.0384387585 0 0 0 0 0 0 0 0 0 0 0 0 0 0 0 0 0 0 0.2131030169 0 0 0 0.7368513396 0 0 0 0 0 0 0 0 0 0 
0 0 0 0 0 0 0 0 0 0 0 0 0 0 0 0 0 0 0 0.0624758836 0.0019507966 0 0.0010083992 0 0 0 0.4891381060 0 0 0.3913318609 0 0 0 0.0540949538 0 0 0 0 0 0 0 0 0 0 0 0 0 0 0 0 
0 0 0 0 0 0 0 0 0 0 0.0034189325 0 0 0 0 0 0.9640987930 0 0 0 0 0 0 0 0 0 0 0 0 0 0 0 0 0.0297213809 0 0 0 0 0 0.0001898795 0.0022105007 0 0 0 0 0 0 0 0 0.0003605133 
0 0 0 0 0 0 0 0 0 0 0 0 0 0 0 0 0.0579891121 0 0 0 0 0 0 0.3649173500 0 0 0 0 0 0 0 0 0 0 0 0.0451791262 0.0041292698 0 0 0.4884677974 0 0 0 0 0 0 0 0 0.0139976219 0.0253197225 
0 0 0 0 0 0 0 0.0209344035 0 0 0 0 0 0 0 0 0.7756356745 0 0 0 0 0.1951540919 0 0 0 0 0 0 0 0 0 0 0 0.0070152630 0 0 0 0.0012605670 0 0 0 0 0 0 0 0 0 0 0 0 
0 0 0 0 0 0 0.0051211103 0.5047640498 0 0 0 0 0 0.0477873954 0 0.0050396685 0.3700091616 0 0 0 0 0 0 0 0 0 0 0 0 0 0 0 0 0 0 0 0 0.0249173525 0 0 0 0 0 0 0.0423612619 0 0 0 0 0 
0 0 0 0 0 0 0 0 0 0.0023592181 0 0 0 0 0 0 0 0 0 0 0 0 0 0 0 0 0 0 0 0.6440365037 0.0043223872 0 0 0.0018438872 0 0 0 0 0 0 0.3393514286 0 0 0 0 0 0.0080865753 0 0 0 
0 0 0 0 0 0 0 0 0 0 0 0 0 0 0 0 0.9999999948 0 0 0 0 0 0 0 0 0 0 0 0 0 0 0 0 0 0 0 0 0 0 0 0 0 0 0 0.0000000052 0 0 0 0 0 
0 0 0 0 0 0 0.0170890364 0 0 0 0 0 0 0 0 0.0078724554 0 0 0.0104508641 0 0.0159828366 0 0 0 0 0 0 0.0007179378 0 0 0 0 0 0 0 0 0.0155576900 0 0 0.8924508680 0 0 0 0 0 0 0.0398783116 0 0 0 
0 0 0 0 0 0 0 0 0 0 0 0 0 0 0 0 0 0.0103153838 0 0.0066702743 0 0 0.0012160670 0 0 0 0.5206709211 0 0 0.4611273538 0 0 0 0 0 0 0 0 0 0 0 0 0 0 0 0 0 0 0 0 
0 0 0 0 0 0 0 0 0 0 0.0383321764 0 0 0 0 0 0 0 0 0 0 0 0 0 0 0 0 0.0007138748 0.1452585168 0 0 0 0 0.8074808148 0.0046132036 0 0 0 0 0.0036014136 0 0 0 0 0 0 0 0 0 0 
0 0 0 0 0 0 0 0 0 0 0 0 0 0 0 0 0 0 0 0 0 0 0 0 0.0542747436 0 0 0 0 0.0087373049 0.9290007270 0 0 0.0027909932 0 0 0 0 0 0 0 0 0 0 0.0051962314 0 0 0 0 0 
0 0 0 0 0 0 0.0009836054 0.8715689476 0 0 0 0 0 0 0 0.0625040253 0.0411609695 0 0 0 0 0 0 0 0 0.0137479490 0 0.0006253441 0 0 0 0 0 0 0 0 0 0 0 0.0027151612 0.0029141815 0 0 0 0 0 0 0.0037798165 0 0 
0.0083083109 0 0 0 0 0 0.0020297776 0 0 0 0 0 0 0.4266053075 0 0 0 0.0353173870 0 0 0 0 0 0 0 0 0 0 0 0 0 0 0 0 0 0 0 0 0 0 0.5277392170 0 0 0 0 0 0 0 0 0 
0 0 0 0 0 0 0 0 0 0 0 0 0 0 0 0 0 0 0 0 0 0 0.0001962840 0 0 0.1109805394 0.0048141293 0 0 0 0 0 0 0 0 0 0 0 0 0 0.0032297449 0 0 0.8801863033 0 0.0002870992 0 0.0003059001 0 0 
0 0 0 0 0 0 0 0.1551917109 0 0 0 0 0 0 0 0 0.2083582698 0 0 0 0 0 0 0 0 0 0 0 0 0 0 0 0 0.6353961991 0 0 0 0 0 0.0010538202 0 0 0 0 0 0 0 0 0 0 
0 0 0 0 0 0 0 0 0 0 0 0 0 0 0 0 0 0 0 0 0 0 0.0092668089 0 0 0 0.9907331911 0 0 0 0 0 0 0 0 0 0 0 0 0 0 0 0 0 0 0 0 0 0 0 
0.8933955667 0 0 0.0222726703 0 0 0 0 0 0 0 0 0 0.0025406987 0 0 0 0 0 0 0.0290227428 0 0 0 0 0 0 0 0 0 0 0 0 0 0 0.0481468163 0 0 0 0.0006526668 0 0 0 0 0 0 0 0 0 0.0039688384 
0 0 0 0 0 0 0 0 0 0 0 0 0 0 0 0 1.0000000000 0 0 0 0 0 0 0 0 0 0 0 0 0 0 0 0 0 0 0 0 0 0 0 0 0 0 0 0 0 0 0 0 0 
0 0 0 0 0 0 0 0 0 0 0 0 0 0 0 0 0.7554176492 0 0 0 0 0 0 0 0 0 0 0 0 0 0 0 0 0.2445823508 0 0 0 0 0 0 0 0 0 0 0 0 0 0 0 0 
0 0.0158988325 0 0 0 0 0 0 0 0.0032647625 0 0 0.0005102000 0 0 0 0 0 0.0045378232 0 0 0 0 0 0 0 0.0346901401 0 0 0.9410982418 0 0 0 0 0 0 0 0 0 0 0 0 0 0 0 0 0 0 0 0 
0 0 0 0 0 0 0.0013981578 0 0 0 0 0 0 0 0 0 0 0 0 0 0 0 0 0 0 0 0.9986018422 0 0 0 0 0 0 0 0 0 0 0 0 0 0 0 0 0 0 0 0 0 0 0 
0 0 0 0 0 0.9754510535 0 0 0 0 0 0 0 0 0 0 0 0 0 0 0.0245489465 0 0 0 0 0 0 0 0 0 0 0 0 0 0 0 0 0 0 0 0 0 0 0 0 0 0 0 0 0 
0 0.0291015838 0 0 0 0 0 0 0 0 0 0 0.0283082955 0 0 0 0 0 0 0 0 0 0 0 0 0 0 0 0 0.5685164838 0 0 0 0.3400082249 0 0 0.0100447337 0 0 0 0 0 0 0 0.0240206782 0 0 0 0 0 
0 0.0071910483 0 0 0 0 0 0 0.7885814165 0 0 0 0 0 0 0 0 0 0 0 0 0 0 0 0 0 0 0 0.0097131287 0.0885497897 0 0 0 0.0687117182 0 0 0 0 0 0 0 0 0 0 0 0.0360642719 0.0011886268 0 0 0 
0 0 0.0021659751 0 0.0010451437 0.5299784154 0 0.0447948639 0 0 0 0.0620272962 0.0018002185 0 0 0 0 0 0.0067962238 0 0 0.0015323867 0 0.0008169387 0 0 0 0.0033864465 0 0 0 0 0 0 0.0267416329 0 0 0.0316703608 0 0 0.0659905920 0 0.2205216928 0 0.0007318132 0 0 0 0 0 
0 0 0 0 0 0 0 0 0 0 0 0 0 0 0 0 0.6328835629 0 0 0 0 0 0 0 0 0 0 0 0 0 0 0 0 0.0103615397 0 0 0 0 0 0.3567548974 0 0 0 0 0 0 0 0 0 0 
0 0 0 0 0 0 0 0 0 0 0 0 0 0 0 0 0 0 0 0 0 0 0 0 0 0 0 0 0 0.5503590183 0 0 0 0 0 0 0.0148730638 0 0 0 0.4347679180 0 0 0 0 0 0 0 0 0 
0 0 0 0 0 0 0 0 0 0 0 0 0 0 0 0 0 0.9025505802 0 0 0 0 0 0 0 0.0008130239 0 0 0 0.0745016150 0 0 0 0 0 0 0 0 0 0 0.0221347809 0 0 0 0 0 0 0 0 0 
0 0 0 0.0027983986 0 0 0 0.3687197615 0 0 0 0 0 0 0 0 0.0009404816 0 0 0 0 0 0 0.3065238368 0 0 0.0049751176 0.0007543893 0 0 0 0.0021416687 0.0414273736 0 0 0 0 0 0 0.0900695884 0 0 0 0.1619207341 0 0 0.0008992766 0.0188293732 0 0 
0 0 0 0 0 0 0 0 0 0 0 0 0 0 0 0 0 0 0 0 0 0 0 0 0 0 0 0 0 0 0 0 0 0 0 0 0 0 0 0 0 0 0 0 1.0000000000 0 0 0 0 0 
0.0044031206 0 0 0 0 0 0 0.0397641589 0 0 0 0 0 0 0 0 0.6293017916 0 0 0 0 0 0 0 0 0 0 0 0 0 0 0 0 0 0 0 0 0 0 0.3204274132 0 0 0 0 0 0 0 0 0 0.0061035156 
0.8226467626 0 0 0 0 0 0 0 0 0 0 0 0 0 0 0 0.1471440121 0 0 0 0 0 0 0 0 0 0 0 0 0 0 0 0 0 0 0 0 0 0 0 0.0302092253 0 0 0 0 0 0 0 0 0 
0 0 0 0.2008374475 0 0 0 0 0 0 0 0 0 0 0 0 0 0 0 0 0 0 0 0 0 0 0.0281175413 0 0 0 0 0 0 0 0 0 0 0 0 0 0 0 0 0 0 0 0.7710450112 0 0 0 
0 0 0 0 0 0 0 0 0 0 0 0 0 0 0 0 0.0044555664 0 0 0 0 0 0 0 0 0 0 0 0 0 0 0 0 0 0 0 0 0 0 0.9955444336 0 0 0 0 0 0 0 0 0 0 
0 0 0 0 0.0590440248 0 0 0 0 0 0 0 0 0 0 0 0 0.4747011368 0 0 0.0028044575 0 0 0 0 0 0.2149143872 0 0 0.1859746702 0 0 0 0.0090991252 0.0035110645 0.0499511336 0 0 0 0 0 0 0 0 0 0 0 0 0 0 
0 0 0 0 0 0 0.0040700751 0 0 0 0 0 0 0 0 0 0 0 0 0 0 0 0 0 0 0 0.2336003061 0.0011345414 0.5752134576 0.1008463652 0 0 0 0 0 0 0 0 0 0 0 0.0844538618 0.0006813928 0 0 0 0 0 0 0 
0 0 0 0 0 0 0 0 0 0 0 0 0 0 0 0 0 0 0 0 0 0 0 0 0 0 0 0 0 0 0 0 0 0 0 0 0 0 0 1.0000000000 0 0 0 0 0 0 0 0 0 0 
0 0.0492111600 0 0 0 0 0 0 0 0 0 0 0 0 0 0 0 0 0 0 0 0 0.0020829279 0 0 0 0.0587975065 0.0009793131 0 0.6647725256 0 0 0 0 0 0 0.0115653976 0.0036797216 0 0 0.2089114477 0 0 0 0 0 0 0 0 0 
0 0 0 0 0.0011673287 0 0 0 0 0 0 0.0008624386 0 0 0 0 0 0 0.0621920988 0 0 0.0019482671 0 0.0012739487 0 0.0630963438 0.0965216464 0.0040481291 0 0.7042703748 0 0 0 0 0 0 0.0047569084 0 0 0 0.0559641448 0 0.0026279509 0 0.0012704199 0 0 0 0 0 
0 0 0 0 0 0 0 0 0 0 0 0 0 0 0 0 0.0043978759 0 0 0 0 0.0009374913 0 0 0 0 0 0.0020134763 0 0.2049007779 0 0 0 0.4562070600 0 0 0 0 0 0.0023928689 0.1107783709 0 0.0010288675 0 0.1893660831 0.0279771280 0 0 0 0 
0 0 0 0 0 0 0.0136730631 0 0 0 0 0 0 0 0 0.1194161387 0 0 0 0 0.4808274392 0 0.0005437011 0 0 0 0 0.0003701131 0 0 0 0 0 0 0 0 0 0 0 0.3831406812 0 0 0 0 0 0 0 0 0 0.0020288636 
0 0 0 0 0 0.2418360203 0 0.0430089679 0 0 0 0 0 0 0 0 0.7105751510 0 0 0 0 0 0 0 0 0 0 0 0 0 0 0 0 0 0 0 0 0 0 0.0018994711 0 0 0 0 0.0026803896 0 0 0 0 0 
0.0090448443 0 0.3888836798 0 0 0 0 0 0 0 0 0 0 0 0 0 0.1381286179 0 0 0 0 0 0 0 0 0 0 0 0 0 0 0.2433209324 0 0 0 0 0 0 0 0.2038153890 0 0 0 0 0 0.0168065366 0 0 0 0 
0 0 0 0 0 0 0.0038146936 0 0 0 0 0 0 0 0 0.8922137828 0 0 0 0 0 0 0.0008299474 0 0 0 0 0 0 0 0 0 0 0 0 0 0 0.0006788034 0 0.1024627728 0 0 0 0 0 0 0 0 0 0 
0 0 0 0 0.0706754996 0 0.0037558592 0 0 0 0 0.2575175471 0 0 0 0 0 0.0261198878 0 0 0 0 0 0 0 0 0 0 0 0.3757526348 0 0 0 0 0 0 0.0015432662 0 0 0 0.2646353054 0 0 0 0 0 0 0 0 0 
0 0 0.0131485140 0 0 0.6412156671 0 0 0 0 0 0 0 0 0 0 0 0 0 0 0 0 0 0 0 0 0 0.0014004062 0 0 0 0.2118406899 0 0 0 0.0195505838 0.0034402744 0 0 0 0 0 0 0 0 0 0 0 0 0.1094038646 
0 0 0 0 0 0 0 0 0 0 0 0 0 0 0 0 0.8890351228 0 0 0 0 0 0 0 0 0 0 0 0 0 0 0 0 0 0 0 0 0 0 0.1109648772 0 0 0 0 0 0 0 0 0 0 
0 0 0 0 0 0 0.0108461800 0.0924972702 0 0 0.2168081165 0 0 0 0 0.0049132144 0.6618314489 0 0 0 0 0 0.0016425379 0 0 0 0 0.0004306970 0 0 0 0 0 0 0 0 0 0.0034561410 0 0.0075743941 0 0 0 0 0 0 0 0 0 0 
0 0 0 0 0 0 0.0102000627 0 0 0 0 0 0 0 0 0.3396519351 0 0 0 0 0.0043063265 0 0 0 0 0 0 0 0 0 0 0 0 0 0 0 0 0 0 0.5248694366 0 0 0 0 0 0 0 0 0 0.1209722391 
0 0.2251904751 0 0 0 0 0 0 0 0 0 0 0.0012726553 0 0 0 0.0257556602 0 0 0 0.0319154061 0.0013707269 0 0 0 0 0 0.0026737579 0 0.0597299421 0 0.0264412583 0 0.5784320971 0 0 0 0 0 0 0 0.0196773341 0.0013951793 0.0261455076 0 0 0 0 0 0 
0 0 0 0 0 0 0.0012572078 0.1604328979 0 0 0 0 0 0 0 0 0.3819170963 0 0.0251244884 0 0 0.0008141814 0.0412311598 0 0 0 0 0.0026651480 0 0 0 0 0 0 0 0 0 0.0397856647 0 0 0.3457959195 0 0.0009762362 0 0 0 0 0 0 0 
0 0 0.7276498001 0 0 0 0 0 0 0 0 0 0 0 0 0.0104047546 0 0 0 0 0 0 0.0021821216 0 0 0 0 0.0004292218 0 0 0 0 0 0 0.0076349033 0 0 0 0 0.2516991985 0 0 0 0 0 0 0 0 0 0 
0.0664347823 0 0 0 0 0 0 0 0 0 0 0 0 0 0 0 0.0919992222 0 0 0 0 0 0 0 0 0 0.0023492504 0 0.0932489301 0.0280711567 0 0 0 0 0.0872330622 0 0 0 0 0.5789881272 0 0 0 0 0 0 0 0 0.0437195679 0.0079559011 
0 0 0 0 0 0.1400013446 0 0.5145539988 0 0 0 0 0 0 0 0 0.0219817236 0 0 0 0 0 0 0 0 0 0 0.0017595557 0 0 0 0.1973214431 0 0 0 0 0 0 0 0 0 0 0 0 0 0 0.1243819342 0 0 0 
0 0 0.3055824396 0 0 0 0.0013621859 0 0 0 0 0 0 0 0 0.0170128043 0.3435017007 0 0 0 0 0 0 0 0 0 0 0.0012157029 0 0 0.0584089865 0 0 0.0228117875 0 0 0 0 0 0.0255725581 0 0 0 0 0 0 0 0 0 0.2245318345 
0 0 0 0 0 0 0.0036391525 0.0058327740 0 0 0 0 0.0073415068 0 0 0 0.2090018007 0 0 0 0 0 0 0 0 0 0 0 0 0 0 0 0 0.7724794201 0 0 0.0017053459 0 0 0 0 0 0 0 0 0 0 0 0 0 
0 0 0 0 0 0 0 0 0 0 0.0090888477 0 0 0 0 0.4793314320 0 0 0.0593231691 0 0.0176373447 0 0 0 0 0 0 0 0 0 0 0 0 0 0 0 0 0.0218604423 0 0.4127587643 0 0 0 0 0 0 0 0 0 0 
0 0.0384173808 0 0 0 0 0 0 0 0 0 0 0 0 0 0 0 0.1267713778 0 0 0 0.0008005208 0 0 0 0.0127777816 0 0.0015413190 0 0.7426592661 0 0 0 0 0 0 0.0045528184 0 0 0 0 0 0.0724795354 0 0 0 0 0 0 0 
0 0 0.0941667911 0 0 0 0.0008042461 0 0 0 0.1420943928 0 0.0025070291 0.0241728342 0 0 0.0429583575 0 0 0 0 0.0006446007 0 0 0 0 0 0.0016364007 0 0 0 0 0 0 0.0227995765 0 0 0 0 0.0033563446 0 0 0.0008071435 0 0 0.5245537536 0 0 0 0.1394985296 
0 0 0 0 0 0.0040900244 0 0 0 0 0 0 0 0 0 0 0.0095882614 0.2313067147 0 0 0 0 0 0 0 0.0128300450 0 0.0004746753 0.0018690651 0 0 0 0 0 0 0 0 0.0201373126 0 0 0 0 0 0 0.0235286842 0 0.0189258445 0 0 0.6772493727 
0.0276356198 0 0 0 0.0010121904 0 0 0 0.0211292583 0.0023334980 0 0.2984362884 0 0 0.0236309260 0 0 0 0 0 0 0.0018008544 0 0.0011200939 0 0 0 0.0040286448 0 0 0 0 0.3881053296 0 0 0 0 0 0 0 0 0 0.0021127582 0 0.0008700832 0.0216680031 0.1020473442 0 0 0.1040691077 
0 0 0 0 0 0 0 0 0 0 0 0 0 0 0 0 0 0 0 0 0 0 0.0003700256 0 0 0 0 0 0 0 0 0 0 0 0 0 0 0 0 0.9996299744 0 0 0 0 0 0 0 0 0 0 
0 0 0 0 0.0007296265 0 0.0030721626 0 0 0 0.0055023637 0 0 0 0 0 0 0.3650255945 0 0 0 0 0 0.0006253550 0 0 0 0.0018863259 0 0.2718575766 0 0 0.0105007693 0 0 0 0 0 0 0 0.3287406784 0 0.0010031493 0 0 0 0 0.0110563983 0 0 
0 0 0 0 0 0 0 0 0 0 0 0 0 0 0 0 0.6901016577 0 0 0 0 0 0.0041313835 0 0 0 0 0.0016916467 0 0.0121632776 0 0 0 0.1497717974 0 0 0 0 0 0.0021343008 0.0204807755 0 0.1195251607 0 0 0 0 0 0 0 
0 0 0 0 0.0437118597 0 0 0 0 0 0 0 0 0 0 0 0 0.6050220426 0 0 0 0 0 0 0.0160683964 0.0458518287 0.1146670652 0 0.1260938960 0.0236163891 0 0 0 0 0 0 0 0 0 0.0038064968 0.0211620256 0 0 0 0 0 0 0 0 0 
0 0 0 0.1417100364 0 0 0 0 0 0 0 0 0 0 0 0 0 0 0 0.0698867873 0 0 0 0 0 0 0.4762208821 0 0 0.0032845134 0 0 0 0 0.0116482724 0 0 0 0 0 0.2972495083 0 0 0 0 0 0 0 0 0 
0 0 0 0 0 0 0 0 0 0 0 0.0167160316 0 0 0 0 0 0 0 0 0 0 0 0 0.1776748245 0 0.4187419209 0 0 0.1811750740 0 0 0 0.2033272207 0 0 0 0 0 0 0 0 0 0 0 0 0 0.0023649282 0 0 
0 0 0 0 0 0.9004664721 0 0 0 0 0 0 0 0 0 0 0 0 0 0 0 0 0 0 0 0 0 0 0 0 0 0.0814590289 0.0180744990 0 0 0 0 0 0 0 0 0 0 0 0 0 0 0 0 0 
0 0 0 0 0 0 0.0035543771 0 0 0 0 0 0 0 0 0 0 0 0 0 0 0 0 0 0 0 0.9964456229 0 0 0 0 0 0 0 0 0 0 0 0 0 0 0 0 0 0 0 0 0 0 0 
0 0 0.0064047182 0 0 0 0 0 0 0 0 0 0 0 0 0 0 0 0 0 0.0009106423 0 0 0 0 0 0.7560348647 0 0 0 0 0 0 0 0.0024567902 0 0 0 0 0 0 0.2190408584 0 0 0 0 0.0151521263 0 0 0 
0 0 0 0 0 0 0 0 0 0 0 0 0 0 0 0 0.0499197088 0 0 0 0 0 0 0 0 0 0 0 0 0 0 0 0 0 0 0 0 0 0 0.0553869940 0.5916177336 0 0 0 0 0 0.2319629169 0 0 0.0711126466 
0 0.1102874761 0 0 0 0 0 0 0 0.0076411826 0 0.0110796046 0 0 0 0 0.0107291554 0.1290857278 0 0 0 0.1667347099 0 0 0.1924752018 0 0 0 0 0.0751696529 0.0159912109 0 0.0976313783 0.1831746996 0 0 0 0 0 0 0 0 0 0 0 0 0 0 0 0 
0 0 0 0 0 0 0 0 0 0 0 0 0 0 0 0 0 0.1841841655 0 0 0 0 0 0 0 0 0.8158158345 0 0 0 0 0 0 0 0 0 0 0 0 0 0 0 0 0 0 0 0 0 0 0 
0 0 0 0.9719235802 0 0 0 0 0 0 0 0 0 0 0 0 0 0 0 0 0 0.0229649378 0 0 0 0 0.0047217226 0 0 0 0 0 0 0 0 0 0 0 0 0 0 0 0 0 0 0 0.0003897593 0 0 0 
0 0 0 0 0 0 0.0025270079 0 0 0 0 0.0174192936 0 0 0 0 0 0.1980054192 0 0.0022876010 0 0 0 0 0.0568316352 0 0.3067439519 0 0 0.2083283731 0 0 0 0.0060589153 0 0 0 0 0 0 0 0.2017978029 0 0 0 0 0 0 0 0 
0 0 0 0 0 0 0 0 0 0.1163645728 0 0 0.0013468881 0 0 0 0 0 0 0 0 0 0 0 0 0 0.8286890860 0 0 0 0 0 0 0 0 0.0479479097 0 0 0 0 0 0 0 0 0.0018814345 0 0 0.0037701089 0 0 
0 0 0 0 0 0 0 0 0 0 0 0.2221670796 0 0 0 0 0 0 0 0.1874004853 0 0 0 0 0 0.0287199014 0.5590947022 0 0 0 0 0 0 0 0 0 0.0026178315 0 0 0 0 0 0 0 0 0 0 0 0 0 
0 0 0 0.0276119565 0 0 0 0 0 0.2952891054 0 0 0 0 0 0 0 0.0024457317 0 0.0096088706 0.0099599317 0 0.0269810201 0 0 0 0.6281033839 0 0 0 0 0 0 0 0 0 0 0 0 0 0 0 0 0 0 0 0 0 0 0 
0 0 0.0301338199 0 0.0024473304 0 0 0 0 0.1531559155 0 0.0010210935 0 0 0 0.0068727944 0 0.0013075361 0 0 0 0.0042857521 0.0039932884 0.0024329157 0.3426154924 0 0 0.0105608550 0 0 0.0684068363 0 0 0 0 0 0.0245330720 0 0 0 0.2109882416 0.0013030742 0.0047289171 0.0798830800 0.0021127669 0 0 0 0.0181624469 0.0310547717 
0 0 0 0 0 0 0 0 0 0.0354642504 0 0 0 0 0 0 0 0 0 0 0 0 0 0 0 0 0.9645357496 0 0 0 0 0 0 0 0 0 0 0 0 0 0 0 0 0 0 0 0 0 0 0 
0 0 0 0 0 0 0 0 0 0 0 0 0 0 0 0 0 0 0 0 0 0 0.0092951669 0 0 0.0079536438 0.9827511893 0 0 0 0 0 0 0 0 0 0 0 0 0 0 0 0 0 0 0 0 0 0 0 
0 0 0 0 0 0 0 0 0 0 0 0 0 0 0 0 1.0000000000 0 0 0 0 0 0 0 0 0 0 0 0 0 0 0 0 0 0 0 0 0 0 0 0 0 0 0 0 0 0 0 0 0 
0 0 0 0 0 0 0 0 0 0 0 0 0 0 0 0 0 0 0 0 0 0 0 0 0 0 1.0000000000 0 0 0 0 0 0 0 0 0 0 0 0 0 0 0 0 0 0 0 0 0 0 0 
0 0 0 0 0.0011960462 0 0 0 0 0.0612881832 0 0 0 0 0 0 0 0 0 0 0 0.0025387637 0.0268880811 0.0024544335 0 0.1373121516 0.2115350844 0.0059942092 0 0.2088070600 0 0 0.0667506116 0 0 0 0 0 0 0 0.1206957638 0 0.0031245554 0 0.1503708937 0 0 0.0010441627 0 0 
0 0 0 0.0880443803 0.0031084902 0.0012541326 0 0 0 0 0 0.0076239705 0 0 0 0 0.0937472355 0 0 0 0 0.0043211159 0 0.0377158591 0 0.2514517689 0 0.0092177612 0 0 0.0014605278 0 0 0.1642783358 0 0 0 0 0 0.0924276876 0.1470317123 0.0011697901 0.0037504632 0 0.0022742045 0.0127011687 0 0 0 0.0784213957 
0 0 0 0 0 0 0 0 0 0 0 0 0 0 0 0 0 0 0 0 0 0 0 0 0 0 0 0 0 0 0 0 0 0 0 0 0 0 0 0 0 0 1.0000000000 0 0 0 0 0 0 0 
0 0 0 0.2313482667 0 0 0 0 0 0 0 0 0 0 0.0165711360 0 0 0 0 0 0 0 0 0 0 0 0.0029315022 0.0013345802 0 0 0 0.0515597879 0 0 0 0 0 0 0.1505801100 0 0 0 0 0.5240910719 0 0 0.0215835451 0 0 0 
0 0 0 0.6430518666 0.0205937668 0 0 0 0.0258823365 0 0 0.0216074574 0 0.0921553294 0 0 0 0 0 0 0 0 0 0.1392324801 0 0 0.0089778825 0.0009542596 0.0078930426 0 0 0 0 0 0 0 0 0 0 0 0 0 0.0004628346 0 0 0 0.0391887440 0 0 0 
0 0 0 0.2692021417 0 0 0 0 0 0 0 0 0 0 0 0 0 0 0 0.0024895533 0 0 0 0 0 0 0.1017964068 0 0.1418078241 0.0753456705 0.1913179012 0 0 0 0 0 0 0 0 0 0.2180405022 0 0 0 0 0 0 0 0 0 
0 0 0 0 0 0 0 0 0 0 0 0 0 0 0 0 0 0 0 0 0 0 0 0 0 0 0.7873244418 0 0 0.1602553895 0 0 0 0 0 0 0 0 0 0 0 0 0 0 0.0090282244 0.0127535122 0 0 0.0306384321 0 
0 0 0 0 0 0.0438885206 0 0 0.0137013726 0.0050671447 0 0 0.0109727660 0 0 0 0 0.3519892087 0 0 0.0088105851 0 0 0 0 0 0.5565481597 0 0 0 0 0 0 0 0 0 0.0090222427 0 0 0 0 0 0 0 0 0 0 0 0 0 
0 0 0 0 0.0122710394 0 0.0038433406 0 0 0 0 0 0 0.0033464314 0 0 0 0 0 0 0 0 0.0047613281 0 0 0 0.8645432365 0 0 0 0 0 0 0 0.0190773467 0 0 0 0 0 0 0 0 0 0 0 0 0 0 0.0921572773 
0 0 0 0 0 0 0 0 0 0 0 0 0 0 0 0 0 0 0 0 0 0 0 0 0 0 1.0000000000 0 0 0 0 0 0 0 0 0 0 0 0 0 0 0 0 0 0 0 0 0 0 0 
0 0 0 0 0 0 0 0 0 0 0 0.0500451311 0 0 0 0 0 0 0 0 0 0 0 0 0.6889854524 0 0.0530509868 0.0017128999 0 0.1246119421 0 0 0 0 0 0 0 0 0 0 0 0 0.0009630712 0.0806305165 0 0 0 0 0 0 
0 0 0 0.0930794072 0 0 0 0 0 0 0.0045220845 0 0 0 0 0 0 0 0 0 0 0 0 0 0 0 0.8957463835 0 0 0 0 0 0 0 0 0 0.0028314010 0 0 0 0 0 0 0 0 0 0.0038207238 0 0 0 
0 0 0 0.6481504120 0 0 0 0 0 0.0019912392 0 0 0 0 0.0198084786 0 0 0 0 0 0 0 0 0 0 0 0.2705427772 0.0012460350 0 0 0 0 0 0 0 0 0 0 0.0322991616 0 0 0 0.0259618965 0 0 0 0 0 0 0 
0 0.0127344218 0 0 0 0 0 0 0 0 0 0 0 0 0 0 0 0 0 0 0 0 0 0 0 0 0.9872655782 0 0 0 0 0 0 0 0 0 0 0 0 0 0 0 0 0 0 0 0 0 0 0 
0 0 0 0 0 0 0 0 0 0.2727131677 0 0 0 0 0 0 0 0.0191960335 0 0 0 0 0.0302439040 0 0.1257478464 0 0.5520990484 0 0 0 0 0 0 0 0 0 0 0 0 0 0 0 0 0 0 0 0 0 0 0 
0 0 0 0 0 0 0 0 0.7126760852 0 0 0 0 0 0 0 0 0 0 0 0 0 0 0 0 0 0.2778345054 0 0 0 0 0 0 0 0 0 0 0 0 0 0 0 0 0 0 0 0 0.0094894094 0 0 
0 0 0 0 0.0007281325 0 0 0 0.0107039976 0 0 0 0 0 0 0 0 0.0444563493 0.0026060190 0 0 0.0009848188 0 0.0159679400 0.0121061520 0 0.0057430060 0.0026917478 0 0.0518062110 0.1237385408 0 0.0121095522 0 0 0 0 0 0.0048351747 0 0.3058637447 0 0.3494294624 0 0.0005842608 0 0 0.0556448903 0 0 
0 0 0 0 0 0 0 0.2160861000 0 0 0 0.0115350485 0 0 0 0 0 0 0 0.0638534397 0 0.0340784497 0 0 0 0 0.0654433002 0 0.2668834632 0 0 0 0 0 0 0.0429748966 0 0 0 0 0 0 0 0.2879104894 0.0112348128 0 0 0 0 0 
0.0526624094 0 0 0 0 0.0676505117 0 0 0 0 0 0 0 0 0.0042157522 0 0.0284274616 0 0 0 0 0 0 0.0111577003 0 0 0 0 0 0 0 0 0 0 0 0 0 0 0 0 0.8358861649 0 0 0 0 0 0 0 0 0 
0 0 0 0 0 0 0.0168758259 0 0.1538634837 0.0012560951 0 0 0 0 0 0 0.0148821346 0 0 0 0 0 0 0 0 0 0.4114326441 0 0 0.3365828164 0 0 0 0 0 0 0 0 0 0 0.0651070002 0 0 0 0 0 0 0 0 0 
0 0.0336107336 0 0 0 0 0 0 0 0 0 0 0 0 0 0 0.0238440478 0 0 0 0 0 0 0.0111146929 0 0 0 0 0 0 0 0 0 0 0 0 0 0 0 0 0.9314305257 0 0 0 0 0 0 0 0 0 
0 0 0 0 0.8909601359 0 0 0 0.0000000128 0 0 0 0 0 0.0000000105 0 0 0 0 0 0 0 0 0.1090395999 0 0 0 0 0.0000001007 0.0000001402 0 0 0 0 0 0 0 0 0 0 0 0 0 0 0 0 0 0 0 0 
0 0 0 0 0.0007374904 0 0 0 0 0 0 0 0 0 0 0 0.2340748673 0.3020652235 0 0 0 0.0009351761 0 0.0010164367 0 0 0 0.0027980318 0 0.0638998030 0 0 0 0.3100051798 0 0 0 0 0 0 0 0 0.0015671878 0 0.0829006035 0 0 0 0 0 
0 0 0 0 0 0 0 0 0.0317633310 0.0787195746 0 0 0 0 0 0 0 0 0 0 0 0 0 0 0 0 0.7527066811 0 0 0 0 0 0 0 0 0 0 0 0.1136018546 0 0 0.0232085586 0 0 0 0 0 0 0 0 
0 0 0 0 0 0 0 0 0 0 0 0 0 0 0 0 0 0 0 0 0.0052334366 0 0 0 0 0 0.9947665634 0 0 0 0 0 0 0 0 0 0 0 0 0 0 0 0 0 0 0 0 0 0 0 
0 0 0 0 0 0 0 0 0 0 0 0 0 0 0 0 0 0 0 0 0 0 0 0 0.0708683529 0 0.6315542310 0 0.0507480924 0.0221510825 0 0 0 0 0 0 0 0 0.1904216521 0.0011676459 0.0105792781 0 0 0 0 0.0225096652 0 0 0 0 
0 0 0 0 0 0 0 0 0 0 0 0 0 0 0 0 0.0902090530 0.4841295242 0 0 0 0 0 0 0 0 0 0 0 0.2878064737 0 0 0 0 0 0 0.0031003875 0 0 0 0.0431356999 0 0 0 0.0693561500 0 0 0.0222627118 0 0 
0 0 0 0 0 0 0 0 0 0.2049016722 0 0 0 0 0 0 0 0.1120173227 0 0 0 0 0 0 0 0.0809831421 0.6020978630 0 0 0 0 0 0 0 0 0 0 0 0 0 0 0 0 0 0 0 0 0 0 0 
0 0 0 0 0 0 0.0042598908 0 0 0 0 0 0.0044609262 0 0 0 0.0088121444 0.0409949950 0 0 0 0 0 0 0 0 0 0 0 0.8700944806 0 0 0 0 0.0090841318 0 0 0 0 0 0 0 0 0 0.0622934312 0 0 0 0 0 
0 0 0 0 0 0 0 0.0039038224 0 0 0 0.0597275220 0 0 0 0 0.9207494526 0 0 0 0 0 0 0 0 0 0 0 0 0 0 0 0 0 0 0 0 0 0 0.0088902666 0.0067289364 0 0 0 0 0 0 0 0 0 
0 0 0 0 0 0.0246510055 0 0 0 0 0 0 0 0 0 0 0.0172260480 0 0 0 0 0 0 0 0 0 0 0 0 0.2461574917 0.2052121694 0 0 0.5067532855 0 0 0 0 0 0 0 0 0 0 0 0 0 0 0 0 
0 0 0 0 0 0 0 0 0 0 0 0 0 0 0 0 0 0 0 0 0 0 0 0 0 0 0 0 0 0 0 0 0 1.0000000000 0 0 0 0 0 0 0 0 0 0 0 0 0 0 0 0 
0 0.0026640227 0 0 0 0 0 0.1113668759 0 0 0 0.0072629556 0 0 0 0 0 0 0 0 0 0.0004531272 0 0.0126833345 0.0817686836 0 0 0.0010478103 0 0.0090503787 0.1704795581 0 0.0053296749 0 0 0 0 0.0240720064 0 0 0.1195528074 0 0.4538433572 0 0 0 0.0004254076 0 0 0 
0 0.2050938946 0 0 0.0591068516 0 0 0.2213770662 0 0 0 0 0 0 0.0719926398 0 0 0 0 0 0 0.0012517411 0 0.1852970814 0 0.1670962587 0.0143602148 0.0029432672 0 0 0 0 0.0563210388 0 0 0 0 0 0 0 0 0.0136054005 0.0015545454 0 0 0 0 0 0 0 
0 0 0 0 0 0 0 0.3135579092 0 0 0 0.0185933634 0 0 0 0 0.6427631138 0 0 0 0 0 0 0 0 0 0 0 0 0 0.0250856136 0 0 0 0 0 0 0 0 0 0 0 0 0 0 0 0 0 0 0 
0 0 0 0.2468188526 0 0 0 0 0 0 0 0.0319637717 0 0 0 0 0 0 0 0 0 0 0 0 0 0 0.6693962752 0 0 0 0 0 0 0 0 0 0 0 0.0518211004 0 0 0 0 0 0 0 0 0 0 0 
0.0466221412 0 0 0 0 0 0 0 0 0.0374460323 0 0.2824922475 0 0 0.0222019996 0 0 0 0 0 0 0.0010931069 0 0 0 0 0.1453342624 0.0020745797 0 0 0 0 0 0 0.0121452920 0 0 0.0044364027 0 0.0011380827 0 0 0.0011856123 0.3271597788 0 0 0.1034214270 0.0132490350 0 0 
0 0 0 0 0.9585366249 0 0 0 0 0 0 0 0 0 0 0 0 0 0 0 0 0 0 0 0 0 0 0 0 0 0 0 0 0 0 0 0 0 0 0 0 0 0 0 0 0 0.0414633751 0 0 0 
0.0248602643 0 0 0 0 0.0106672857 0 0 0 0 0 0.0545504496 0 0 0 0 0.2069454700 0 0 0 0 0 0 0 0 0 0 0 0 0 0 0 0 0 0 0.5335856862 0 0.1693908442 0 0 0 0 0 0 0 0 0 0 0 0 
0 0.0251828489 0 0 0 0.0067278800 0 0 0 0 0 0.0365127720 0 0 0 0 0 0 0 0 0 0.0448259778 0 0 0 0.1687053355 0.6620689917 0 0 0 0.0438103567 0 0 0 0 0 0 0 0 0 0 0 0 0 0.0023580252 0 0 0 0.0098078122 0 
0 0 0 0 0.0375899687 0 0 0 0 0 0 0.0203477237 0 0 0 0 0 0.0361936481 0 0 0 0 0 0 0 0 0.9058686594 0 0 0 0 0 0 0 0 0 0 0 0 0 0 0 0 0 0 0 0 0 0 0 
0 0 0 0 0 0 0 0 0 0 0 0 0 0 0 0 0 0 0 0 0 0 0 0 0 0 0 0 0 0 0 0 0 0 0 0 0 0 0 0 0.9800130126 0 0.0199869874 0 0 0 0 0 0 0 
0 0 0 0 0 0 0 0 0 0 0 0 0 0 0 0 0 0 0 0 0 0.2382223900 0 0 0 0 0 0 0.5863990078 0.0229495843 0 0 0 0.1397529436 0 0.0126760744 0 0 0 0 0 0 0 0 0 0 0 0 0 0 
0.0093069578 0 0 0 0 0.2875313021 0 0 0 0 0 0.2528239654 0 0 0.0274534128 0 0.1764717603 0 0 0 0 0 0 0 0 0 0 0 0.1146130193 0 0 0 0 0.1317995823 0 0 0 0 0 0 0 0 0 0 0 0 0 0 0 0 
0 0 0 0 0 0 0 0 0 0 0 0 0 0 0 0 0.3290092137 0 0 0 0 0 0 0 0 0 0 0.0007133180 0 0 0 0 0 0.1339206872 0 0 0 0 0 0.5363567811 0 0 0 0 0 0 0 0 0 0 
0 0 0 0 0 0 0 0 0 0 0 0 0 0 0 0 0 0 0 0 0 0 0 0 0 0 0 0 0 0 1.0000000000 0 0 0 0 0 0 0 0 0 0 0 0 0 0 0 0 0 0 0 
0 0 0 0 0 0 0 0 0 0.0049650169 0 0 0 0 0 0 0 0.6121593423 0 0.0026678192 0 0 0 0 0 0 0.3802078215 0 0 0 0 0 0 0 0 0 0 0 0 0 0 0 0 0 0 0 0 0 0 0 
0 0 0 0 0 0 0 0 0 0 0 0 0 0 0 0 0 0 0 0 0 0 0 0 0 0 0 0 0 0 0 0 0.9999999962 0 0 0 0 0 0 0 0 0 0 0 0 0 0.0000000038 0 0 0 
0 0 0 0.0155341889 0 0 0 0.0110256937 0 0 0 0 0 0 0.0369144616 0 0 0 0 0 0 0 0 0 0 0 0 0.0014005096 0 0 0 0.4041957762 0.3027018082 0 0 0 0 0 0 0 0.0752260769 0.1519751914 0 0 0 0 0 0 0 0.0010262935 
0 0 0 0 0.0008741516 0 0 0 0 0 0 0 0 0 0 0 0.0059612442 0 0 0.0860725055 0 0.0018253995 0 0.0011932819 0.0381974725 0 0 0.0037825891 0.1175354956 0.0294377174 0 0 0.0011167573 0.5705478684 0 0 0 0 0 0 0 0 0.0014786259 0 0.1419768910 0 0 0 0 0 
0.0075000525 0 0.0042212876 0 0 0 0 0 0.0217276854 0 0 0 0 0 0 0 0 0.7057182965 0 0 0 0 0 0 0 0 0.1290977922 0 0 0.0210949004 0.1077437510 0 0 0 0 0 0 0 0 0 0 0 0 0 0.0028962344 0 0 0 0 0 
0 0.0707038746 0 0 0.0006568837 0 0 0 0 0 0 0 0 0 0 0 0 0 0 0 0 0.0014470504 0 0.2575514978 0.2658607121 0.1264429740 0.0603257157 0.0035957332 0.0234171749 0 0.0724448287 0 0 0 0 0 0 0 0 0 0 0.0005494255 0.0018175109 0 0.0007905215 0.0081502796 0 0 0.1062458173 0 
0 0 0 0 0 0 0 0 0 0 0 0.0054532514 0 0 0 0 0 0 0 0 0 0 0 0 0 0 0.0998921763 0 0 0.4580386668 0 0 0 0 0 0 0 0 0 0 0 0 0.4366159055 0 0 0 0 0 0 0 
0 0 0 0 0 0.1625610914 0 0 0 0 0 0 0 0 0.0302788252 0 0 0 0 0 0 0 0 0 0 0 0.0701984795 0 0 0.3393251098 0 0 0 0.0594299516 0.0049446058 0 0 0 0 0 0 0.3332619367 0 0 0 0 0 0 0 0 
0 0.0235895121 0 0 0.0011948451 0 0.0124830441 0 0 0.0093568796 0 0 0 0 0 0 0 0.0212987537 0 0 0 0.0019542109 0.0005277193 0.0012523612 0 0 0.2015623627 0.0035631110 0 0.6071424961 0 0 0.0124410020 0 0 0 0 0 0 0 0.1004108853 0 0.0020804459 0 0.0011423711 0 0 0 0 0 
0 0 0 0 0 0 0.0013170983 0 0.0272537234 0.0046809844 0 0 0 0 0 0 0 0.4391724331 0 0 0 0 0.0026706049 0 0 0.0256472138 0.4683500157 0 0 0.0165962437 0 0 0 0 0.0042386487 0 0.0100730341 0 0 0 0 0 0 0 0 0 0 0 0 0 
0 0.2481993387 0 0.5109785332 0 0 0 0 0 0 0 0 0 0 0 0 0 0 0 0.0183589183 0 0 0 0 0 0.2191719058 0 0.0021482498 0 0 0 0 0 0 0 0 0 0 0 0 0 0 0.0011430542 0 0 0 0 0 0 0 
0 0 0 0 0.0694464552 0 0 0 0 0 0 0 0 0 0 0 0 0 0 0 0 0 0 0 0 0 0.3705235343 0 0 0.1170946925 0 0 0 0 0 0 0 0 0 0 0 0.2004181473 0 0.2070870949 0 0.0354300758 0 0 0 0 
0 0.0419758255 0 0.0017155728 0 0 0 0 0 0 0.0180949101 0 0 0 0 0 0 0 0 0 0 0 0 0.1517625388 0 0 0 0 0.4205594467 0 0 0 0 0 0 0 0 0 0 0 0 0.3304655821 0 0 0 0 0.0354261239 0 0 0 
0 0.0158124184 0 0 0.0816198903 0 0 0 0 0.0645806989 0 0 0 0 0 0 0 0 0 0 0.0237370197 0 0 0.1474356376 0 0 0.2608098305 0 0 0 0 0 0.4012903750 0 0 0 0 0 0 0 0 0 0 0 0.0047141297 0 0 0 0 0 
0.2427054317 0 0 0 0 0 0 0 0 0 0 0 0 0 0.0405974087 0 0 0 0 0 0 0 0 0 0.2014812696 0 0 0 0.3844174018 0 0 0 0 0 0 0 0 0 0 0 0 0.1230542107 0 0 0.0077442775 0 0 0 0 0 
0 0 0 0 0 0.0396764940 0 0 0 0 0 0 0 0 0.2921319094 0 0.0031736517 0 0 0 0 0 0 0 0 0 0.0010234668 0 0.0120944011 0 0 0.1865358259 0 0 0 0 0 0 0.0015597971 0 0 0.0075401520 0 0 0 0 0 0 0.4562643020 0 
0 0 0 0 0 0 0 0 0 0 0 0.0589772609 0 0 0.0070202583 0 0 0 0 0 0 0 0 0 0 0 0.1370824282 0.0008446283 0 0 0.1976888197 0.0204717648 0 0 0 0.0118787986 0 0 0 0 0 0 0 0.5660360412 0 0 0 0 0 0 
0 0 0 0 0 0 0 0 0 0 0 0 0 0 0 0 0 0.0183611875 0 0 0 0 0 0 0 0.0296603143 0.6988549111 0 0 0.0051079141 0 0 0 0.0404516841 0 0 0 0 0 0 0 0 0.1332494174 0 0.0743145714 0 0 0 0 0 
0.2322287379 0 0 0 0 0 0 0 0 0 0 0 0 0 0.0023107499 0.0163940655 0 0 0 0 0 0 0 0 0 0 0 0 0 0 0 0.0352360519 0 0 0 0 0 0.0005838882 0 0 0.7052531636 0 0.0079933431 0 0 0 0 0 0 0 
0 0 0 0 0 0 0 0 0 0 0 0 0 0 0 0 0 0.0283399385 0 0 0 0 0 0 0 0 0.9450526061 0 0 0 0 0 0 0 0 0 0 0 0 0 0 0 0 0 0 0 0 0.0266074554 0 0 
0 0 0 0 0 0 0 0 0.0109124587 0 0 0.0110670589 0 0 0 0 0 0 0 0 0 0 0 0.0942748863 0 0.0124294818 0.7675714452 0 0 0.0046475745 0.0980438714 0 0 0 0.0010532231 0 0 0 0 0 0 0 0 0 0 0 0 0 0 0 
0 0 0 0.0043297299 0 0 0 0 0 0 0 0 0 0 0 0 0 0 0 0 0 0 0.0025791739 0 0 0 0.6323102173 0 0 0 0.0347953134 0 0 0 0 0 0 0 0 0 0 0 0.3177581486 0 0 0.0082274170 0 0 0 0 
0 0 0 0.0196466446 0.0009442356 0 0 0.6838206724 0 0 0 0 0 0 0 0 0 0 0 0 0 0.0010965108 0 0.0009724024 0 0 0 0.0028318176 0.2892859265 0 0 0 0 0 0 0 0 0 0 0 0 0 0.0014017899 0 0 0 0 0 0 0 
0 0 0 0 0.0423257904 0 0 0 0 0 0 0 0 0 0.0384509488 0 0 0 0 0 0 0 0 0 0 0 0.3359653131 0 0 0 0 0 0.1847439097 0 0 0 0 0 0 0 0 0.3815196723 0 0 0 0 0.0033695760 0 0 0.0136247898 
0 0 0 0 0 0 0 0 0 0 0 0 0 0 0 0 0 0.5054775074 0 0 0 0 0 0 0 0 0 0 0.0147491169 0.0668443464 0 0 0 0 0 0 0 0 0 0 0.4129290293 0 0 0 0 0 0 0 0 0 
0 0 0 0 0 0 0 0 0 0.0230557032 0 0 0 0 0 0 0 0.0472283094 0 0.1912273659 0 0 0 0 0 0 0.7183289913 0 0 0 0 0 0 0 0 0 0.0014603655 0 0 0 0 0 0 0.0108946285 0.0078046360 0 0 0 0 0 
0 0 0 0 0 0 0 0.3425403587 0 0 0 0 0 0 0 0 0.0368216007 0 0 0 0 0 0 0 0 0 0 0 0 0 0 0 0 0.6206380406 0 0 0 0 0 0 0 0 0 0 0 0 0 0 0 0 
0 0.4110108679 0 0 0 0 0 0 0 0 0 0 0 0 0 0 0 0 0.0232390682 0.0585742605 0 0 0 0 0 0.0177006371 0.2949678212 0.0017824249 0 0 0 0 0 0 0 0 0 0 0 0 0 0.1917755016 0.0009494185 0 0 0 0 0 0 0 
0 0 0 0.6542072853 0 0 0 0 0 0.0557206853 0 0.0140007274 0 0 0 0 0 0 0 0 0.0025202724 0 0 0 0 0 0.0163708222 0 0 0 0 0 0.2238930274 0 0 0 0 0 0 0 0 0 0 0 0.0332871799 0 0 0 0 0 
0 0 0 0 0 0 0 0 0 0.0023758287 0 0.3391867592 0 0.0023299646 0 0 0 0 0 0 0 0 0 0 0 0 0.3547162501 0 0 0.1943616306 0 0 0 0 0 0 0.0095019278 0 0 0 0 0 0 0 0.0975276391 0 0 0 0 0 
0 0 0 0 0 0 0 0 0 0 0 0 0 0 0 0 0 0.9999999502 0 0 0 0 0 0 0 0 0.0000000020 0 0 0.0000000478 0 0 0 0 0 0 0 0 0 0 0 0 0 0 0 0 0 0 0 0 
0 0 0 0 0 0 0 0 0 0 0 0 0 0 0 0 0 0 0 0 0 0 0 0 0 0 0.4386031346 0 0 0.3614981982 0 0 0 0 0 0 0 0 0 0 0 0 0 0.0062324128 0.0335891877 0 0 0.1600770667 0 0 
0 0 0 0 0 0.2351427514 0 0 0 0 0 0.0390823252 0 0 0 0 0 0 0 0 0 0 0 0 0 0 0.7257749233 0 0 0 0 0 0 0 0 0 0 0 0 0 0 0 0 0 0 0 0 0 0 0 
0 1.0000000000 0 0 0 0 0 0 0 0 0 0 0 0 0 0 0 0 0 0 0 0 0 0 0 0 0 0 0 0 0 0 0 0 0 0 0 0 0 0 0 0 0 0 0 0 0 0 0 0 
0 0 0 0 0 0 0 0 0 0.0571325118 0 0 0 0 0 0 0 0 0 0 0 0 0 0 0 0 0.9428674882 0 0 0 0 0 0 0 0 0 0 0 0 0 0 0 0 0 0 0 0 0 0 0 
0 0 0 0 0 0 0 0 0 0 0 0 0 0 0 0 0 0.0000000120 0 0 0 0 0 0 0 0 0.9999999880 0 0 0 0 0 0 0 0 0 0 0 0 0 0 0 0 0 0 0 0 0 0 0 
0 0 0 0 0 0 0 0 0 0 0 0 0 0 0 0 0 0 0 0 0 0 0 0 0 0 1.0000000000 0 0 0 0 0 0 0 0 0 0 0 0 0 0 0 0 0 0 0 0 0 0 0 
0 0 0 0 0 0 0.0001859665 0 0 0 0 0 0.0005024929 0 0 0 0 0 0 0 0 0 0 0 0 0 0.9993115406 0 0 0 0 0 0 0 0 0 0 0 0 0 0 0 0 0 0 0 0 0 0 0 
0 0 0 0 0 0 0 0 0 0 0 0 0 0 0 0 0 0.3876820039 0 0.0061864393 0 0 0 0 0 0 0.6040168945 0 0 0 0 0 0 0 0 0 0.0021146623 0 0 0 0 0 0 0 0 0 0 0 0 0 
0 0 0 0 0 0 0 0 0 0 0 0.0203269002 0 0 0 0 0 0 0 0 0 0 0 0 0 0 0.6479986842 0 0 0.3137925849 0 0 0 0 0 0 0 0 0 0 0.0178818307 0 0 0 0 0 0 0 0 0 
0 0 0 0 0 0 0 0 0 0 0 0 0 0 0 0 0 0 0 0 0 0 0 0 0 0 0.5413241174 0 0 0.4586758826 0 0 0 0 0 0 0 0 0 0 0 0 0 0 0 0 0 0 0 0 
0 0 0 0 0 0 0 0 0 0 0 0 0 0 0 0 0 0 0 0 0 0 0 0 0 0 1.0000000000 0 0 0 0 0 0 0 0 0 0 0 0 0 0 0 0 0 0 0 0 0 0 0 
0 0 0 0 0 0 0 0 0 0 0 0 0 0 0 0 0 0.1219815271 0 0 0 0 0 0 0 0 0.8780184729 0 0 0 0 0 0 0 0 0 0 0 0 0 0 0 0 0 0 0 0 0 0 0 
0.0195913897 0 0 0 0.2050550945 0 0 0 0 0.1087225221 0 0 0 0 0 0 0 0.0531519817 0 0 0 0 0 0 0 0 0.5464374686 0 0.0670415434 0 0 0 0 0 0 0 0 0 0 0 0 0 0 0 0 0 0 0 0 0 
0 0 0 0 0 0 0 0 0 0.1405063963 0 0 0 0 0 0 0 0.0460317161 0 0 0 0.0011428791 0 0.0012024178 0.6828912825 0 0.1213119164 0.0037862197 0 0 0 0 0 0 0 0 0 0 0 0 0 0 0.0021609293 0 0.0009662429 0 0 0 0 0 
0 0 0 0 0 0 0 0 0 0 0 0 0.0013934106 0 0 0 0 0.0017054279 0 0 0 0 0 0 0 0 0.9948745541 0 0 0 0 0 0 0 0 0 0.0020266074 0 0 0 0 0 0 0 0 0 0 0 0 0 
0 0 0 0 0.0141601563 0 0 0 0 0 0 0 0 0 0 0 0.0203328227 0 0 0 0 0 0 0 0 0 0 0 0 0.4943925368 0 0 0 0.4711144843 0 0 0 0 0 0 0 0 0 0 0 0 0 0 0 0 
0 0 0 0 0 0 0 0 0 0 0 0 0 0 0 0 0 0 0 0 0 0 0 0 0 0 0.5775102184 0 0 0.4110537607 0 0 0 0.0114360209 0 0 0 0 0 0 0 0 0 0 0 0 0 0 0 0 
0 0 0 0 0 0 0.0085516245 0 0 0 0 0 0 0 0 0 0.2023144813 0 0 0 0 0 0 0.0518352203 0 0 0 0 0 0 0 0.1830905874 0 0 0 0 0 0 0 0.5542080865 0 0 0 0 0 0 0 0 0 0 
0.1252036817 0.6615220159 0 0 0.0011712068 0.0004656672 0 0 0 0 0 0 0 0.1433252715 0 0.0022098576 0 0 0 0 0.0178032849 0.0215508156 0 0.0015393417 0 0 0.0156392915 0.0055132435 0 0 0 0 0 0 0 0 0 0 0 0 0 0.0005662410 0.0024584921 0 0.0010315888 0 0 0 0 0 
0 0 0 0 0 0 0 0 0 0 0 0 0 0 0 0 0 0 0 0 0 0 0 0 0 0 1.0000000000 0 0 0 0 0 0 0 0 0 0 0 0 0 0 0 0 0 0 0 0 0 0 0 
0 0 0 0 0 0 0 0 0 0.0479047500 0 0 0 0 0 0 0 0.0147315764 0 0 0.0064728554 0 0 0 0 0 0.8742814759 0 0 0 0 0 0 0 0 0 0 0 0 0 0 0 0.0566093423 0 0 0 0 0 0 0 
0 0 0 0 0 0 0 0 0 0 0 0 0 0 0 0 0 0 0 0 0 0 0 0 0 0 1.0000000000 0 0 0 0 0 0 0 0 0 0 0 0 0 0 0 0 0 0 0 0 0 0 0 
0 0 0 0.0000000531 0 0 0 0 0.0225305557 0.9774693591 0 0 0.0000000045 0 0 0 0 0 0 0.0000000019 0 0 0 0 0 0 0.0000000015 0 0 0 0 0 0 0 0 0 0 0 0 0 0 0 0 0 0.0000000223 0 0.0000000018 0 0 0 
0.0948558138 0 0 0 0.0328464460 0 0 0 0.0056949003 0 0 0 0 0 0 0 0.0250099755 0 0 0.0046708820 0 0 0 0 0 0 0 0 0 0.5563284135 0 0.0206224405 0 0 0 0.0574274285 0 0 0 0 0.2025437000 0 0 0 0 0 0 0 0 0 
0 0 0 0 0 0 0 0 0 0 0 0 0 0 0 0 0 0 0 0 0 0 0 0 0 0 0.6891062403 0 0 0.3108937597 0 0 0 0 0 0 0 0 0 0 0 0 0 0 0 0 0 0 0 0 
0 0 0 0 0 0 0 0 0 0 0 0 0 0 0 0 0 0 0 0 0 0 0 0 0 0 1.0000000000 0 0 0 0 0 0 0 0 0 0 0 0 0 0 0 0 0 0 0 0 0 0 0 
0 0 0 0 0 0 0 0 0 0 0 0 0 0 0 0 0 0 0 0 0 0 0 0 0 0 1.0000000000 0 0 0 0 0 0 0 0 0 0 0 0 0 0 0 0 0 0 0 0 0 0 0 
0 0 0 0 0 0 0 0 0 0 0 0 0 0 0 0 0 0 0 0 0 0 0 0 0 0 0 0 0 1.0000000000 0 0 0 0 0 0 0 0 0 0 0 0 0 0 0 0 0 0 0 0 
0 0 0 0 0 0 0 0 0 0 0 0.0400345695 0 0 0 0 0 0 0 0 0 0 0 0 0 0 0 0 0 0.7480823777 0 0 0 0 0 0 0 0 0 0 0.1989208679 0 0 0 0.0129621849 0 0 0 0 0 
0 0 0 0 0 0 0 0 0 0 0 0 0 0 0 0 0 0 0 0 0 0 0 0 0 0 1.0000000000 0 0 0 0 0 0 0 0 0 0 0 0 0 0 0 0 0 0 0 0 0 0 0 
0 0 0 0 0.1303724516 0 0 0 0 0 0 0 0 0 0 0 0 0.0168962271 0 0 0 0 0 0.2503767194 0 0 0.0205817948 0 0 0.5702501853 0 0 0 0 0 0 0 0 0 0 0 0 0.0028533936 0 0.0086692282 0 0 0 0 0 
0.0411047610 0 0 0 0 0 0 0 0 0 0 0 0 0 0 0 0 0 0 0 0 0 0 0 0 0 0 0 0 0 0 0 0 0 0 0 0 0 0 0.0098588207 0 0.9490364184 0 0 0 0 0 0 0 0 
0 0 0 0 0 0 0 0 0 0 0 0 0 0 0 0 0 0 0 0 0 0 0 0 0 0 1.0000000000 0 0 0 0 0 0 0 0 0 0 0 0 0 0 0 0 0 0 0 0 0 0 0 
0 0 0 0 0 0 0.0005782534 0.0135814791 0 0 0 0 0 0 0 0 0.0032489153 0 0 0 0 0 0 0 0 0 0 0.0005269216 0 0 0 0.0522645897 0 0 0 0.6296764059 0 0 0 0.3001234350 0 0 0 0 0 0 0 0 0 0 
0 0 0 0 0.0164978557 0 0 0 0 0 0 0 0 0 0.0131253902 0 0 0 0 0 0 0.0006707230 0 0 0 0.5959753770 0.0665935427 0.0014521442 0 0.0361842807 0 0 0 0 0 0 0 0 0 0 0.2687208998 0 0.0007797868 0 0 0 0 0 0 0 
0 0 0 0 0 0 0 0 0 0 0 0 0 0 0 0 0 0 0 0 0 0 0 0 0 0 1.0000000000 0 0 0 0 0 0 0 0 0 0 0 0 0 0 0 0 0 0 0 0 0 0 0 
0.0014079268 0.7200798118 0.0069125913 0.0080171411 0 0 0 0 0 0 0 0 0 0.0311767918 0 0 0 0 0.0027302827 0 0 0 0 0 0 0 0 0 0 0 0 0 0 0 0 0 0 0 0 0 0 0 0 0 0 0.2296754546 0 0 0 0 
0 0 0 0 0 0 0 0 0 0 0 0 0 0 0 0 0 0 0 0 0 0 0 0 0 0 1.0000000000 0 0 0 0 0 0 0 0 0 0 0 0 0 0 0 0 0 0 0 0 0 0 0 
0 0 0 0 0 0 0 0 0 0 0 0 0 0 0 0 0 0 0 0 0 0 0 0 0 0 1.0000000000 0 0 0 0 0 0 0 0 0 0 0 0 0 0 0 0 0 0 0 0 0 0 0 
0 0 0 0 0.0008721316 0 0 0 0.0392754794 0 0 0 0 0 0 0 0 0.0420774900 0 0 0 0.0018413775 0 0.0012237779 0 0 0.0551284833 0.0041042633 0 0.5803167385 0 0 0.1786685936 0 0.0057278431 0 0 0.0370396314 0.0024981447 0 0 0 0.0028849765 0 0.0369883713 0.0113526979 0 0 0 0 
0 0 0 0 0 0 0 0 0 0 0 0 0 0 0 0 0 0 0 0 0 0 0 0 0 0 0 0 0 1.0000000000 0 0 0 0 0 0 0 0 0 0 0 0 0 0 0 0 0 0 0 0 
0 0 0 0 0 0 0 0 0 0 0 0 0 0 0 0 0 0.2096624571 0 0 0 0 0 0 0 0 0.7718550014 0 0 0 0 0 0 0 0 0 0 0 0 0 0 0 0 0 0 0 0 0.0184825414 0 0 
0 0 0.0019598892 0 0 0 0 0 0 0 0 0 0 0.6967891101 0 0.0022127554 0 0 0 0 0 0 0 0 0 0 0 0 0 0 0 0 0 0 0 0 0 0 0 0 0 0 0 0 0 0 0.0255598558 0 0 0.2734783896 
0.0177101571 0 0.0948441996 0 0 0 0 0 0 0 0 0 0.0033668258 0.0079628116 0 0 0.0025132448 0 0 0 0 0 0 0 0 0 0 0 0 0 0 0.7314876192 0 0 0.0045518123 0 0 0 0 0 0 0 0 0 0 0 0 0 0.0142700211 0.1232933085 
0 0 0 0 0 0 0 0 0 0 0 0 0 0 0 0 0 0 0 0 0 0 0 0 0 0 0.2216046914 0 0 0.3176473585 0 0 0 0.0112140602 0 0 0 0 0 0 0 0 0 0.4333479804 0.0161859094 0 0 0 0 0 
0 0 0 0 0 0 0 0 0 0 0 0 0 0 0.0985454474 0 0 0 0 0 0 0 0.0049009459 0 0 0 0.7268016549 0 0 0.1160582717 0 0 0 0.0429097477 0 0 0.0019126500 0 0 0 0.0088712825 0 0 0 0 0 0 0 0 0 
0 0 0 0 0 0 0 0 0 0 0 0 0 0 0 0 0 0 0 0 0 0 0 0 0 0 1.0000000000 0 0 0 0 0 0 0 0 0 0 0 0 0 0 0 0 0 0 0 0 0 0 0 
0 0 0 0 0 0 0 0 0 0 0 0 0 0 0 0 0 0 0 0 0 0 0 0 0 0 1.0000000000 0 0 0 0 0 0 0 0 0 0 0 0 0 0 0 0 0 0 0 0 0 0 0 
0 0 0 0.0848655246 0 0 0 0 0 0 0 0 0 0 0.2289720487 0 0 0 0 0 0 0 0 0 0 0 0.0063980358 0 0 0 0.0028469488 0.0717194224 0 0 0 0 0 0 0 0 0 0 0 0 0 0.5999345054 0.0044523603 0 0.0008111540 0 
0 0 0 0.0470235161 0.0013253704 0.0009099446 0 0.0216136741 0 0 0 0 0 0.0170840648 0 0 0 0 0 0 0.1599603826 0.0025922680 0 0.0016050005 0 0 0 0.0056010421 0.0277535007 0 0 0 0.3642058690 0 0.0039714881 0.0548603941 0 0 0.2875833145 0 0 0 0.0030240488 0 0.0008861216 0 0 0 0 0 
0 0 0 0 0 0 0 0 0 0 0 0 0 0 0 0 0 0 0 0 0 0 0 0 0 0 1.0000000000 0 0 0 0 0 0 0 0 0 0 0 0 0 0 0 0 0 0 0 0 0 0 0 
0 0 0 0 0 0 0 0 0 0 0 0 0 0 0 0 0 0 0 0 0 0 0 0 0 0 0 0 0 1.0000000000 0 0 0 0 0 0 0 0 0 0 0 0 0 0 0 0 0 0 0 0 
0 0 0 0 0 0 0 0 0 0 0 0 0 0 0 0 0 0 0 0.0630742343 0 0.0007987125 0 0 0 0 0.0500457437 0.0015669546 0.0149801656 0.0391104944 0.2079071781 0 0 0 0 0 0 0 0 0 0.0054224610 0.0295994039 0.0430742221 0.3115061020 0.2329143278 0 0 0 0 0 
0 0 0 0 0 0 0 0 0 0 0 0 0 0 0 0 0 0 0 0 0 0 0 0 0 0 0.9999999923 0 0 0 0 0 0 0 0 0 0 0 0 0 0 0 0 0 0.0000000077 0 0 0 0 0 
0 0 0.0104968089 0 0 0 0 0.0994768115 0 0 0 0 0 0 0 0 0 0 0.0166549949 0 0 0 0 0 0 0 0 0.0007581923 0 0 0 0 0 0.1070354710 0.0458523020 0 0 0.1029635310 0 0.1821936602 0 0 0 0 0 0 0 0 0 0.4345682281 
0 0 0 0.0018652250 0 0 0 0 0 0 0 0.0236927422 0 0 0 0 0 0 0 0.0191441845 0 0.1595519192 0 0 0 0 0 0 0 0.5289115463 0.0343939024 0 0 0.2015588986 0 0 0 0.0152672443 0 0 0 0 0 0 0.0156143376 0 0 0 0 0 
0 0 0 0 0 0 0 0 0 0 0 0 0 0 0 0 0 0 0 0 0 0 0 0 0 0 0 0 0 1.0000000000 0 0 0 0 0 0 0 0 0 0 0 0 0 0 0 0 0 0 0 0 
0 0 0 0.0298894403 0 0 0 0 0 0.0009037723 0 0.2167219816 0 0 0 0 0 0 0 0 0 0 0 0 0 0 0.1553403458 0.0011744603 0 0.1091494164 0 0 0 0 0 0 0.0018424297 0 0 0 0.4849781537 0 0 0 0 0 0 0 0 0 
0 0 0 0 0 0 0 0 0 0 0 0 0 0 0 0 0 0 0 0 0 0 0 0 0 0 1.0000000000 0 0 0 0 0 0 0 0 0 0 0 0 0 0 0 0 0 0 0 0 0 0 0 
0 0 0 0 0 0.0057594651 0 0.0094050721 0 0.0008202360 0 0 0 0 0.1169251425 0 0.0038848588 0 0 0 0 0.0489857121 0 0 0 0 0.0016623364 0 0 0 0 0 0 0.0501012434 0 0.7349745662 0 0 0 0.0274813673 0 0 0 0 0 0 0 0 0 0 
0 0 0 0 0 0 0 0 0 0 0 0 0 0 0 0 0 0 0 0 0 0 0 0 0.3419552587 0 0.0793354877 0 0 0.5233760505 0 0 0 0 0 0 0.0046830718 0 0 0 0 0 0 0 0.0506501313 0 0 0 0 0 
0 0 0 0.0105477608 0 0 0 0 0 0 0 0.0041702257 0 0 0 0 0 0 0 0.0276593629 0 0 0 0 0 0 0.1413698559 0 0.0025150928 0.0283483835 0 0 0 0 0 0 0 0 0 0 0.4064770651 0 0.0247057925 0.2882947752 0.0609408592 0 0 0 0 0.0049708263 
0 0 0 0 0 0 0 0 0 0 0 0 0 0 0 0 0.2418484468 0 0 0 0 0 0 0 0 0 0 0 0 0 0 0.0096766094 0 0 0 0 0 0 0 0.0377542081 0 0 0 0 0 0 0.0071671696 0 0 0.7035535660 
0 0 0 0 0 0 0 0 0 0 0 0 0 0 0 0 0 0 0 0 0 0 0 0 0 0 1.0000000000 0 0 0 0 0 0 0 0 0 0 0 0 0 0 0 0 0 0 0 0 0 0 0 
0 0 0 0 0 0 0 0 0 0 0 0 0 0 0 0 0 0 0.0189914704 0 0 0 0 0 0 0 0.6021437915 0 0.1868598844 0.1494080573 0 0 0 0.0314170542 0 0 0 0 0 0 0 0 0 0 0.0111797422 0 0 0 0 0 
0 0 0 0 0 0 0.0007286668 0 0 0 0 0 0 0 0 0 0 0 0 0 0 0 0 0 0 0 0.9955884103 0 0 0 0 0 0 0 0.0036829229 0 0 0 0 0 0 0 0 0 0 0 0 0 0 0 
0 0 0.0025014519 0 0 0 0.0008905110 0 0 0 0 0.0045870391 0 0.0109213089 0 0 0.0553041020 0.0013671471 0.1903138511 0 0 0 0.0010645969 0.0072231790 0 0 0 0 0 0 0 0 0.0114243734 0 0 0 0 0 0 0 0 0 0 0 0 0 0 0.3421458617 0 0.3722565780 
0.3963219295 0 0 0 0 0 0 0 0 0 0 0 0 0 0 0 0.0181989547 0 0 0 0 0 0 0 0 0 0 0 0 0 0 0.3897399034 0 0 0 0 0 0 0 0.1957392123 0 0 0 0 0 0 0 0 0 0 
0 0 0 0 0 0 0 0 0 0 0 0 0 0 0 0 0 0 0 0 0 0 0 0 0 0 0.9994201666 0 0 0 0 0 0 0 0 0 0.0005798334 0 0 0 0 0 0 0 0 0 0 0 0 0 
0 0 0 0 0 0 0 0 0 0 0 0 0 0 0 0 0 0 0 0 0 0 0 0 0 0 1.0000000000 0 0 0 0 0 0 0 0 0 0 0 0 0 0 0 0 0 0 0 0 0 0 0 
0 0 0 0 0 0.0219554963 0 0 0 0 0 0 0 0 0.0804474390 0 0 0 0 0 0 0 0 0 0 0 0.0118393657 0 0 0 0 0 0 0 0 0 0 0 0.0218206455 0 0.8639370536 0 0 0 0 0 0 0 0 0 
0 0 0 0 0 0 0 0 0 0 0 0 0 0 0 0 0 0 0 0 0 0 0 0 0 0 1.0000000000 0 0 0 0 0 0 0 0 0 0 0 0 0 0 0 0 0 0 0 0 0 0 0 
0 0.0021656475 0 0 0 0 0 0.7610407276 0 0 0 0 0 0 0 0 0 0 0 0 0 0 0 0 0 0 0 0 0 0.0101149431 0 0 0 0.2266786818 0 0 0 0 0 0 0 0 0 0 0 0 0 0 0 0 
0 0 0 0 0 0 0 0 0 0 0 0.9008787639 0 0 0 0 0 0 0.0231338971 0 0 0 0 0 0 0 0 0 0 0 0 0 0 0 0 0 0 0 0 0 0.0759873390 0 0 0 0 0 0 0 0 0 
0 0 0 0 0 0 0 0 0 0 0 0 0 0 0 0 0 0.0026128284 0 0 0 0 0 0 0 0 0.4981363015 0 0 0.4809175064 0 0 0 0 0 0 0 0 0 0 0 0 0 0.0183333637 0 0 0 0 0 0 
0 0 0 0 0 0 0 0 0 0 0 0 0 0 0 0 0 0 0 0 0 0 0 0 0 0 0.0036997698 0 0 0.9963002302 0 0 0 0 0 0 0 0 0 0 0 0 0 0 0 0 0 0 0 0 
0 0 0 0 0 0 0 0 0 0 0 0 0 0 0 0 0 0 0 0 0 0 0 0 0 0 1.0000000000 0 0 0 0 0 0 0 0 0 0 0 0 0 0 0 0 0 0 0 0 0 0 0 
0 0 0.0115536864 0 0 0 0 0.9221991316 0 0 0 0 0 0 0 0 0 0 0 0 0.0501795777 0 0 0 0 0 0 0 0 0 0 0 0 0 0 0 0 0 0 0 0 0 0 0 0 0 0.0121162293 0 0.0039513750 0 
0 0 0 0 0 0 0 0 0 0 0 0.0431345566 0 0 0 0 0 0.0107177645 0 0 0 0 0 0.0996245218 0 0.0313410149 0 0 0 0.8151821422 0 0 0 0 0 0 0 0 0 0 0 0 0 0 0 0 0 0 0 0 
0 0 0 0 0 0 0 0 0 0 0 0 0 0 0 0 0 0 0 0 0 0 0 0 0 0 1.0000000000 0 0 0 0 0 0 0 0 0 0 0 0 0 0 0 0 0 0 0 0 0 0 0 
0 0.3674253711 0 0 0 0 0.0050620588 0.0786207391 0 0 0 0 0 0 0 0 0 0 0 0 0 0 0.0039349013 0 0 0 0 0 0 0.5449569296 0 0 0 0 0 0 0 0 0 0 0 0 0 0 0 0 0 0 0 0 
0 0 0 0 0 0 0.0014311293 0 0 0 0 0 0.0022870370 0 0 0 0.3965067790 0 0 0 0 0 0 0 0 0 0 0.0019324707 0 0 0 0 0 0 0 0 0 0 0 0 0.5978425840 0 0 0 0 0 0 0 0 0 
0 0 0.7239183489 0 0 0.0638236036 0 0 0 0 0 0 0 0 0 0.0135666323 0.0069252936 0 0 0 0 0 0 0 0 0 0 0.0009726753 0 0 0 0 0 0 0 0 0 0 0 0.1907934463 0 0 0 0 0 0 0 0 0 0 
0 0 0 0 0 0 0 0 0 0 0 0 0 0 0 0 0 0 0 0 0 0 0 0 0 0 1.0000000000 0 0 0 0 0 0 0 0 0 0 0 0 0 0 0 0 0 0 0 0 0 0 0 
0 0 0 0 0 0 0 0 0 0 0 0 0 0 0 0 0 0 0 0.3170834399 0 0 0 0 0 0 0.6519209375 0 0 0 0 0 0 0 0 0 0 0 0 0 0 0 0 0 0.0042746542 0 0.0080411954 0 0.0186797729 0 
0 0 0 0 0 0 0 0 0 0 0 0 0 0 0 0 0 0 0 0 0 0 0 0 0 0 1.0000000000 0 0 0 0 0 0 0 0 0 0 0 0 0 0 0 0 0 0 0 0 0 0 0 
0 0 0 0 0 0 0 0 0.0271168818 0.1751532389 0 0 0 0 0 0 0 0 0 0 0 0 0 0 0 0 0.7977298793 0 0 0 0 0 0 0 0 0 0 0 0 0 0 0 0 0 0 0 0 0 0 0 
0 0 0 0 0 0 0 0 0 0 0 0 0 0 0 0 0 0 0 0 0 0 0 0 0 0 1.0000000000 0 0 0 0 0 0 0 0 0 0 0 0 0 0 0 0 0 0 0 0 0 0 0 
0 0 0 0 0 0 0 0 0 0 0 0 0 0 0 0 0 0 0 0 0 0 0 0 0 0 0.9381348769 0 0 0.0618651231 0 0 0 0 0 0 0 0 0 0 0 0 0 0 0 0 0 0 0 0 
0 0 0 0.0183876926 0 0 0 0 0 0.6796906819 0 0 0 0 0 0 0 0 0 0.0071950464 0.0046281269 0 0 0 0 0 0 0 0 0 0 0.2890886981 0 0 0 0 0 0 0 0 0 0 0 0 0 0 0 0 0 0.0010097541 
0 0.2998424570 0 0 0 0 0 0 0 0 0 0.0506543805 0 0 0 0 0.0050745157 0.0243551458 0 0 0 0 0 0.0207770498 0.1477095236 0.0791248279 0.3007927293 0 0 0.0716693702 0 0 0 0 0 0 0 0 0 0 0 0 0 0 0 0 0 0 0 0 
0 0 0 0 0 0 0 0 0 0.1003595979 0 0 0 0 0 0 0 0 0 0 0 0 0.0011078671 0 0 0 0.8939537410 0 0 0 0 0 0 0 0.0045787940 0 0 0 0 0 0 0 0 0 0 0 0 0 0 0 
0 0 0 0 0 0 0 0 0 0 0 0 0 0 0 0 0 0 0 0 0 0 0 0 0 0 1.0000000000 0 0 0 0 0 0 0 0 0 0 0 0 0 0 0 0 0 0 0 0 0 0 0 
0 0 0 0 0 0.0783895036 0.0156683237 0 0 0 0 0 0 0 0 0 0.0872406802 0 0.0265911767 0 0.1696879795 0.0005221496 0 0.0003830275 0 0 0 0.0016135922 0 0 0 0 0 0.0311380052 0 0 0 0 0 0.5881349321 0 0 0.0006306297 0 0 0 0 0 0 0 
0.0289852779 0 0 0 0 0.3355573247 0.0008739908 0.0991954158 0 0 0 0 0 0 0 0 0.1522821073 0 0 0 0 0 0 0 0 0 0 0 0 0 0 0 0 0 0 0 0 0 0 0.3712201480 0 0 0 0 0 0 0 0 0 0.0118857355 
0 0 0 0 0 0 0 0 0.0062709376 0 0 0 0 0 0 0 0 0 0 0 0 0 0 0 0 0 0.8286857984 0 0 0.1650432640 0 0 0 0 0 0 0 0 0 0 0 0 0 0 0 0 0 0 0 0 
0 0 0 0 0 0 0 0 0 0 0 0 0 0 0 0 0 0 0 0 0 0 0 0 0 0 1.0000000000 0 0 0 0 0 0 0 0 0 0 0 0 0 0 0 0 0 0 0 0 0 0 0 
0 0 0 0 0 0 0 0 0 0 0 0 0 0 0 0 0 0 0 0 0 0 0 0 0 0 1.0000000000 0 0 0 0 0 0 0 0 0 0 0 0 0 0 0 0 0 0 0 0 0 0 0 
0 0 0 0 0 0 0 0 0 0 0 0 0 0 0 0 0 0 0 0 0 0 0 0 0 0 1.0000000000 0 0 0 0 0 0 0 0 0 0 0 0 0 0 0 0 0 0 0 0 0 0 0 
0 0 0 0 0 0 0 0 0 0 0 0 0 0 0 0 0 0 0 0 0 0 0 0 0 0 0.8405255910 0 0 0.1554600685 0 0 0 0.0033242186 0.0006901219 0 0 0 0 0 0 0 0 0 0 0 0 0 0 0 
0 0 0 0 0 0 0 0 0 0 0 0 0 0 0 0 0 0 0 0 0 0 0 0 0 0 1.0000000000 0 0 0 0 0 0 0 0 0 0 0 0 0 0 0 0 0 0 0 0 0 0 0 
0 0 0 0 0.0553567495 0 0 0 0 0.0038191885 0 0 0 0 0 0 0.0100742007 0 0 0 0 0 0 0 0.4573523049 0.0848194638 0.3589464075 0 0 0.0296316852 0 0 0 0 0 0 0 0 0 0 0 0 0 0 0 0 0 0 0 0 
0 0 0 0 0 0 0 0.0150536601 0 0 0 0.0421822124 0 0 0 0 0 0.1122948177 0 0 0 0 0 0 0 0 0.4719075596 0 0 0.3585617502 0 0 0 0 0 0 0 0 0 0 0 0 0 0 0 0 0 0 0 0 
0 0 0 0 0 0 0 0 0 0.2248188176 0 0 0 0 0 0 0 0 0 0 0 0 0 0 0 0 0.7656830740 0 0 0 0 0 0 0 0 0 0 0 0 0 0 0 0 0.0094981084 0 0 0 0 0 0 
0 0 0 0 0 0 0 0 0 0 0 0.0246532237 0 0.0440888375 0 0 0 0 0 0.0429393423 0 0 0 0 0 0 0 0 0 0 0.0104193282 0 0 0 0 0 0 0 0 0 0 0 0 0.8778992683 0 0 0 0 0 0 
0 0 0 0 0 0 0.0041797010 0 0 0 0 0 0 0 0 0 0.3817252038 0 0 0 0 0.2268897297 0 0 0.0048516946 0 0.0136717422 0.0006635513 0 0 0 0 0.0140191842 0 0 0 0.0037344281 0 0 0 0 0 0.0675972224 0 0.0182503848 0.0331505384 0 0 0 0.2312666195 
0 0 0 0 0 0 0 0 0 0 0 0.2711297854 0 0 0 0 0 0 0 0 0 0 0 0 0 0 0.0934439532 0.0014377207 0 0.5591672722 0 0 0 0 0.0008373260 0 0.0173709362 0 0 0 0 0 0.0008258698 0 0.0239495161 0.0318376203 0 0 0 0 
0 0.0118215075 0.0071996913 0 0 0 0 0 0.4106677520 0.0593176118 0 0.4123665431 0 0.0347889486 0 0 0 0 0 0 0 0.0005685945 0 0.0005890932 0 0 0.0354540207 0.0017066651 0 0 0 0 0 0 0 0 0 0 0 0 0 0 0.0007061284 0 0 0.0205234641 0 0.0042899796 0 0 
0.0612353684 0 0 0 0 0 0 0 0 0 0 0 0 0 0 0 0 0 0 0 0 0 0 0 0 0 0 0 0 0 0 0 0.9044919403 0 0 0 0 0 0.0278560037 0.0064166876 0 0 0 0 0 0 0 0 0 0 
0 0.0428169594 0.3083496573 0 0 0 0 0 0 0.0026992314 0 0.0159216667 0 0.0858769637 0 0 0 0.5247172999 0.0115156453 0 0 0.0010762206 0 0 0 0 0 0.0030651201 0 0 0 0 0 0 0 0 0.0028944664 0 0 0 0 0 0.0010667693 0 0 0 0 0 0 0 
0 0 0 0 0 0 0.0005263314 0 0 0 0 0.5873892088 0 0 0.0509324230 0 0.0171581635 0 0 0 0 0.0003947447 0 0 0 0 0 0.0008895867 0 0 0 0 0 0.0236633474 0 0.2482408828 0 0 0 0 0 0 0.0004376900 0 0 0 0.0703676215 0 0 0 
0 0 0.0129352567 0 0 0 0.0871564968 0 0 0 0 0 0 0 0 0 0.0061162177 0 0 0 0.0013217446 0 0 0 0 0 0 0 0 0 0 0.6298516644 0 0 0 0 0 0 0 0.2439684901 0 0 0 0 0.0186501297 0 0 0 0 0 
0 0 0 0 0 0.9338833382 0.0000000026 0 0 0 0 0 0 0 0 0 0.0661165138 0 0 0 0 0 0 0 0 0 0 0.0000000015 0 0 0 0 0 0 0 0 0 0 0 0.0000000137 0.0000001129 0 0 0 0 0 0 0.0000000174 0 0 
0 0 0 0 0 0 0 0 0 0 0 0 0 0 0 0 1.0000000000 0 0 0 0 0 0 0 0 0 0 0 0 0 0 0 0 0 0 0 0 0 0 0 0 0 0 0 0 0 0 0 0 0 
0 0 0 0.0953289170 0 0 0 0 0 0 0 0 0 0 0 0 0 0 0 0 0 0 0 0 0 0.4714220026 0.4332490804 0 0 0 0 0 0 0 0 0 0 0 0 0 0 0 0 0 0 0 0 0 0 0 
0 0 0 0 0 0 0 0.0148328038 0 0 0 0 0 0 0 0 0.3275265581 0 0 0 0 0 0 0 0 0 0 0 0 0 0 0 0 0.4841556567 0 0 0 0 0 0.1734849813 0 0 0 0 0 0 0 0 0 0 
0 0 0 0.0299929927 0 0 0 0 0 0.9650390299 0 0 0 0 0 0 0 0 0 0 0 0 0 0 0 0 0.0049679774 0 0 0 0 0 0 0 0 0 0 0 0 0 0 0 0 0 0 0 0 0 0 0 
0 0 0 0.0009680735 0.0010491496 0 0.0038018750 0 0 0.5557074744 0.1799161349 0 0 0 0 0 0 0 0.0024635633 0.0413699360 0.0519781557 0.0017571406 0 0.0011662687 0 0.0071322835 0 0.0060250668 0 0 0.0009110581 0 0 0 0 0 0 0 0.0720708093 0 0 0 0.0724169452 0 0.0012660655 0 0 0 0 0 
0 0 0 0 0 0 0 0 0 0.4245047443 0 0 0.0046047603 0 0 0 0 0 0 0 0 0 0 0 0 0.0327210637 0.5299484245 0 0 0 0 0 0 0 0 0 0 0 0 0 0 0 0.0082210072 0 0 0 0 0 0 0 
0.3391670152 0 0.2988241177 0 0 0 0 0 0 0 0 0 0 0 0 0 0 0 0 0 0.2024172110 0 0 0 0 0 0 0 0 0 0 0.0161195223 0 0 0 0 0 0 0 0.1382295531 0 0 0 0 0.0052425807 0 0 0 0 0 
0 0 0 0 0 0 0 0.1129559946 0 0 0 0 0 0 0 0 0.2514415946 0 0 0 0 0.0010803419 0 0 0.2489616245 0 0 0.0027189010 0 0.0664257999 0 0 0.0528447077 0 0.0207556499 0 0 0.0842282707 0 0 0 0 0.0014382124 0 0 0 0 0.1571489028 0 0 
0 0.0017606715 0 0 0 0.0070476376 0 0 0 0 0 0.0042533392 0 0.0011000083 0 0 0 0.0430332587 0 0 0 0 0 0.2499147182 0 0 0 0.0005726559 0 0 0 0.0150528418 0.0074278488 0 0 0 0 0 0 0 0.0114665557 0 0 0 0 0 0 0 0.0033475550 0.6550229094 
0 0 0 0 0 0 0 0 0 0.0237236412 0 0 0 0 0 0 0 0.5273883109 0 0.2994513379 0 0 0 0 0 0 0 0 0 0 0 0 0 0 0 0 0.0036547237 0 0 0 0 0 0 0 0 0 0.1457819864 0 0 0 
0 0 0 0 0 0 0 0.3302420535 0 0 0.4867895948 0 0 0 0 0.0081884359 0.0256355368 0.0623598500 0 0 0.0009178845 0 0 0 0 0 0 0.0022023138 0 0.0826713980 0 0 0 0 0 0 0 0 0 0 0 0 0.0009929327 0 0 0 0 0 0 0 
0 0 0 0 0.9999999816 0 0 0 0 0 0 0 0 0 0 0 0 0 0 0 0 0 0 0 0.0000000012 0 0.0000000172 0 0 0 0 0 0 0 0 0 0 0 0 0 0 0 0 0 0 0 0 0 0 0 
0 0 0 0 0 0 0 0 0 0.4312008996 0 0 0 0.0031625792 0 0 0 0 0 0 0 0 0.0031202020 0 0 0.0239906181 0.5370547957 0.0008154507 0 0 0 0 0 0 0 0 0 0 0 0 0 0 0.0006554546 0 0 0 0 0 0 0 
0 0 0 0 0 0 0 0 0 0.9280744600 0 0 0 0 0 0 0 0 0 0 0 0 0 0 0 0.0008249564 0.0711005835 0 0 0 0 0 0 0 0 0 0 0 0 0 0 0 0 0 0 0 0 0 0 0 
0 0 0 0 0 0 0 0 0 0 0 0 0 0 0 0 0 0 0 0.0000743865 0 0 0 0 0 0 0.9999256135 0 0 0 0 0 0 0 0 0 0 0 0 0 0 0 0 0 0 0 0 0 0 0 
0 0 0 0 0 0 0 0 0 0.0299232757 0 0 0 0 0 0 0 0 0 0 0 0 0.0053374946 0 0.0290552791 0 0.8897123386 0 0 0 0 0 0 0 0 0 0 0 0 0 0 0 0 0 0 0 0.0459716120 0 0 0 
0 0 0 0 0 0.1276177178 0 0.0104285947 0 0 0 0 0 0 0 0 0.4692785904 0 0 0 0 0 0.0005003668 0 0 0 0 0 0 0 0 0.3551273545 0 0.0265253238 0 0 0 0.0098110155 0 0.0007110366 0 0 0 0 0 0 0 0 0 0 
0 0 0 0 0 0 0 0 0 0 0 0 0.0014527621 0 0 0 0 0.0072860068 0 0 0 0 0 0 0 0 0.9167548468 0 0 0.0565882927 0 0 0 0 0.0125891219 0 0 0 0 0 0 0 0 0 0.0053289698 0 0 0 0 0 
0 0 0 0 0 0 0 0 0 0 0 0 0 0 0 0 0.0147389188 0 0 0 0 0 0 0.1896157381 0 0 0.0083599554 0 0 0 0 0 0 0.0017472341 0 0.6417747474 0 0 0 0 0 0 0 0 0 0.0150811415 0 0.1286822647 0 0 
0 0 0 0 0 0 0 0 0 0 0 0 0 0.2207727890 0 0 0 0 0 0 0.0157029846 0 0 0 0 0 0 0 0 0 0 0 0 0 0.0013155701 0 0 0 0 0 0 0 0.0122983019 0 0 0 0 0 0 0.7499103543 
0 0 0 0 0 0 0 0 0 0 0 0 0 0 0 0 0 0.3306572594 0 0 0 0 0 0 0 0 0.5631172516 0 0 0.0959104618 0 0 0 0 0.0024255330 0 0 0 0 0 0 0 0 0.0072070462 0 0 0 0 0.0006824480 0 
0 0.0675055630 0 0 0 0 0 0 0 0 0 0 0 0 0 0 0 0.0113781304 0 0 0 0 0 0 0 0 0.3765309210 0 0 0.2933367961 0.0185911628 0 0 0 0 0 0 0 0.0223184434 0 0 0 0.1820315388 0 0 0 0 0 0.0283074447 0 
0 0.0133043992 0 0 0 0 0 0.0494568491 0 0 0 0 0 0 0.0040468508 0 0.0776838283 0 0 0 0 0.0007034909 0 0 0 0 0 0.0012470445 0 0 0 0 0 0.1526003305 0 0 0 0 0 0 0 0 0 0.3261895913 0 0.3747676155 0 0 0 0 
0 0 0 0 0 0 0 0 0 0 0 0 0 0 0 0 0 0 0 0 0 0 0 0 0 0 0.9991916120 0 0 0 0 0 0 0 0 0 0.0008083880 0 0 0 0 0 0 0 0 0 0 0 0 0 
0 0 0 0 0 0 0 0 0 0 0 0.3264112613 0 0 0 0 0 0 0 0 0 0 0 0 0 0 0.6735887387 0 0 0 0 0 0 0 0 0 0 0 0 0 0 0 0 0 0 0 0 0 0 0 
0 0 0 0 0 0 0 0 0 0 0 0 0 0 0 0 0 0 0 0 0 0 0 0 0 0 0 0 0 0 0 0 0 0 0 0.9946595859 0 0 0 0 0.0053404141 0 0 0 0 0 0 0 0 0 
0.0254754649 0 0 0 0 0 0 0 0 0 0 0.0049058457 0 0 0 0 0.0260378998 0 0 0 0 0 0 0 0.0016157608 0 0 0 0 0 0 0.0336130351 0 0.5623569484 0 0 0 0 0 0.0472201099 0 0 0 0 0.2261912420 0 0 0.0725836934 0 0 
0 0 0 0 0 0 0 0 0.0079296358 0 0 0.2521287027 0 0.0013422192 0 0 0 0 0.0120050014 0 0 0 0 0 0.0266813217 0 0.6195316094 0 0 0 0 0 0 0 0 0 0 0 0 0 0 0 0 0.0091467907 0.0712347191 0 0 0 0 0 
0 0.0017554955 0 0 0 0 0 0 0 0 0 0 0.0003507256 0 0 0 0 0.2738998015 0 0 0 0 0 0 0 0 0.0356037516 0 0 0 0 0 0.0016236112 0 0 0 0 0.0018733978 0 0 0 0 0 0.6848932167 0 0 0 0 0 0 
0.0036328253 0 0 0 0 0 0 0.0766649123 0 0 0 0 0 0 0 0 0.0583791158 0 0 0 0 0 0 0 0 0 0 0 0 0 0 0 0 0.6730865881 0 0 0 0 0 0.1882365585 0 0 0 0 0 0 0 0 0 0 
0 0 0 0 0 0 0 0 0 0.2198071148 0 0 0 0 0 0 0 0 0 0.7753317703 0 0 0 0 0 0 0.0048611149 0 0 0 0 0 0 0 0 0 0 0 0 0 0 0 0 0 0 0 0 0 0 0 
0 0 0 0 0 0 0.0097385550 0 0 0 0.3297817741 0 0 0 0 0 0 0.0103941693 0 0 0 0.0008468207 0.0793639224 0 0 0.0139084726 0.0171997259 0.0021191816 0 0.4499440956 0 0 0 0 0 0 0.0836642419 0 0 0.0016428679 0 0 0.0013961731 0 0 0 0 0 0 0 
0 0 0 0 0 0 0 0 0 0 0 0 0 0 0 0 0.0002141336 0 0 0 0 0 0 0 0.0114607730 0 0 0 0 0.0227126181 0 0 0 0.0200292610 0 0 0 0 0 0 0.9455832144 0 0 0 0 0 0 0 0 0 
0.1475755861 0 0.0017318726 0 0 0 0 0.1966976690 0 0 0.2776003462 0 0 0 0.2021754628 0 0 0 0 0 0 0 0 0 0 0 0.0162114915 0.0011781298 0 0 0 0 0 0.0241479574 0 0 0 0 0.0365952405 0.0010568265 0 0 0 0 0 0.0950294175 0 0 0 0 
0 0 0 0 0 0 0 0 0 0 0 0.0007657688 0 0 0 0 0 0.2472539560 0 0 0 0.0016637269 0 0.0013898691 0 0 0.1199617359 0.0048172457 0 0.2948670991 0 0 0 0 0 0 0 0.1838148464 0 0 0.0517809865 0 0.0024963601 0 0.0013654650 0.0898229404 0 0 0 0 
0 0 0 0 0 0 0 0 0 0.3807788420 0 0 0.0027354302 0 0 0 0 0 0 0 0 0 0 0 0 0 0.6122681329 0 0 0 0 0 0 0 0 0 0 0 0 0 0 0 0 0 0.0042175950 0 0 0 0 0 
0 0 0 0 0.0005199732 0.0268419312 0 0 0 0.3108624904 0 0 0 0 0 0 0 0 0 0 0 0.0006244419 0 0.0006112048 0 0 0.0216424181 0.0020439268 0 0 0.5056704797 0.0254437838 0.0030904667 0 0.0533432679 0 0 0 0 0 0 0 0.0009538821 0 0.0003822594 0 0.0479694741 0 0 0 
0 0 0 0 0 0 0 0 0 0.0563572189 0 0 0 0.0017495975 0 0.0011260548 0 0.0094587475 0 0 0 0 0 0 0 0 0.1527676792 0.0017250764 0 0 0 0 0 0 0 0 0 0 0 0 0 0 0.0008513930 0 0 0 0.0774782355 0.6984859972 0 0 
0 0 0 0 0 0 0 0 0 0 1.0000000000 0 0 0 0 0 0 0 0 0 0 0 0 0 0 0 0 0 0 0 0 0 0 0 0 0 0 0 0 0 0 0 0 0 0 0 0 0 0 0 
0 0 0 0 0 0 0 0 0 0 0.0135058997 0 0 0 0 0 0 0 0 0.1090292175 0 0.0011583277 0 0.0010525982 0 0.0010475987 0 0.0023641201 0.2577461850 0.3462912232 0 0 0 0.2660652418 0 0 0 0 0 0 0 0 0.0017395881 0 0 0 0 0 0 0 
0 0 0 0 0 0.0321376842 0 0 0 0 0 0 0 0 0.0121608989 0 0 0 0 0 0 0.0008661137 0 0.0007839098 0.1968424882 0 0.0126670639 0.0023631350 0 0 0.3527583975 0 0 0 0 0.3883628198 0 0 0 0 0 0 0.0010574892 0 0 0 0 0 0 0 
0.0055120746 0.0759156681 0 0 0 0 0 0 0 0 0 0 0 0.0298473847 0 0 0 0.0309207683 0 0.0112041887 0.0161039668 0.0008870709 0 0.0007059468 0 0 0 0.0019635107 0.0298975625 0.5307817244 0.1334965678 0 0 0.0137939453 0 0 0.0051345931 0 0 0 0.0357198318 0 0.0010870074 0.0347664589 0 0.0422617292 0 0 0 0 
0 0 0 0 0 0 0 0 0 0.2967095461 0 0 0 0 0 0 0 0 0 0 0 0 0 0 0 0 0.6988409681 0 0 0 0 0 0 0 0 0 0 0 0 0 0 0.0044494858 0 0 0 0 0 0 0 0 
0 0 0.0575024975 0 0 0.0198510977 0.0084092265 0.0099937056 0 0 0 0 0 0 0 0 0.0596874300 0 0 0 0 0.0007612949 0 0 0 0 0 0.0020055934 0 0 0 0 0 0 0 0 0 0 0 0.1810051823 0 0 0.0007799054 0 0 0 0 0 0 0.6600040666 
0 0 0 0 0 0 0 0 0 0 0.0057956482 0.4377655776 0 0 0 0 0 0 0 0 0 0 0.0012457732 0 0 0 0.3749672225 0 0 0.1578802186 0 0 0 0 0 0 0 0.0027298332 0 0 0 0 0 0 0 0 0.0071550278 0 0.0124606989 0 
0 0 0 0 0 0 0 0 0 0 0 0 0 0 0 0 0.0636635586 0 0 0 0 0 0 0 0.0768862687 0 0 0.0011542805 0 0.0036813051 0 0.1316184829 0 0.3804834928 0 0 0 0 0 0 0.3425126113 0 0 0 0 0 0 0 0 0 
0 0 0 0 0 0 0 0 0 0.5885291198 0 0 0 0 0 0 0 0 0 0 0 0 0 0 0 0 0.4038831072 0.0015647795 0 0 0 0 0 0 0 0 0 0 0 0 0 0 0 0.0060229935 0 0 0 0 0 0 
0 0 0.0049131546 0 0 0 0 0 0 0 0 0 0 0.0720022306 0 0 0.0571774032 0 0.0219817532 0 0 0.0010697278 0.0016903894 0 0.5499195153 0 0 0.0027723304 0 0 0 0.0235179282 0 0 0 0 0 0 0 0.0412490718 0 0 0.1740524880 0 0 0 0 0 0 0.0496540076 
0 0.0716330338 0 0 0.0008118467 0.0425992622 0 0 0 0.0025839030 0 0 0 0 0 0 0 0 0 0 0 0.0013136119 0 0.0010304065 0 0 0 0.0034715930 0 0 0 0 0.5985816373 0.0438099494 0 0 0 0.0871840455 0 0 0 0.1059641666 0.0015793806 0 0.0394371635 0 0 0 0 0 
0 0 0 0 0 0 0 0 0 0.0089244734 0 0 0 0 0.0481551081 0 0 0 0 0 0 0 0 0 0 0 0.7649847212 0 0 0 0 0 0 0 0 0 0 0.0582562016 0.0372731877 0 0 0 0 0 0.0824063079 0 0 0 0 0 
0 0 0 0 0 0 0 0 0 0.0053977621 0 0 0 0 0 0 0 0.7234266332 0 0 0 0 0 0 0 0 0.0053098146 0.0016227246 0 0 0 0 0.0097143100 0 0 0 0 0 0 0 0 0 0 0 0 0 0.0358563562 0.0071655443 0 0.2115068550 
0 0 0 0 0 0 0 0 0 0 0 0 0 0 0 0 0 0 0 0 0 0 0 0 0 0 1.0000000000 0 0 0 0 0 0 0 0 0 0 0 0 0 0 0 0 0 0 0 0 0 0 0 
0 0 0 0 0.1919339805 0.0748187728 0 0 0 0 0 0 0 0 0 0 0 0 0 0 0 0.6640179012 0 0.0006126287 0 0 0 0.0020239647 0 0.0119407616 0.0508862796 0 0 0 0 0.0023142031 0 0 0 0 0 0 0.0010252422 0 0.0004262657 0 0 0 0 0 
0 0 0 0 0 0.3718974259 0 0 0 0 0 0 0 0 0 0 0.0263899565 0 0 0 0 0 0 0 0 0 0 0 0 0 0 0 0 0.0640960448 0 0.4681922960 0 0.0694242769 0 0 0 0 0 0 0 0 0 0 0 0 
0 0 0.0043075563 0 0 0 0 0 0 0.5821990029 0.0047302246 0 0 0.0272447811 0 0 0 0.3766378164 0 0 0 0 0 0 0 0 0 0 0 0 0 0 0 0 0 0 0 0 0 0 0 0 0 0.0048806187 0 0 0 0 0 0 
0 0 0 0.1171972788 0.3350185150 0 0 0 0 0 0 0 0.0008373825 0 0 0 0 0.4484958666 0 0 0 0 0 0 0 0 0.0814756348 0 0.0006096527 0.0088418912 0.0038702863 0 0 0 0.0036534922 0 0 0 0 0 0 0 0 0 0 0 0 0 0 0 
0 0 0 0 0.0008516936 0 0 0 0 0 0 0.0791481978 0 0 0 0 0 0.1178834804 0 0.1143386694 0 0.0012797413 0 0.0011929591 0 0 0.4324229781 0.0032870195 0 0 0 0 0 0 0 0 0 0 0.1238473744 0 0 0 0.0017970795 0 0 0 0.1036801334 0 0 0.0202706735 
0 0 0 0 0 0 0 0 0 0 0 0 0 0 0 0 0.0398626698 0 0 0 0 0 0 0 0 0 0 0.0011116257 0 0 0 0 0 0.8212130875 0 0 0.0053239342 0 0 0.1324886828 0 0 0 0 0 0 0 0 0 0 
0 0.0255686406 0 0 0 0 0 0 0 0 0.0789670587 0 0 0 0.0123339805 0 0.0043397577 0.0089326792 0 0 0 0.2785279951 0 0 0 0 0 0.0013568850 0 0 0 0 0 0.5758006788 0 0 0 0 0.0045861159 0 0 0 0.0005306282 0.0090555805 0 0 0 0 0 0 
0 0 0 0 0 0 0 0 0 0 0 0 0 0 0 0 0 0 0 0 0 0 0 0 0 0 0 0 0 0 0 0 0 0 0 0 0 0 0 0 0 0 0 0 0 0 1.0000000000 0 0 0 
0 0.0778971170 0 0.0117718862 0.2421941646 0.0004577476 0 0.0425078953 0 0.0095897351 0 0.0061666293 0 0 0 0 0 0 0 0.0015336398 0 0.0013716962 0 0.0012263056 0 0 0.0080393437 0.0036402468 0 0 0 0 0 0.0108120731 0.0517562078 0 0 0 0.0707991923 0 0 0 0.0015776539 0 0.4504754571 0 0.0081830088 0 0 0 
0 0 0 0 0 0 0 0 0 0 0 0.0572974574 0 0 0 0 0 0 0 0 0 0 0 0 0 0 0.5719347484 0 0 0.0902056482 0 0 0 0 0 0 0 0 0 0 0.2733503070 0 0 0 0.0072118390 0 0 0 0 0 
0 0 0.9442977233 0 0 0 0 0 0 0 0 0 0.0557022767 0 0 0 0 0 0 0 0 0 0 0 0 0 0 0 0 0 0 0 0 0 0 0 0 0 0 0 0 0 0 0 0 0 0 0 0 0 
0 0 0.0085619831 0 0 0 0.0047132890 0 0 0 0 0 0.0856202612 0 0 0 0.0902451666 0 0 0 0.0055694580 0 0 0 0 0 0 0 0 0 0 0 0 0.0073293936 0 0 0.0443833648 0 0 0.7535770837 0 0 0 0 0 0 0 0 0 0 
0 0 0 0 0.0005837732 0.0002363539 0 0.2477315444 0 0 0 0 0 0 0.2971700115 0 0 0 0.0056953815 0 0 0.0009789924 0 0.0005414788 0 0 0.0034057531 0.0022465022 0 0.0366523194 0 0 0.0159547463 0 0 0 0 0 0 0 0 0.0003726952 0.3824178702 0 0.0060125778 0 0 0 0 0 
0 0 0 0 0 0 0 0 0 0 0 0 0 0 0 0 0 0 0 0 0 0 0 0 0 0 1.0000000000 0 0 0 0 0 0 0 0 0 0 0 0 0 0 0 0 0 0 0 0 0 0 0 
0 0 0.0009888891 0 0 0 0 0 0 0 0.0224790776 0 0 0 0 0 0 0 0.0943193032 0 0 0.0950164972 0 0 0 0 0.0515406598 0.0013178758 0.0630199274 0 0 0 0 0 0 0 0 0 0 0 0 0 0 0 0 0 0.6713177698 0 0 0 
0 0 0 0 0 0 0 0 0 0 0 1.0000000000 0 0 0 0 0 0 0 0 0 0 0 0 0 0 0 0 0 0 0 0 0 0 0 0 0 0 0 0 0 0 0 0 0 0 0 0 0 0 
0 0.0578740004 0 0 0.1023619325 0 0 0.2473047086 0 0 0 0.0067401504 0 0 0.0672769083 0 0.0032571992 0 0 0 0 0.0010273862 0 0.0008898689 0 0 0.0137977621 0.0024591101 0 0.0164408815 0 0 0 0.3667348966 0 0 0 0 0.0875181307 0 0 0 0.0012713319 0 0 0 0 0.0250457323 0 0 
0 0 0 0 0 0 0 0 0 0 0 0 0 0 0 0 0 0 0 0 0 0 0 0 0 0 0 0 0 0 0 0 0 0 0 0 0 0 0 0 0.0189508386 0 0 0 0.0000000363 0.9810491251 0 0 0 0 
0.0326045085 0 0 0.0102901505 0 0 0 0 0 0 0.0012757335 0 0 0 0 0 0 0 0 0 0 0 0 0 0 0.8335117955 0 0.0004149150 0 0 0 0 0.1219028970 0 0 0 0 0 0 0 0 0 0 0 0 0 0 0 0 0 
0.0503464275 0 0 0 0.0497042400 0 0 0 0.1988835627 0 0 0 0 0 0.0165494819 0.0114757311 0 0 0 0 0 0 0 0 0 0 0 0.0008619665 0 0 0.6697163203 0 0 0 0 0.0024622699 0 0 0 0 0 0 0 0 0 0 0 0 0 0 
0 0 0 0 0 0 0 0 0 0.1435448297 0 0 0 0 0 0 0 0 0 0 0 0 0 0 0 0 0 0 0 0 0 0 0 0 0 0 0 0 0 0 0 0 0 0 0 0 0.8564551703 0 0 0 
0 0 0 0 0 0 0 0 0 0.4137169927 0 0 0.0008167544 0 0 0 0 0 0 0.2899942286 0 0 0 0 0 0.2594621403 0.0313218575 0 0 0 0 0 0 0 0 0 0 0 0 0 0 0 0 0 0 0 0.0046880265 0 0 0 
0.5754980542 0 0 0.0553494990 0 0 0 0.1713326792 0 0 0 0 0 0 0 0 0 0 0 0 0 0 0 0 0 0 0 0 0 0 0 0 0 0 0 0 0 0 0 0.1978197676 0 0 0 0 0 0 0 0 0 0 
0 0.0055400031 0 0 0 0.1873607540 0 0.0006543932 0 0 0 0 0 0 0.0032713799 0 0 0 0 0 0 0.7848025172 0 0 0 0 0 0 0 0.0014128690 0 0 0 0 0 0 0 0 0 0 0 0 0 0 0.0169580835 0 0 0 0 0 
0 0 0 0 0 0 0 0 0 0.5380143618 0 0 0 0 0 0 0 0 0 0.0100436967 0 0 0 0 0 0.4410516564 0.0108902851 0 0 0 0 0 0 0 0 0 0 0 0 0 0 0 0 0 0 0 0 0 0 0 
0 0 0 0 0.0013187871 0.0485736461 0 0 0 0.0116271973 0.1174931848 0 0 0 0 0 0 0.2298739517 0 0 0 0.0027935029 0 0.0018797900 0.0602421528 0 0.0449636182 0.0063289112 0.0301627442 0 0.3165172825 0 0 0 0 0 0 0 0 0 0.1235751994 0 0.0033074127 0 0.0013426190 0 0 0 0 0 
0.7443839877 0 0 0 0 0 0 0.0079501681 0 0 0 0 0 0.0569723434 0 0 0.0016802238 0 0 0 0 0 0 0 0 0 0 0 0 0 0 0 0 0 0 0 0 0.0013733593 0 0 0 0 0 0 0 0.0453833284 0 0 0 0.1422565892 
0 0.0013463545 0 0 0.0017454053 0 0 0 0 0.1578819220 0 0.0010334878 0 0 0 0 0 0.2342394548 0.0119635439 0 0 0.0035484739 0 0.0026762039 0 0 0.4132055375 0.0088477479 0 0 0 0 0 0 0 0 0 0 0 0 0 0 0.0053307165 0 0.0021065266 0 0 0 0.1560746256 0 
0 0 0 0 0 0 0 0 0 0 0 0 0 0.1819133602 0 0 0 0 0.0030664867 0 0.0058304601 0 0.0009419431 0 0.7855371589 0 0 0.0005632180 0 0 0 0.0048701386 0 0 0 0 0 0.0054565525 0 0 0 0 0 0 0 0 0.0106328798 0 0.0011878022 0 
0 0.3693587497 0 0 0 0 0 0 0 0 0.0294097917 0 0 0 0 0 0 0.3276069017 0 0 0 0 0 0 0 0 0 0 0 0.1118566105 0.1617679465 0 0 0 0 0 0 0 0 0 0 0 0 0 0 0 0 0 0 0 
0 0 0 0 0 0 0 0 0 0.0003630688 0 0.1729700784 0 0 0.0045386869 0.0004248138 0 0 0 0 0 0 0 0 0 0.0563067185 0 0.0005682273 0 0 0 0 0 0 0 0 0 0.3851732237 0 0 0 0.3515888850 0 0 0 0 0 0 0.0280662975 0 
0 0 0 0 0 0 0 0 0 0.0012327499 0 0 0 0 0 0 0 0.0066035856 0 0 0 0.0006853636 0 0 0.4715187439 0 0.0526061552 0.0023669002 0.0058317983 0 0 0 0 0 0 0 0 0 0 0 0 0.1769142014 0.0013016423 0 0 0 0.2809388595 0 0 0 
0 0 0 0 0.6080548655 0.0130296627 0 0 0 0 0 0 0 0 0 0 0 0 0 0.0025394533 0 0.0023204847 0 0.0019666783 0.0075433362 0 0.1828821273 0.0047481011 0.0262662993 0.1075985472 0 0 0.0006190309 0 0 0 0 0 0 0.0021286594 0 0.0005570553 0.0026538149 0 0.0148658562 0 0 0.0222260278 0 0 
0 0 0 0 0 0 0 0 0 0 0 0 0 0 0 0 0 0 0 0 0 0 0 0 0 0.0569601906 0.9430398094 0 0 0 0 0 0 0 0 0 0 0 0 0 0 0 0 0 0 0 0 0 0 0 
0 0 0 0 0 0 0 0 0 0 0 0 0 0 0.0674953491 0 0.0538977043 0 0 0 0 0 0 0 0 0.0085965632 0 0 0 0 0 0.0416443356 0 0.0522699479 0 0 0 0 0 0.0207170801 0.4019947700 0.2642340757 0 0 0 0.0629963863 0 0.0261537877 0 0 
0 0 0 0 0 0 0.0021609034 0 0 0 0 0.0095051111 0 0 0 0 0.4357998729 0 0 0 0 0 0 0 0 0 0 0 0.0023580860 0.0214159307 0 0 0 0 0 0 0 0.0154360619 0 0 0.2490891899 0 0.0577346631 0 0 0 0 0.2065001808 0 0 
0 0 0 0 0 0 0 0 0 0.2948372570 0 0 0 0 0 0.0140877237 0 0 0 0 0 0.0078025036 0 0 0 0.2263530441 0.4569194715 0 0 0 0 0 0 0 0 0 0 0 0 0 0 0 0 0 0 0 0 0 0 0 
0 0 0 0.0023720373 0 0.2268802689 0 0 0 0 0 0 0 0.0057248478 0 0 0 0 0 0 0.0209955609 0 0 0 0 0 0 0.0006103667 0 0 0 0.1775753530 0.5391619993 0 0 0 0 0 0.0266795660 0 0 0 0 0 0 0 0 0 0 0 
0.0620834402 0 0 0 0 0 0 0 0.4803957264 0 0 0 0 0 0.0160132097 0 0 0 0 0 0 0 0 0 0 0 0.2060925740 0.0005294373 0.2271189533 0 0 0 0 0 0 0 0 0 0 0 0 0 0 0 0 0 0 0 0.0077666592 0 
0.0525712501 0 0.0099281471 0 0 0 0 0.0296704945 0 0 0 0 0 0 0 0 0.0056132538 0 0 0 0 0 0 0 0 0 0.0082909615 0 0 0.3462185747 0 0 0 0.0127076048 0 0.4311506063 0 0 0 0.1038491072 0 0 0 0 0 0 0 0 0 0 
0 0 0 0 0 0 0 0 0 0 0 0 0 0 0.9619844055 0 0 0 0 0 0 0.0063589567 0 0 0 0 0 0 0 0 0 0.0316566378 0 0 0 0 0 0 0 0 0 0 0 0 0 0 0 0 0 0 
0 0 0.0272832407 0.9501138566 0 0 0 0 0 0 0 0 0 0 0 0 0 0 0 0 0 0 0 0 0 0 0 0 0 0 0 0.0098266602 0 0 0 0 0 0 0.0127762425 0 0 0 0 0 0 0 0 0 0 0 
0 0 0 0 0 0 0 0 0 0 0 0 0 0 0 0 0 0 0.0229108803 0 0 0 0 0 0.3555083285 0 0.3439068161 0 0 0 0 0 0 0 0 0 0 0 0 0 0 0.2491986562 0.0284753189 0 0 0 0 0 0 0 
0 0 0 0 0 0 0 0 0 0 0 0 0 0 0.4805960412 0 0 0 0 0 0 0 0 0 0.3182233088 0 0.0516386746 0 0 0 0 0.0307918319 0 0.0192674764 0 0.0788017394 0 0 0 0 0 0 0 0 0.0206809277 0 0 0 0 0 
0 0 0 0 0 0 0 0 0 0 0 0 0 0 0 0 0.0546836174 0 0 0 0 0 0 0 0 0 0 0 0 0.8616442318 0 0 0 0.0397471777 0 0 0 0 0 0.0439249731 0 0 0 0 0 0 0 0 0 0 
0 0 0 0 0 0 0 0 0 0 0 0 0 0 0.1188151669 0 0 0 0 0 0 0 0 0 0 0 0.1526382077 0 0 0.3663175111 0 0 0 0 0 0 0 0 0 0.0038101444 0 0 0 0.2973811076 0.0512891216 0.0097487407 0 0 0 0 
0 0 0 0 0 0 0 0 0 0.0020658497 0 0 0 0 0 0 0 0 0 0 0 0 0 0 0 0 0.1796330020 0.0014305066 0 0 0.0130130005 0 0 0 0 0.7341488548 0 0 0 0 0 0 0 0 0.0697087864 0 0 0 0 0 
0 0 0 0 0 0 0 0.8166759494 0 0 0 0.0206250966 0 0 0.0081176758 0 0 0 0 0 0 0 0 0 0 0 0.0054076432 0 0 0 0 0 0 0 0 0.1491736350 0 0 0 0 0 0 0 0 0 0 0 0 0 0 
0 0 0 0 0 0 0 0 0 0 0 0 0 0 0 0 0 0.0536976203 0 0 0 0.0012513160 0 0.0012292593 0 0 0.3533438612 0.0022965050 0 0.2164831508 0 0 0 0.2552108655 0 0 0 0 0 0.1140884960 0 0 0.0014608144 0 0.0009381115 0 0 0 0 0 
0 0 0 0 0 0 0 0 0 0 0 0 0 0 0 0 0.1183007109 0 0 0 0 0.0010712995 0 0.0007592162 0 0 0.0272762476 0.0018994880 0.4867186157 0.0151483587 0 0 0 0.2649359017 0.0671167628 0 0.0090652467 0 0 0 0 0 0.0077081521 0 0 0 0 0 0 0 
0 0 0 0.0027241865 0 0 0 0.0139294908 0 0 0 0 0.0020932033 0 0 0 0 0 0 0 0 0.0992207883 0 0 0 0 0.7581428245 0 0 0.0817144980 0 0 0 0 0 0 0 0.0421750086 0 0 0 0 0 0 0 0 0 0 0 0 
0 0 0.0030369138 0 0.2993849690 0 0 0 0 0.1028015404 0 0 0 0.0314120853 0.0080666196 0 0 0.2150078323 0 0 0 0.0011544369 0 0 0 0 0.0082427734 0.0023921826 0 0 0.0078371027 0 0 0 0 0 0 0.0024832535 0 0 0 0 0.0011050125 0 0 0.3170752779 0 0 0 0 
0 0 0 0 0.7321247516 0.0053345940 0 0.1533672740 0 0 0 0 0 0 0.0304895349 0 0 0 0 0 0 0.0039033098 0 0 0.0053833476 0 0 0.0004290883 0.0053982337 0 0 0.0182398558 0 0.0123092770 0 0 0 0 0.0075885844 0.0254321491 0 0 0 0 0 0 0 0 0 0 
0 0 0 0 0 0 0 0 0.0102595449 0 0 0 0 0 0 0 0 0.0137107808 0 0 0 0 0 0 0 0 0.6213371877 0 0 0.2023146323 0 0 0 0 0.0036401786 0 0 0 0 0.0408873028 0 0 0.1078503728 0 0 0 0 0 0 0 
0 0 0 0 0 0.0126342773 0 0 0 0 0 0.0209004828 0 0 0.1542375738 0 0 0 0 0 0 0 0 0.4504112230 0 0 0.0486781064 0 0 0.1411199726 0 0.0198666530 0 0.1403950253 0 0 0 0 0 0 0.0117566858 0 0 0 0 0 0 0 0 0 
0.1394753055 0 0.0239173634 0 0 0 0 0 0 0 0 0 0 0 0 0 0 0 0 0 0 0 0 0 0 0 0 0 0 0 0 0.0247800350 0 0 0 0.7459340948 0 0 0 0.0658932012 0 0 0 0 0 0 0 0 0 0 
0 0 0 0 0 0 0 0.0117143738 0 0 0 0 0 0 0.4258919382 0 0 0 0 0 0 0.0213266038 0 0 0 0 0.5274383147 0 0 0.0111415004 0 0 0 0 0 0 0 0 0 0.0024872691 0 0 0 0 0 0 0 0 0 0 
0 0 0 0 0 0 0 0 0 0 0 0 0 0 0 0 0 0 0 0 0 0 0.0319847849 0 0 0 0.7741717674 0 0 0.1417091411 0.0408932420 0 0 0 0.0112410646 0 0 0 0 0 0 0 0 0 0 0 0 0 0 0 
0 0 0 0 0.0138440974 0 0 0 0.0867061426 0 0 0 0 0 0 0.0088934361 0 0.2816443722 0 0 0 0.0185280508 0 0 0 0 0.3748869164 0 0 0 0 0 0 0 0 0.0167274130 0 0.0007663581 0 0 0 0 0 0 0.1980032133 0 0 0 0 0 
0 0 0 0 0 0 0 0 0 0.0085995208 0 0 0.0050107403 0 0 0 0 0 0 0.0024806853 0 0 0 0 0.2659124644 0.0054979683 0.5704800209 0 0 0 0 0 0 0.1163674709 0 0 0 0 0 0 0 0 0 0 0.0221508864 0.0035002427 0 0 0 0 
0.0103914889 0 0 0 0.0603353901 0 0 0.0184156608 0 0 0 0 0 0 0.0972891899 0 0 0 0 0 0 0.0743896135 0 0.2076377846 0 0 0.1221463247 0 0 0.0048766414 0 0.3919127609 0 0 0 0 0 0 0 0.0126051451 0 0 0 0 0 0 0 0 0 0 
0 0 0 0.0216558183 0 0.0064581449 0 0 0 0 0 0.0008648583 0 0 0 0 0 0.0050405114 0 0 0 0 0 0 0.4363792816 0.4829171382 0.0170226942 0.0003070850 0 0 0.0277979516 0 0.0013729750 0 0 0 0 0 0 0 0 0 0.0001835416 0 0 0 0 0 0 0 
0 0 0 0 0 0 0 0 0 0 0 0 0 0 0 0 0.2565267471 0 0 0 0 0.0010285521 0 0 0 0 0 0.0020269600 0 0.6506332884 0 0 0 0.0884622972 0 0 0 0 0 0 0 0 0.0013221552 0 0 0 0 0 0 0 
0 0 0 0 0 0 0 0 0 0 0 0.0115415645 0 0 0.1547866067 0 0 0.0007615435 0 0 0 0 0 0 0 0 0 0 0 0 0 0 0 0 0 0 0 0.0005638195 0.8026423964 0 0 0 0 0 0 0 0 0 0.0297040694 0 
0 0 0 0 0 0 0 0.0214922644 0 0 0 0 0 0 0 0 0.0092818520 0 0 0 0 0 0 0 0.0056623508 0 0 0 0 0.5832971940 0 0 0 0.3758307907 0.0029197409 0 0 0 0 0 0 0 0 0 0 0 0 0.0015158073 0 0 
0.0018540254 0 0 0 0 0 0 0 0 0 0 0 0 0 0.0004629805 0 0 0 0 0 0 0 0 0.7596958255 0 0 0.2309464196 0 0 0 0 0 0 0 0 0 0 0 0.0033081446 0.0007262842 0 0 0 0 0 0.0030063200 0 0 0 0 
0 0 0.0773938197 0 0.0014899304 0 0 0 0 0 0 0 0 0 0 0 0 0 0 0 0 0.0026949469 0 0.0021360363 0 0 0 0.0047058183 0 0.3901892458 0 0 0 0.2350613226 0 0 0 0 0 0.0065564737 0 0 0.2495571769 0 0.0012572906 0 0 0.0289579389 0 0 
0 0 0 0 0 0 0 0 0 0 0 0 0 0 0 0 0 0 0 0 0 0 0 0 0 0 0 0 0 0 0.9299488566 0 0 0 0 0 0 0 0 0 0 0 0.0700511434 0 0 0 0 0 0 0 
0 0.0277080190 0 0 0 0 0 0 0.2488820161 0 0 0 0 0 0 0 0 0 0 0 0 0 0 0 0 0 0.2309499536 0 0 0.0999732839 0 0 0 0.2841402592 0 0 0 0 0.0159446252 0 0 0.0113246697 0.0552123868 0 0.0258647865 0 0 0 0 0 
0 0 0 0 0 0 0 0.0011459752 0 0 0 0 0 0 0.3774986614 0 0.0075391684 0 0 0 0 0.5768703866 0 0.0065678924 0 0 0.0272142620 0.0002302575 0 0 0.0029333965 0 0 0 0 0 0 0 0 0 0 0 0 0 0 0 0 0 0 0 
0 0 0 0.4112598321 0 0 0 0 0 0 0 0 0 0 0 0 0 0 0 0.0033583637 0 0 0 0 0 0.0069043149 0.2417520026 0.0008766669 0.0232899740 0 0 0 0 0 0 0.1431946830 0 0 0 0 0 0.0111750088 0 0.1581891541 0 0 0 0 0 0 
0 0 0 0 0 0 0 0 0 0 0 0 0 0 0 0 0 0 0 0 0 0 0 0 0 0 0 0 0 0 0 0.0039824834 0 0 0 0 0 0 0 0 0 0 0 0.9960175166 0 0 0 0 0 0 
0 0 0 0.0061246109 0.0006971342 0 0 0 0 0 0 0 0 0 0.0919376907 0 0.0723096368 0.0063714514 0 0 0 0.4142086553 0 0.0009735355 0 0.2615172386 0.1045501715 0.0025967466 0 0 0 0 0 0 0 0 0 0 0 0.0269777393 0 0.0004428630 0.0016485108 0 0.0096440153 0 0 0 0 0 
0.1205732867 0 0 0 0.0012807399 0 0 0 0 0 0 0 0 0 0.1242567979 0 0 0 0 0 0 0.0826617146 0 0.0369494272 0 0 0.0393900115 0.0043716456 0.0006599531 0.3170880385 0 0 0 0 0 0 0 0 0 0 0 0 0.0021493694 0 0.0010038516 0.2696151641 0 0 0 0 
0 0 0 0 0.0006094325 0 0 0 0 0 0 0 0.0013061127 0 0.0526922237 0 0 0 0 0 0 0.0009808802 0 0.0006219045 0 0 0.1024087573 0.0018739351 0.5917545259 0.0231302838 0 0.0442169636 0 0.0138356760 0 0 0 0 0 0 0 0.1651341096 0.0008550553 0 0.0005801399 0 0 0 0 0 
0 0 0 0 0 0.3392467861 0 0 0 0 0 0 0 0 0.0024199798 0 0 0 0 0 0 0 0 0 0 0 0 0 0 0 0 0.1385776164 0 0 0 0.4171596547 0 0 0 0 0 0 0 0 0 0 0 0 0 0.1025959630 
0 0 0 0 0 0 0 0.0136211636 0 0 0 0 0 0 0.5248931662 0 0 0 0.0093504426 0 0 0.2879814673 0 0 0 0 0 0 0 0.0612365177 0 0 0 0.1029172425 0 0 0 0 0 0 0 0 0 0 0 0 0 0 0 0 
0 0 0 0 0.3109262916 0.0631386071 0 0 0 0 0 0 0 0 0.0676008284 0 0 0 0 0 0 0 0 0.1157342081 0 0 0.0172981197 0 0 0.0766211734 0 0 0 0.1136135034 0 0.0991269702 0 0 0 0 0.0189145223 0 0.1170257758 0 0 0 0 0 0 0 
0.0564465476 0.1447446139 0 0 0.5562149562 0.0262887935 0 0 0 0 0 0 0 0 0.0299808188 0 0 0.0239378595 0 0 0 0.1085595174 0 0.0020942489 0.0207948326 0 0.0186104958 0.0059788894 0 0 0 0 0.0007122617 0 0 0 0.0006517313 0 0 0 0 0.0005327603 0.0030270193 0 0.0014246538 0 0 0 0 0 
0 0 0 0 0.0758527858 0.0276743897 0 0 0 0 0 0.0475697445 0 0 0 0 0 0 0 0 0 0 0 0 0 0 0.7510143480 0 0 0.0136960958 0 0 0 0 0 0.0293756005 0 0 0 0 0 0 0.0215983251 0 0.0332187107 0 0 0 0 0 
0 0 0 0 0 0 0 0 0 0 0 0 0 0 0 0 0 0.0020179911 0 0 0 0.0165620221 0 0 0.0044185405 0 0.3381408787 0.0016040743 0 0.0286520123 0 0 0 0.1347007247 0 0 0 0.0023073308 0 0.0251108971 0 0 0.0009977463 0.4431360143 0 0 0.0023517679 0 0 0 
0 0 0 0.0208019087 0 0 0 0.0960815041 0 0 0 0 0 0 0.0097670527 0 0 0 0 0 0 0 0 0.3371645472 0 0 0.0051417188 0 0.0383972883 0 0 0 0 0 0.0076037644 0.3972188940 0 0 0 0.0077298379 0 0.0206602070 0 0 0 0 0 0 0.0594332771 0 
0 0 0 0 0 0 0 0.3451235276 0 0 0 0 0 0 0 0 0.0876232959 0 0 0 0 0 0 0.0109110963 0 0 0 0 0 0.3041789101 0 0 0 0.0903532246 0 0 0 0 0 0.1618099454 0 0 0 0 0 0 0 0 0 0 
0 0 0 0 0 0 0 0 0 0 0 0 0 0 0.1553521939 0 0 0 0 0 0 0.0012003640 0 0.0009788438 0 0 0.1674549755 0.0025076900 0.5851678784 0 0 0.0606911944 0 0 0 0 0 0 0 0 0 0 0.0015951928 0 0 0 0 0 0 0.0250516671 
0 0 0 0 0 0 0 0 0 0.1046342199 0.0136703888 0 0 0 0 0 0 0 0.0077343959 0 0.0033059467 0 0 0 0 0 0 0.0010904367 0 0 0 0 0.6775789235 0 0 0 0 0 0 0 0 0 0 0.0056676081 0 0.0014475850 0 0 0 0.1848704955 
0 0 0 0 0 0 0 0 0 0 0 0 0 0 0 0 0 0 0 0 0 0 0 0 0 0 0.2985463383 0 0 0 0 0 0 0 0 0 0 0 0 0 0 0 0 0.7014536617 0 0 0 0 0 0 
0 0 0 0 0 0 0 0 0 0 0 0 0.0036573131 0 0 0 0 0.0455592089 0 0 0 0 0 0 0 0 0.8851679839 0 0 0.0656154942 0 0 0 0 0 0 0 0 0 0 0 0 0 0 0 0 0 0 0 0 
0.5305812788 0 0 0 0 0 0 0.0153487753 0 0 0 0 0 0 0.0064846062 0 0 0 0 0 0 0 0 0 0 0 0.0031957746 0 0 0 0.0132446289 0 0 0 0 0.3571222523 0 0 0 0 0 0 0 0.0203822500 0 0.0536404339 0 0 0 0 
0 0 0 0 0.0008699939 0 0 0 0 0 0 0 0 0 0.4680008934 0 0.1380647862 0 0 0 0 0.0839381070 0 0.0731086899 0 0 0 0.0049916898 0 0.0346972234 0.1944407615 0 0 0 0 0 0 0 0 0 0 0 0.0018878549 0 0 0 0 0 0 0 
0 0 0.0019314461 0 0 0 0 0 0 0 0 0 0 0.0022514473 0 0.0014822800 0.0046505289 0 0 0 0 0 0 0 0 0 0 0 0 0 0 0.1390346544 0 0 0.0183250386 0 0 0 0 0.0547993842 0 0 0 0 0 0 0 0 0.7775252204 0 
0 0 0 0 0 0 0 0 0 0 0 0.1292923546 0 0 0 0 0 0 0 0 0 0 0 0 0 0 0.7145879921 0 0 0.1310341438 0 0 0 0 0 0 0 0 0 0 0 0 0 0 0 0 0 0.0250855095 0 0 
0 0 0 0 0 0 0 0.0037543406 0 0 0 0 0 0 0.0712012752 0 0.0297894058 0 0 0 0 0.0548977562 0 0 0 0 0.0048005449 0.0007244086 0 0.6339814968 0 0 0 0 0 0 0 0 0 0.2008507718 0 0 0 0 0 0 0 0 0 0 
0 0 0 0 0.0249284435 0 0 0 0 0 0 0 0 0 0 0 0 0.0037237757 0 0 0 0.0021210037 0 0.0013450601 0 0 0 0.0041433411 0 0 0.5398288039 0 0 0 0.0747838566 0 0 0 0.2254554187 0 0 0 0.0026240773 0.0483716733 0.0726745462 0 0 0 0 0 
0.0450542769 0 0 0 0 0 0 0 0 0 0 0 0 0 0 0 0 0 0.0385491244 0 0 0 0 0 0 0 0 0 0.8379533965 0 0 0.0784432022 0 0 0 0 0 0 0 0 0 0 0 0 0 0 0 0 0 0 
0 0 0 0 0 0 0 0.0606479001 0 0 0 0 0 0 0.7206419857 0 0.0065708060 0 0 0 0 0 0 0 0 0.0449926861 0 0 0 0 0 0 0 0.1237307766 0 0 0 0 0 0.0434158454 0 0 0 0 0 0 0 0 0 0 
0 0 0 0.2137965570 0 0 0 0 0 0 0 0.0168473143 0 0 0.3907507567 0 0 0 0 0 0 0 0 0 0 0 0 0 0 0 0.0657533685 0.2836364575 0.0229639142 0 0 0 0 0 0 0 0 0 0 0 0 0 0 0 0 0.0062516319 
0.0506288556 0 0 0.0075647697 0.0695714408 0.0157080111 0 0 0 0 0 0 0 0 0 0 0.0755883519 0 0 0 0 0 0 0 0 0 0 0.0006894496 0.6732270691 0 0 0 0 0.0518254495 0 0 0 0 0 0 0 0 0 0 0.0551966027 0 0 0 0 0 
0 0 0 0 0 0 0 0 0 0 0 0 0 0 0 0 0 0 0 0 0 0 0 0 0.0018203369 0 0.0520037250 0 0 0.0118928908 0 0 0 0.9342830474 0 0 0 0 0 0 0 0 0 0 0 0 0 0 0 0 
0 0.0778010024 0 0 0.3162218359 0 0 0 0 0 0 0 0 0.0038008440 0.0226339072 0 0 0 0 0.0379319577 0 0.0007936830 0 0.1785662012 0 0 0.0065760218 0.0020217234 0 0.0141917725 0 0 0 0 0 0.0215131467 0 0.0023621485 0 0.1742310416 0.0125855651 0.0755360595 0.0009065663 0 0.0004913560 0 0 0 0 0.0518351673 
0 0 0 0 0 0 0 0.5114036979 0 0 0 0 0 0 0.0675928302 0 0.0036046452 0 0 0 0 0 0 0 0.2442704022 0 0 0.0010858440 0 0 0 0.1720425805 0 0 0 0 0 0 0 0 0 0 0 0 0 0 0 0 0 0 
0 0 0 0 0.0008463729 0.0009449253 0 0 0 0 0 0 0 0 0 0 0 0.1322017604 0.0099777987 0 0 0.0019709937 0 0.0016989850 0 0 0.3864932421 0.0045771272 0.0620644393 0 0 0 0.0190668389 0.3056548657 0.0174708848 0 0 0 0.0521756140 0 0 0 0.0035002403 0 0.0013559117 0 0 0 0 0 
0 0 0 0 0 0 0 0 0 0 0 0 0 0 0 0 0 0 0 0 0 0 0 0 0 0 0.1647170917 0 0 0.1356798367 0 0 0 0.2352645927 0 0 0 0 0 0 0 0 0 0.4643384789 0 0 0 0 0 0 
0 0 0 0 0 0 0 0 0 0 0 0 0 0 0 0 0.0099770154 0 0 0 0 0 0 0 0 0 0.0332264392 0 0.0083545318 0.4011395022 0 0 0 0.5473025114 0 0 0 0 0 0 0 0 0 0 0 0 0 0 0 0 
0.0224693836 0 0.0018147656 0.0947927944 0 0 0 0 0 0 0 0 0.0007436018 0 0 0 0 0 0 0 0 0.1713696289 0 0 0 0.1046729151 0 0.0018038110 0 0 0.5383901432 0 0 0 0 0.0109388389 0 0 0 0.0135091220 0 0 0.0007663416 0.0387286540 0 0 0 0 0 0 
0 0 0 0 0 0 0 0 0 0 0 0 0 0 0 0 0 0 0 0 0 0 0 0 0 0 0 0 0 0.1646357461 0 0 0 0.8353642539 0 0 0 0 0 0 0 0 0 0 0 0 0 0 0 0 
0 0 0 0 0 0 0 0 0 0 0 0 0 0 0.0189015630 0 0 0 0 0 0 0.0012798593 0 0.0010087980 0 0 0.1533773288 0.0029031668 0 0 0 0.2347909540 0 0 0 0 0 0 0 0 0 0.5813478311 0.0015185713 0 0.0048719277 0 0 0 0 0 
0 0 0 0 0 0 0 0 0 0.1619503313 0 0 0 0 0 0 0 0 0 0 0.0249528513 0 0 0 0 0 0.2503763259 0 0 0 0 0 0 0 0 0 0 0 0.1978749952 0 0 0 0 0.3528295400 0.0120159564 0 0 0 0 0 
0 0 0 0 0 0 0 0 0 0 0 0 0 0 0 0 0.0168074822 0.0083912223 0 0 0 0 0 0 0.7162254407 0 0.0025343549 0.0008419954 0.1116937403 0 0 0 0 0.1031994437 0 0 0 0 0 0.0291334258 0 0 0.0004092498 0 0 0 0 0.0107636450 0 0 
0 0 0 0 0 0 0 0.1621159783 0 0 0 0 0 0 0.1108368878 0 0 0 0 0 0 0 0 0 0 0 0.1739155282 0 0 0.4628921389 0.0246792287 0.0200093261 0 0 0 0 0 0 0 0 0 0 0.0088195466 0.0367313655 0 0 0 0 0 0 
0.2056602312 0.0117126536 0 0 0 0 0 0 0 0 0 0 0 0 0.1111898284 0 0.0086753832 0 0 0 0 0 0 0 0 0 0.0845349944 0 0 0 0 0 0 0.4548986600 0 0 0 0 0 0.0152326557 0 0 0 0.1080955935 0 0 0 0 0 0 
0 0 0 0 0 0 0 0 0 0 0 0 0 0 0 0 0 0 0 0 0 0 0 0 0 0 0 0 0 0 0 0 0 0.9747774601 0 0 0 0 0 0.0252225399 0 0 0 0 0 0 0 0 0 0 
0 0 0 0 0 0 0 0.4188267398 0 0 0 0 0 0 0.5374518914 0 0 0 0 0 0 0 0 0 0 0 0 0 0 0.0437213689 0 0 0 0 0 0 0 0 0 0 0 0 0 0 0 0 0 0 0 0 
0.0307748464 0.0029693085 0 0 0.0005726892 0 0 0 0 0 0 0 0 0 0 0 0.0015445587 0 0 0 0 0.0008100062 0 0.0271946670 0 0 0.1056405804 0.0016440208 0.2260027593 0 0.0515926102 0 0 0 0 0 0 0 0 0.0006181158 0 0 0.0007279792 0 0 0.5499078585 0 0 0 0 
0 0 0 0.0832328551 0 0 0 0 0.4315914982 0 0 0 0 0 0.0238819820 0 0 0 0 0 0 0 0 0 0 0.1139333077 0.3216237551 0 0 0 0 0.0257366019 0 0 0 0 0 0 0 0 0 0 0 0 0 0 0 0 0 0 
0 0 0 0 0 0 0 0 0 0 0 0 0 0 0 0 0 0 0 0 0 0.0658882968 0.0101846246 0 0 0 0.0436151261 0 0.7514337186 0.0846470493 0 0.0354384531 0 0 0 0 0 0 0 0 0 0 0 0 0 0.0087927315 0 0 0 0 
0 0 0 0 0 0 0 0 0 0 0 0 0 0 0 0 0 0 0 0 0 0 0 0 0 0 0.2851398202 0 0 0.6594982951 0 0 0 0.0553618847 0 0 0 0 0 0 0 0 0 0 0 0 0 0 0 0 
0 0 0 0 0 0 0 0 0 0 0 0 0 0 0.9999999463 0 0 0 0 0 0 0.0000000537 0 0 0 0 0 0 0 0 0 0 0 0 0 0 0 0 0 0 0 0 0 0 0 0 0 0 0 0 
0.0201842089 0 0 0.0164691424 0.2930127595 0 0 0 0.0392347254 0 0 0 0 0 0.4911228748 0 0 0 0 0 0 0.0190260093 0 0 0 0 0.0532372363 0 0.0677130433 0 0 0 0 0 0 0 0 0 0 0 0 0 0 0 0 0 0 0 0 0 
0.1676167706 0 0 0 0.0010020059 0 0 0 0 0 0 0 0 0 0 0 0 0 0 0 0 0.1075605884 0 0.0009337552 0 0 0 0.0036058250 0.5636191008 0 0 0.1532081929 0 0 0 0 0 0 0 0 0 0 0.0014683510 0 0.0009854101 0 0 0 0 0 
0 0 0 0.0008792377 0.0023202204 0 0.0031724057 0 0 0.4390700210 0.0755935369 0 0 0 0 0.1844872770 0 0 0 0 0.0062255859 0.1068125161 0 0.0022123570 0 0 0 0.0102779443 0 0 0 0 0.0009205927 0 0 0 0 0.0289312804 0.0302906989 0 0.0195507297 0 0.0042956190 0 0.0011875571 0 0 0 0.0309073374 0.0528650825 
0 0 0 0 0 0 0 0 0 0 0 0 0 0 0 0 0 0.0027966806 0 0 0 0.0040893555 0 0 0 0 0.6062181240 0 0 0.1241207530 0 0 0 0.1907204633 0 0 0 0 0 0 0 0 0 0 0 0 0 0.0720546236 0 0 
0 0 0 0 0 0 0 0 0.0026340662 0 0.0110908233 0 0 0 0.0692583376 0.0345957901 0 0 0 0 0.0035127956 0 0 0 0 0 0 0.0010149116 0.6080804931 0.0398077710 0 0 0.2092731123 0 0 0 0 0 0 0.0168332785 0 0 0 0 0 0 0 0.0038986206 0 0 
0 0.0343608931 0.0121348701 0 0.2418130318 0 0 0 0 0 0 0.0014759560 0 0 0.0804941593 0 0 0 0 0 0 0.0003177084 0 0.3387788583 0.0057787034 0 0 0.0007162467 0 0 0 0 0 0 0 0.1322298886 0 0 0 0 0 0.1515745043 0.0003251799 0 0 0 0 0 0 0 
0 0 0 0 0 0 0 0 0 0.0061369393 0 0 0 0 0 0 0 0.2159654865 0 0 0 0 0 0 0 0 0.5159168018 0.0009038332 0 0.2610769391 0 0 0 0 0 0 0 0 0 0 0 0 0 0 0 0 0 0 0 0 
0 0 0 0 0 0 0 0 0 0 0 0 0 0 0 0 0 0 0 0 0 0 0 0 0 0 0 0 0 0.9683370590 0 0 0 0.0316629410 0 0 0 0 0 0 0 0 0 0 0 0 0 0 0 0 
0.2141252273 0 0 0 0.2941056235 0 0 0 0 0 0 0 0 0 0 0 0 0 0 0 0 0.0009797902 0 0 0 0 0.3777000685 0.0020849845 0 0 0 0 0.0884626914 0 0 0 0 0 0 0 0.0213322671 0 0.0012093476 0 0 0 0 0 0 0 
0 0 0 0.2314488860 0.0008926015 0 0 0 0 0 0 0 0 0 0 0 0 0.1894203994 0 0.0087298292 0 0.0016109797 0 0.0009349956 0 0 0.4137769832 0.0027360942 0 0 0 0 0.0193024192 0 0 0 0 0 0 0 0 0 0.0017081322 0 0.0008186605 0.0981610401 0 0 0 0.0304589791 
0.2179808828 0 0 0 0 0 0 0 0 0 0 0 0 0 0.7820191172 0 0 0 0 0 0 0 0 0 0 0 0 0 0 0 0 0 0 0 0 0 0 0 0 0 0 0 0 0 0 0 0 0 0 0 
0 0 0 0 0.0007172502 0 0 0 0 0.0427377340 0 0 0 0 0 0 0 0 0.2602472142 0 0 0.0022639197 0 0.0017812222 0 0 0.6593832191 0.0048176720 0 0 0 0 0 0 0 0 0 0 0.0167557448 0 0 0 0.0101932762 0 0.0011027477 0 0 0 0 0 
0 0 0 0 0 0 0 0 0 0 0 0 0 0 0.7718666597 0 0 0 0 0.0070314774 0 0.0008335433 0 0.0006686842 0 0 0.1696396432 0.0016946379 0.0474678385 0 0 0 0 0 0 0 0 0 0 0 0 0 0.0007975157 0 0 0 0 0 0 0 
0.2695922065 0 0 0 0 0 0 0 0 0 0.0917438802 0 0.0043839026 0 0 0 0 0 0 0 0 0.0013205969 0 0 0 0 0.0148745682 0.0026676720 0.5607543402 0 0 0.0163199098 0 0 0 0 0 0 0 0.0368502550 0 0 0.0014926686 0 0 0 0 0 0 0 
0 0 0 0 0 0 0 0.2921275727 0.0124308781 0 0 0 0.0107837609 0 0 0 0 0 0 0 0 0 0 0 0 0 0.2421341514 0 0 0.3898688457 0 0 0 0 0.0162508817 0 0 0 0 0.0364039096 0 0 0 0 0 0 0 0 0 0 
0 0 0 0 0 0 0 0 0.0055174711 0 0 0 0 0 0.0069690873 0 0.0975850764 0 0 0 0 0 0 0 0 0 0 0 0 0.0055340050 0.8603743339 0 0 0 0 0 0 0 0 0 0.0073554081 0 0 0 0 0.0166646180 0 0 0 0 
0.0015491269 0 0 0 0 0 0 0.0060325777 0 0 0 0 0 0 0.0142831309 0 0 0 0 0 0 0.8748590808 0 0 0 0 0.0727708995 0 0 0.0277027955 0 0 0 0 0 0.0028023887 0 0 0 0 0 0 0 0 0 0 0 0 0 0 
0 0 0 0 0.7886780250 0 0 0.0019663586 0 0 0 0.0505979511 0 0 0.0090855795 0 0.0760805482 0 0 0 0 0 0 0 0 0 0 0 0 0 0 0 0 0 0 0 0 0.0044250488 0 0 0 0 0.0691664888 0 0 0 0 0 0 0 
0 0 0 0 0 0 0 0.0052720870 0 0 0 0 0 0 0.0225806184 0 0 0 0 0 0 0.5626995965 0 0.0343443309 0 0 0.0082066514 0 0 0 0 0 0 0 0.0009521576 0.0136043593 0 0 0.3142523044 0 0.0043105219 0 0 0.0169361488 0 0.0160706257 0.0007705980 0 0 0 
0 0 0 0 0 0 0 0 0 0 0 0 0 0 0.0448549860 0 0 0 0 0 0 0 0 0 0.0622719526 0.0045996856 0.0154876477 0 0 0 0 0.6150239421 0 0 0 0 0 0 0 0 0.2577617860 0 0 0 0 0 0 0 0 0 
0 0.0119682058 0 0.0264418264 0.0009581556 0.0007311177 0.0007708873 0 0 0 0 0.0048825822 0 0 0 0 0 0 0.0415455312 0 0.0561415566 0.3789802929 0 0.0017021436 0 0.0007163618 0.0466697451 0.0054724881 0 0 0 0.0078948271 0 0 0 0 0 0 0.3263881018 0 0 0 0.0025149627 0 0.0862212141 0 0 0 0 0 
0 0 0 0 0 0 0 0 0 0 0 0.0133103288 0.0025357199 0 0 0 0 0.5458019990 0 0 0 0 0 0 0 0.0011322060 0.2496691630 0.0010827134 0 0.0442889617 0.1421789082 0 0 0 0 0 0 0 0 0 0 0 0 0 0 0 0 0 0 0 
0 0 0.0016139475 0 0 0 0 0 0 0 0 0 0.0145321484 0.0124707863 0 0 0.9694302611 0 0 0 0 0 0 0 0 0 0 0 0 0 0 0 0 0 0 0 0 0 0 0.0010774534 0 0 0 0 0 0 0 0.0008754034 0 0 
0 0 0 0 0 0 0 0 0 0.1743919248 0 0 0 0 0 0 0 0 0 0 0.8083284182 0 0 0 0 0 0 0 0 0 0 0 0 0 0 0 0 0 0 0 0 0 0 0 0 0 0.0172796570 0 0 0 
0 0 0 0 0 0 0 0 0 0.6771439162 0 0 0 0.0016463187 0 0 0 0 0 0.0021614332 0 0 0 0 0 0 0 0 0 0 0.0129767970 0 0.0031099242 0 0 0 0 0 0 0 0 0 0 0 0 0 0 0 0 0.3029616107 
0 0 0.1809028638 0 0 0 0 0 0 0.5326192541 0 0 0 0.2075611615 0 0 0 0 0 0.0352720644 0 0 0 0 0 0 0 0.0009504020 0 0 0 0 0 0 0 0 0 0.0129168100 0 0 0 0 0 0 0 0 0.0193508010 0.0104266432 0 0 
0 0 0 0 0 0 0.0074875284 0 0 0 0 0 0.0007011305 0 0 0 0 0 0 0 0 0 0 0 0 0 0 0 0 0 0 0.1360756150 0 0 0 0 0.0154019772 0 0 0.3644095257 0 0 0 0 0 0 0 0 0 0.4759242231 
0 0 0 0 0 0 0 0 0 1.0000000000 0 0 0 0 0 0 0 0 0 0 0 0 0 0 0 0 0 0 0 0 0 0 0 0 0 0 0 0 0 0 0 0 0 0 0 0 0 0 0 0 
0 0 0 0.3448427800 0 0.0610216237 0.0036935747 0 0 0 0 0 0 0 0 0 0 0 0 0 0 0 0 0 0 0 0.2244211439 0 0.0008059730 0 0 0 0 0 0 0 0 0 0 0 0 0.3626373561 0 0 0 0.0025775486 0 0 0 0 
0.0259579366 0 0 0 0 0 0.0057741390 0 0 0 0 0 0 0 0 0 0 0 0.1278374252 0 0 0 0 0 0 0 0 0 0 0 0 0 0 0 0 0 0 0.8325790628 0 0.0065099685 0 0 0 0.0013414680 0 0 0 0 0 0 
0 0 0 0 0 0 0.0025784025 0 0 0 0 0 0 0 0 0 0.0585224485 0 0 0 0.0057614266 0 0 0 0 0 0 0.0014347633 0 0 0 0 0 0.0648989459 0 0 0.0006705217 0.2294149136 0 0 0.1371326639 0 0.0005496887 0 0 0.2495707493 0.2494654760 0 0 0 
0 0 0 0 0 0.4835207661 0.0020315300 0 0 0 0 0 0 0 0 0 0.3583029795 0 0 0 0 0 0 0.0050859145 0.0018546029 0 0 0 0 0 0 0 0 0.1492042070 0 0 0 0 0 0 0 0 0 0 0 0 0 0 0 0 
0 0 0 0 0.0002509618 0 0 0 0 0 0 0.0043190435 0 0 0.0054820663 0 0 0 0.0054818883 0.4737126643 0 0.0005062808 0.0011491137 0.0003286006 0 0 0.1215984078 0.0011456438 0 0 0 0 0 0 0 0 0 0 0 0 0 0.0005041176 0.0026466234 0.0018712037 0.3810033844 0 0 0 0 0 
0 0 0.0479770881 0 0 0 0 0 0 0 0 0 0 0 0 0.0007960916 0 0 0 0 0 0 0 0 0 0 0 0.0010067208 0 0 0 0.2522441116 0 0 0.0026073313 0 0 0 0 0 0 0 0 0.0194715570 0 0 0.5591845947 0.1167125049 0 0 
0 0 0 0 0 0 0 0 0 0.0963772565 0 0 0 0 0 0 0 0 0 0 0 0 0 0 0 0 0 0.0014961207 0 0 0 0 0.8269917436 0 0 0 0 0 0 0 0 0 0.0008230743 0 0 0 0.0743118048 0 0 0 
0 0 0 0 0 0 0 0 0 0.6276313506 0 0 0 0 0 0 0 0 0 0 0 0 0.0023345095 0 0 0 0 0 0 0 0 0 0 0 0 0 0 0 0 0 0 0 0 0 0 0 0.3700341399 0 0 0 
0 0 0 0 0 0 0.0027707690 0 0 0 0 0 0.0697829056 0 0 0 0 0 0 0 0 0 0 0 0 0 0 0 0 0 0 0 0 0 0.0038327190 0 0 0 0 0.9236136063 0 0 0 0 0 0 0 0 0 0 
0 0 0 0 0 0 0 0 0 0 0 0 0 0 0 0 0 0 0 0 0 0 0 0 0 0 0 0 0 0 0 0 0 0 0 0 0 0 0 1.0000000000 0 0 0 0 0 0 0 0 0 0 
0 0 0.0056046420 0 0 0 0 0 0 0.1109847791 0.0032348633 0 0 0 0 0 0 0 0 0 0.8710247818 0 0 0 0 0 0 0 0 0 0 0 0 0 0 0 0 0.0069003531 0 0 0 0 0 0 0 0 0.0022505808 0 0 0 
0 0 0 0 0 0 0.0122568040 0 0 0 0 0 0 0 0 0.1776319094 0 0 0 0 0 0 0 0 0 0 0 0 0 0 0 0 0 0 0 0 0 0.1909431544 0 0.3027207938 0 0 0 0 0 0 0 0 0.3164473385 0 
0 0 0 0 0 0 0 0 0 0 0 0 0 0.2097313666 0 0 0.1410417943 0 0 0.1791636975 0 0 0 0 0 0 0 0.0012990877 0 0 0 0 0 0.1872933302 0.2125079673 0 0 0 0 0.0562794318 0 0 0 0 0 0 0.0126833245 0 0 0 
0 0 0 0 0 0 0.0011369116 0 0 0 0 0 0 0 0 0 0 0 0 0 0 0 0 0 0 0 0 0 0 0 0 0 0 0 0 0 0 0 0 0.0160743174 0 0 0 0 0 0 0 0 0 0.9827887710 
0 0 0 0 0 0 0 0 0 0 0 0 0 0 0 0 0 0 0 0 0 0 0 0 0 0 0 0 0 0 0 0 0 0.8955482364 0.0311495179 0 0 0 0 0.0733022457 0 0 0 0 0 0 0 0 0 0 
0 0.2869143719 0 0 0.0008198551 0 0 0 0 0.0009162196 0 0 0 0 0 0 0 0 0 0 0 0.2172508213 0.0045698253 0.0014616459 0.0552024632 0.0738331495 0.2510423355 0.0041094311 0 0 0 0 0 0 0 0 0 0 0 0 0 0 0.0023589773 0 0.0008089846 0 0 0 0.1007119196 0 
0 0 0 0 0 0 0.0202048502 0 0 0 0 0 0 0 0 0 0 0 0 0 0 0 0.2709895789 0 0 0 0 0.0003358165 0 0 0 0 0 0.0061626371 0 0 0 0 0 0.0010995378 0 0 0 0 0.0224586071 0 0 0 0.6723149043 0.0064340680 
0 0 0 0 0.0020266648 0 0 0 0 0 0 0 0 0.0021753070 0 0 0.0266688097 0 0 0 0 0 0 0 0 0 0.0027118144 0.0003993501 0 0 0 0.0181592758 0 0 0.0924414085 0.8554173697 0 0 0 0 0 0 0 0 0 0 0 0 0 0 
0 0 0.0067201909 0 0 0 0.0688135457 0 0 0 0 0 0 0 0 0 0 0 0 0 0 0 0 0 0 0 0 0 0 0 0 0 0 0.0869549462 0 0 0.2682272494 0 0 0.5692840677 0 0 0 0 0 0 0 0 0 0 
0 0 0 0 0 0 0 0 0.0135947062 0.0664118534 0 0 0 0 0 0 0 0 0 0 0 0 0 0 0 0 0.6651128848 0 0 0 0 0 0 0 0 0 0 0 0 0 0 0 0.1205271230 0 0 0 0.1343534326 0 0 0 
0 0 0 0 0 0 0 0 0 0 0.8234889548 0 0 0 0 0 0 0 0 0 0.1765110452 0 0 0 0 0 0 0 0 0 0 0 0 0 0 0 0 0 0 0 0 0 0 0 0 0 0 0 0 0 
0 0 0 0 0 0 0 0 0 0 0 0 0 0 0 0 0 0.9999999750 0 0 0 0 0 0 0 0 0.0000000015 0 0 0.0000000234 0 0 0 0 0 0 0 0 0 0 0 0 0 0 0 0 0 0 0 0 
0 0 0 0 0 0 0 0 0 0.0017568734 0 0 0.0009630895 0 0 0.0152042569 0 0.2150771455 0 0 0 0 0.0012653676 0 0.0285854677 0 0.0051596418 0.0007775506 0 0.0080940112 0.0042227428 0 0 0 0.0614516690 0.2945292636 0 0 0 0 0 0 0 0 0 0.3613433404 0 0 0 0.0015695801 
0 0 0 0 0 0 0 0 0 0.1874098981 0 0 0 0 0 0 0 0.0016928809 0 0 0.5300634305 0 0 0 0 0 0 0.0020774028 0 0 0 0 0 0 0 0 0 0.0023054611 0 0 0 0 0.0009092141 0 0.2755417125 0 0 0 0 0 
0 0 0 0 0 0 0 0 0 0 0 0 0 0 0 0 0.5940054691 0 0 0 0 0 0.0053283857 0 0.2148479512 0 0 0.0009523406 0 0 0 0 0 0.1832572194 0 0 0 0 0 0.0016086340 0 0 0 0 0 0 0 0 0 0 
0 0.0005168915 0 0 0 0 0 0 0 0 0 0 0 0 0 0 0 0 0 0 0 0 0 0 0 0 0.9994831085 0 0 0 0 0 0 0 0 0 0 0 0 0 0 0 0 0 0 0 0 0 0 0 
0 0 0 0 0 0 0.0030712432 0 0 0 0 0 0 0 0 0 0.0012927878 0 0 0 0 0 0 0 0 0 0 0 0 0 0 0 0 0 0.4656689162 0 0 0 0 0.5299670528 0 0 0 0 0 0 0 0 0 0 
0 0 0 0 0 0 0 0 0 0 0 0 0.0023221369 0 0 0.0134303984 0 0 0.6022116952 0 0 0 0 0 0 0 0 0 0 0 0 0 0 0 0 0 0 0 0 0.3820357695 0 0 0 0 0 0 0 0 0 0 
0 0 0 0 0 0 0 0 0 0 0 0.9938269779 0 0 0 0 0 0 0 0 0 0 0 0 0 0 0.0061730221 0 0 0 0 0 0 0 0 0 0 0 0 0 0 0 0 0 0 0 0 0 0 0 
0 0 0 0 0 0 0.0033009369 0 0.0264728576 0 0 0 0 0 0 0.2262503465 0.1970820373 0 0 0 0 0 0 0 0 0 0 0.0004219891 0 0 0 0 0 0 0 0 0 0 0 0 0 0 0 0 0 0 0.5464718327 0 0 0 
0 0 0 0.1228570919 0 0 0 0 0 0.4598758148 0 0 0 0 0 0 0 0 0.0022439322 0 0 0.0006686706 0.0008456820 0 0 0 0.0440802216 0.0019916955 0 0 0 0 0.2668996902 0 0 0 0 0 0 0 0 0.0938262157 0.0008760129 0 0 0 0.0058349727 0 0 0 
0 0.0043983823 0.0103248626 0 0.0570772764 0 0 0 0.1750469688 0 0 0.0285566071 0 0 0 0 0 0 0 0.4526290334 0 0.0004252953 0 0.0003968273 0 0 0.2377002238 0.0015074347 0 0 0 0 0.0057424600 0 0 0 0 0 0 0 0 0 0.0007647676 0 0.0003385717 0 0 0.0250912891 0 0 
0 0 0 0 0 0 0.8278781846 0 0 0 0.0066223145 0 0 0 0 0 0 0 0.1099845655 0 0 0 0 0 0 0 0 0 0 0 0 0 0 0 0 0 0 0 0 0 0 0 0 0 0.0555149355 0 0 0 0 0 
0 0 0 0 0.0017349293 0 0 0.1582120571 0 0 0 0 0 0 0.2260529114 0 0 0 0.0610484040 0 0 0.0037094704 0 0.0018728892 0 0 0 0.0066777982 0.2418673142 0 0.0009553489 0 0 0 0 0 0 0 0 0 0.2919051139 0.0013338777 0.0028686864 0 0.0017611993 0 0 0 0 0 
0 0 0 0 0 0 0 0 0 0.0059683575 0 0 0 0 0 0 0 0 0 0 0 0 0 0 0 0 0 0 0 0 0 0 0 0 0 0 0 0.0048929739 0 0 0 0 0 0 0.1098969800 0 0 0 0.8792416886 0 
0 0 0.0020193317 0 0 0 0 0 0 0 0 0 0 0 0 0.0048389956 0.0176200296 0.2946530429 0.6755390227 0 0 0 0 0 0 0 0 0.0005946122 0 0 0 0 0 0 0 0 0 0.0011087480 0 0.0005588268 0 0 0 0 0 0 0 0.0030673906 0 0 
0.0331568758 0 0 0 0 0 0 0 0 0 0 0 0 0 0 0 0 0 0 0 0 0 0 0 0 0 0 0 0 0.6095185955 0 0 0 0.3438783621 0 0 0 0 0 0 0 0 0 0 0.0134461666 0 0 0 0 0 
0 0 0 0 0 0 0 0 0 0.5177778666 0 0 0 0.0192169177 0 0.0853436463 0 0 0 0 0 0 0 0 0 0 0 0.0012397374 0 0 0 0 0 0 0.0195257467 0 0 0 0 0 0 0 0 0 0 0 0.1257704075 0 0 0.2311256777 
0 0 0 0 0 0 0 0 0 0 0 0 0 0 0 0 0 0.4555836522 0 0 0 0 0 0 0 0 0.5364436695 0 0 0 0 0 0 0 0 0 0 0.0079726783 0 0 0 0 0 0 0 0 0 0 0 0 
0 0 0 0.0270117389 0 0 0 0 0 0 0 0 0 0 0 0 0 0.0377964567 0 0.0057550287 0 0 0.0203301406 0 0 0 0.1490898876 0.0014091508 0 0 0 0 0 0 0 0 0 0 0 0 0 0 0.0007466406 0 0 0 0.7578609560 0 0 0 
0 0 0 0 0 0 0 0 0 0.0454972359 0 0 0 0.3985078651 0 0.0009682425 0 0 0 0 0.0133769587 0 0 0 0 0.0026094419 0 0.0006797310 0 0 0 0 0.5383605250 0 0 0 0 0 0 0 0 0 0 0 0 0 0 0 0 0 
0 0 0 0 0 0 0 0 0 0 0 0 0 0 0 0 0 0 0 0 0 0 0.0065211329 0 0 0 0.5155999304 0 0 0 0.3924169288 0 0 0 0 0 0 0 0 0 0 0 0 0 0 0 0.0854620079 0 0 0 
0 0 0 0 0 0 0 0 0 0.0020216145 0 0 0 0.1239699014 0 0 0 0 0.0014210085 0 0 0 0.0015339099 0 0 0 0 0 0 0 0 0 0.8523857847 0 0 0 0 0 0 0 0 0 0 0 0 0 0 0 0 0.0186677811 
0 0 0 0 0 0 0 0 0.4445458832 0 0 0 0 0.0216068013 0 0.0010493950 0.2783176308 0 0 0 0 0 0.0076129584 0 0 0 0 0 0 0 0 0 0 0 0 0 0 0 0 0.2468673312 0 0 0 0 0 0 0 0 0 0 
0 0 0 0.2584292158 0 0 0 0 0 0.0107315718 0 0 0 0 0 0 0 0 0 0 0 0 0 0 0.0921996758 0 0.0259030907 0 0 0 0 0 0.6127364458 0 0 0 0 0 0 0 0 0 0 0 0 0 0 0 0 0 
0 0 0.9286702864 0 0 0 0 0 0 0 0 0 0 0 0 0 0 0 0 0 0 0 0 0 0 0 0 0 0 0.0626065378 0 0 0 0.0087231758 0 0 0 0 0 0 0 0 0 0 0 0 0 0 0 0 
0 0 0 0 0 0 0 0 0 0 0 0 0 0.9999999745 0 0 0 0 0 0 0 0 0 0 0 0 0 0 0 0 0 0 0 0 0 0 0 0 0 0 0 0 0 0 0 0 0.0000000255 0 0 0 
0 0 0 0 0 0 0.0081829590 0 0 0 0 0 0 0 0 0 0.0142385364 0 0 0.6485098597 0 0 0.0339660112 0 0 0 0 0 0 0 0 0 0 0.0537322830 0 0 0 0 0 0.2413703507 0 0 0 0 0 0 0 0 0 0 
0 0.6638747351 0 0 0 0 0 0 0 0 0 0 0.0022010099 0 0 0 0 0.0044331483 0 0 0 0 0 0 0 0 0 0 0 0.3151594893 0 0 0 0.0097591212 0 0 0 0 0 0 0 0 0 0 0.0045724963 0 0 0 0 0 
0 0 0 0 0 0 0 0 0 0 0 0 0 0 0 0 0 0 0 0 0 0 0 0 0 0 0 0 0 0 0 0 0 0 0 0 0 0 0 1.0000000000 0 0 0 0 0 0 0 0 0 0 
0 0 0 0 0 0 0 0 0 0 0 0 0 0 0 0.0097362692 0.0086020901 0 0 0 0 0 0 0 0 0 0 0 0 0 0 0 0 0 0 0 0.0010044219 0.7242447945 0 0.2564124244 0 0 0 0 0 0 0 0 0 0 
0 0 0 0 0 0 0 0 0 0 0 0 0 0 0 0 0 0 0 0 0 0 0 0 0 0 0 0 0 0 0 0 0 0 0 0.9999999892 0 0 0 0.0000000108 0 0 0 0 0 0 0 0 0 0 
0 0 0 0 0 0 0 0 0 0 0 0 0 0 0 0 0 0 0 0 0 0 0 0 0 0 0 0 0 0 0 0 0 0 0 0 0 0 0 0 0 0 0 0 0 0 0 1.0000000000 0 0 
0.1451420890 0 0 0.0127344112 0 0 0 0 0 0.0996335109 0 0 0 0 0.3961563453 0 0 0 0 0 0 0 0 0 0 0 0.0810655023 0.0011246867 0 0 0 0.0613402095 0.0692025206 0 0 0 0 0 0 0 0 0 0 0.1336007244 0 0 0 0 0 0 
0 0 0 0 0 0 0.0004954072 0 0.0746189737 0 0.0046376859 0 0 0.7332234361 0 0.0159944204 0.0039825439 0 0 0 0 0 0 0 0 0 0 0.0004946938 0 0 0 0 0 0 0 0 0 0 0 0 0 0 0 0 0 0 0.0029116543 0 0.1636411846 0 
0 0 0 0 0 0 0 0 0 0 0 0 0 0 0 0 0.0110303907 0 0.1436047946 0 0 0 0 0 0 0.0073550698 0.0017486159 0.0007859312 0 0 0 0.0200855083 0 0 0 0.0213537180 0 0 0 0 0 0 0.7917729805 0.0022629910 0 0 0 0 0 0 
0.0225059837 0 0 0 0.1141900255 0 0 0 0 0 0 0 0 0 0 0 0 0 0 0 0 0.0273882032 0 0 0.0636153899 0 0.3164244339 0.0013877670 0 0 0 0 0.4544881968 0 0 0 0 0 0 0 0 0 0 0 0 0 0 0 0 0 
0 0 0.0059059347 0 0 0 0.0011225486 0 0 0 0 0 0 0 0 0.7991090787 0 0 0 0 0 0 0 0 0 0 0 0 0 0 0 0 0 0 0.0083495708 0 0 0 0 0.1313082698 0.0542045974 0 0 0 0 0 0 0 0 0 
0 0 0 0 0 0 0 0 0.0065709048 0.0010343980 0 0 0 0 0 0 0 0 0 0.4181213290 0 0 0 0 0 0 0 0 0.0050586675 0 0 0 0 0 0 0 0 0 0 0 0 0 0 0.5573762453 0 0.0118384554 0 0 0 0 
0 0 0 0 0 0 0 0 0 0 0 0 0 0 0 0 0.0101225441 0 0 0 0 0 0 0 0 0 0 0 0 0 0 0 0 0.0990424129 0 0 0.0041423438 0 0 0.8866926993 0 0 0 0 0 0 0 0 0 0 
0 0 0 0.1868937303 0 0 0 0 0.8077988109 0.0016532514 0 0 0 0 0 0 0 0 0 0 0 0 0 0 0 0 0 0.0008771077 0 0 0 0.0027770996 0 0 0 0 0 0 0 0 0 0 0 0 0 0 0 0 0 0 
0 0 0 0 0 0 0 0.0004894700 0 0 0 0 0 0 0 0 0.9844882802 0 0 0 0 0 0 0 0 0 0 0 0 0 0 0 0 0.0001973378 0 0 0 0.0147377945 0 0.0000871175 0 0 0 0 0 0 0 0 0 0 
0 0 0 0 0 0 0 0 0 0 0 0 0 0 0 0.8968568218 0.0977819653 0 0 0 0 0 0 0 0 0 0 0 0 0 0 0 0 0 0 0 0 0 0 0.0053612129 0 0 0 0 0 0 0 0 0 0 
0 0 0 0.1936651088 0 0 0 0 0 0 0 0 0 0 0 0 0 0 0 0 0 0 0 0 0 0 0 0 0 0 0 0 0 0 0 0 0 0 0.8063348912 0 0 0 0 0 0 0 0 0 0 0 
0 0 0.0061800128 0 0 0 0 0 0 0 0 0 0.0005512238 0.0010722286 0 0.0231232408 0.3160365576 0 0 0 0 0 0 0 0 0 0 0.0004695609 0 0 0 0 0 0 0 0 0 0 0 0 0 0 0 0 0 0 0 0 0 0.6525671756 
0 0 0 0.7645452301 0 0 0 0 0 0.1814849484 0 0 0 0 0 0.0007490013 0 0.0030461656 0 0 0 0 0 0 0 0 0.0401670046 0 0 0 0 0 0 0 0 0 0 0 0 0 0 0 0 0 0 0 0.0096043186 0.0004033314 0 0 
0 0 0 0.3993654536 0 0 0 0 0 0 0 0 0 0 0 0 0 0 0 0 0 0.0359086304 0 0 0 0 0.5493971177 0 0 0 0 0 0 0 0 0.0153287982 0 0 0 0 0 0 0 0 0 0 0 0 0 0 
0 0 0 0 0 0 0 0 0 0 0.4119103303 0 0 0 0 0 0 0 0 0 0 0 0 0 0 0 0 0.0014791287 0 0 0 0 0.2161764567 0.1222424094 0 0 0 0 0 0 0.1867739035 0 0 0 0.0614177713 0 0 0 0 0 
0 0 0 0 0 0 0 0 0 0 0 0 0.0025129776 0 0 0 0 0 0 0 0 0 0 0 0 0 0 0 0 0 0 0 0 0 0 0 0 0.9974870224 0 0 0 0 0 0 0 0 0 0 0 0 
0 0 0 0.2747191623 0 0.0549692810 0 0 0 0.0032010917 0 0 0 0 0 0 0 0 0 0 0 0 0 0.0475151459 0 0 0 0 0 0 0 0 0 0 0 0 0 0 0 0 0 0 0 0 0 0 0.6109653207 0 0 0.0086299984 
0.0986902951 0 0 0 0 0 0 0.0820865583 0 0 0 0.4797403631 0 0 0.2229361527 0 0 0 0 0 0 0 0.0022833189 0 0 0 0 0 0 0.0500770430 0 0 0 0 0 0 0 0 0 0 0 0 0 0 0 0.0641862689 0 0 0 0 
0 0 0.1980804841 0 0 0 0 0 0 0 0 0 0 0 0 0.0147855219 0 0 0 0 0 0 0 0 0 0 0 0 0 0 0 0 0 0 0 0 0 0 0 0.0142973509 0 0 0 0 0 0 0.7575815969 0 0 0.0152550463 
0 0 0.0060805012 0 0 0 0 0 0 0.0011371617 0 0.5738501147 0 0.2288790650 0 0 0 0 0 0 0 0 0 0 0 0 0 0.0016372239 0 0 0 0 0 0 0 0 0 0 0 0 0 0 0 0 0 0.1854171254 0.0029988081 0 0 0 
0 0 0 0 0 0 0 0 0 0 0 0 0 0 0 0 0 0 0 0 0.9863511173 0 0 0 0 0.0136488827 0 0 0 0 0 0 0 0 0 0 0 0 0 0 0 0 0 0 0 0 0 0 0 0 
0 0 0 0 0 0 0 0 0 0 0 0 0 0 0 0 0 0 0 0 0 0 0 0 0 0.8969294132 0 0 0 0 0 0 0 0 0 0 0 0 0 0 0 0 0 0 0 0 0.1030705868 0 0 0 
0 0 0 0 0 0 0 0.7693957059 0 0 0 0 0 0 0 0 0.2183506353 0 0 0 0 0.0122536588 0 0 0 0 0 0 0 0 0 0 0 0 0 0 0 0 0 0 0 0 0 0 0 0 0 0 0 0 
0 0 0 0 0 0.6539579267 0 0 0 0.1366652722 0 0 0 0 0 0 0 0 0 0 0 0 0 0 0 0 0.0075548451 0.0013767984 0 0 0 0 0 0 0 0 0 0.0036334487 0 0 0.0124158456 0 0.0007309259 0.0014065039 0 0 0.0044734166 0 0.1777850170 0 
0 0.6676029657 0 0 0.0007983074 0.0709885340 0 0 0 0 0 0.0145676048 0 0 0.1561443326 0 0 0.0502497076 0 0 0 0.0011357887 0 0.0008038358 0 0 0.0052625027 0.0026703199 0 0.0171241335 0 0 0 0 0 0 0 0 0.0039978027 0 0 0 0.0011874260 0 0.0074667387 0 0 0 0 0 
0 0 0.9999999173 0 0 0 0.0000000012 0 0 0 0 0 0 0 0 0.0000000650 0 0 0 0 0 0 0 0 0 0 0 0.0000000005 0 0 0 0 0 0 0 0 0.0000000006 0 0 0.0000000153 0 0 0 0 0 0 0 0 0 0 
0 0 0 0.0140231935 0 0 0 0 0 0 0 0 0 0 0 0 0 0 0 0.0532002436 0.0687887152 0.0085754284 0 0.0166198130 0 0 0 0.0005612100 0 0 0.3206400710 0 0.0747230897 0 0 0 0 0 0 0 0 0 0 0 0 0 0.4290521763 0 0.0138160593 0 
0 0 0 0 0 0 0 0 0 0 0 0 0 0 0 0 0 0 0 0 0 0 0 0 0 0 0 0 0 0 0 0 0 0 0 0 0 0 0 1.0000000000 0 0 0 0 0 0 0 0 0 0 
0 0 0.4627572805 0 0.0007791323 0.0008242577 0.1674565520 0 0 0.0033229698 0.0195907504 0 0 0 0 0 0 0 0 0 0 0.0016785468 0 0.0015214926 0.2330921564 0 0 0.0063792566 0 0 0 0 0 0 0.0984838552 0 0 0 0 0 0 0.0009345219 0.0020632693 0 0.0011159587 0 0 0 0 0 
0 0 0 0 0 0 0 0 0 0 0 0 0 0.0026397705 0 0 0 0 0 0 0 0 0 0 0 0 0 0 0 0 0 0 0 0 0 0 0 0 0.0054482264 0 0 0 0 0 0 0 0.9919120031 0 0 0 
0 0.2599754261 0.0092982521 0 0 0 0 0 0 0.0073089897 0 0 0.0030198481 0.0217400704 0 0.0055517596 0 0 0.0961427732 0 0 0 0 0 0 0.0005763276 0 0.0012451891 0 0 0 0 0 0 0 0 0 0 0 0 0 0 0.0005216141 0 0 0 0.5946197500 0 0 0 
0 0.6430230669 0.2217342534 0 0 0 0 0 0 0 0 0 0 0 0 0 0 0 0 0 0 0.0008753714 0.0053743213 0 0 0 0 0.0022958171 0 0 0 0.0705326469 0 0 0 0 0 0 0 0 0 0 0.0009371161 0 0 0 0.0418836984 0 0 0.0133437084 
0 0.0010238210 0 0 0.0014280508 0 0 0 0 0 0 0 0 0 0 0 0.3062636606 0.0523378314 0 0 0 0.0028832031 0 0.0019156751 0 0 0 0.0057843445 0 0.6222466605 0 0 0 0 0 0 0 0 0 0 0 0 0.0039268826 0 0.0021898704 0 0 0 0 0 
0 0 0.7348015820 0 0 0 0 0 0 0.1745315141 0 0 0 0 0 0 0 0 0 0 0.0640002487 0 0 0 0 0 0 0 0 0 0 0 0 0 0 0 0 0 0 0 0 0 0 0 0 0 0.0026000281 0 0 0.0240666270 
0 0 0 0 0 0 0 0 0 0 0 0 0 0 0 0 0.1461023868 0 0 0 0 0 0.0132692761 0 0 0 0 0.0013285282 0 0 0 0 0 0 0 0 0 0.5938972015 0 0 0.2420166425 0 0 0 0 0 0 0 0.0033859650 0 
0 0 0 0 0 0 0 0 0 0 0 0 0 0.2028178329 0 0 0.0107185387 0 0 0 0 0 0 0 0 0 0 0 0 0 0 0.0175932794 0 0 0 0.6801718837 0 0 0 0.0752351565 0 0 0 0 0 0 0 0 0 0.0134633088 
0 0 0 0 0 0 0 0 0 0 0 0.0322781188 0 0 0 0 0 0 0 0 0 0 0 0 0 0.0006408691 0 0 0 0 0.0172618795 0 0 0 0 0 0 0.9498191325 0 0 0 0 0 0 0 0 0 0 0 0 
0 0.0074184253 0 0 0 0 0 0 0 0 0.2065640652 0 0.0404314372 0 0 0.0141938783 0 0 0 0.2130001103 0 0 0 0 0 0 0 0.0021795911 0 0 0 0 0 0 0 0 0 0 0 0.0026676754 0.4778322443 0 0.0010980975 0 0 0 0 0 0 0.0346144755 
0 0 0 0 0 0 0 0 0 0 0 0 0 0.0045547485 0 0 0 0 0 0 0.9954452515 0 0 0 0 0 0 0 0 0 0 0 0 0 0 0 0 0 0 0 0 0 0 0 0 0 0 0 0 0 
0 0 0 0 0 0 0 0 0 0.0193929216 0 0.0769054977 0 0 0.8413355983 0 0 0 0 0 0.0623659825 0 0 0 0 0 0 0 0 0 0 0 0 0 0 0 0 0 0 0 0 0 0 0 0 0 0 0 0 0 
0 0 0 0 0 0 1.0000000000 0 0 0 0 0 0 0 0 0 0 0 0 0 0 0 0 0 0 0 0 0 0 0 0 0 0 0 0 0 0 0 0 0 0 0 0 0 0 0 0 0 0 0 
0 0 0 0 0 0 0.0051736058 0 0 0 0 0 0.9289875487 0 0 0.0116746543 0.0091323853 0 0 0 0 0 0 0 0 0 0 0 0 0 0 0 0 0 0 0 0 0 0 0.0450318060 0 0 0 0 0 0 0 0 0 0 
0 0 0 0.0943473222 0 0 0.8740697040 0 0 0 0 0 0 0 0 0 0 0 0 0 0 0 0 0 0 0 0 0 0 0 0 0 0 0 0 0 0 0 0 0 0 0 0 0 0 0 0.0315829738 0 0 0 
0 0 0 0 0 0 0 0 0 0.3490965717 0 0 0.5002912127 0 0 0 0 0 0 0 0 0 0 0 0 0 0 0 0 0 0 0 0 0 0 0 0 0 0 0 0 0 0 0 0 0 0.1506122156 0 0 0 
0 0 0 0 0 0 0.0027845323 0 0 0 0 0 0.1761985995 0 0 0.0056498448 0 0 0.5471052292 0 0 0 0 0 0 0 0 0 0 0 0 0 0 0 0 0 0 0 0 0.2682617941 0 0 0 0 0 0 0 0 0 0 
0 0 0 0 0 0 0 0 0 0 0 0 0.8094789968 0 0 0 0 0 0 0 0 0 0 0 0 0 0 0 0 0 0 0 0 0.1905210032 0 0 0 0 0 0 0 0 0 0 0 0 0 0 0 0 
0 0 0 0 0 0 0 0 0 0 0 0 0.0090100765 0 0 0.9304001495 0 0 0 0 0 0 0 0 0 0 0 0 0 0 0 0 0 0 0.0605897740 0 0 0 0 0 0 0 0 0 0 0 0 0 0 0 
0 0 0 0 0 0 0 0 0 0 0 0 0.9374856949 0 0 0 0 0 0 0 0 0 0 0 0 0 0 0 0 0 0 0 0 0 0 0 0 0 0 0 0 0 0 0 0 0 0.0625143051 0 0 0 
0 0 0 0 0 0 0 0 0 0 0 0 0 0 0 0 0 0 0 0 0 0 0 0 0 0 0 0 0 0 0 0 0 0 0 0 1.0000000000 0 0 0 0 0 0 0 0 0 0 0 0 0 
0 0 0 0 0 0 0 0 0 0 0 0 1.0000000000 0 0 0 0 0 0 0 0 0 0 0 0 0 0 0 0 0 0 0 0 0 0 0 0 0 0 0 0 0 0 0 0 0 0 0 0 0 
0 0 0 0 0 0 0 0 0 0 0 0 0 0 0 0 0 0 0 0 0 0 0.4218477478 0 0 0 0 0 0 0 0 0 0 0 0 0 0.0027008057 0 0 0.5754514465 0 0 0 0 0 0 0 0 0 0 
0 0 0 0 0 0 0 0 0 0 0 0 0.2619336342 0 0 0.0050118631 0 0 0 0 0.0002005124 0 0 0 0 0 0 0 0 0 0 0 0 0 0.7286054832 0 0 0 0 0.0042485071 0 0 0 0 0 0 0 0 0 0 
0 0 0 0 0 0 0.0265988414 0 0 0 0 0 0.0154618623 0 0 0.1871399590 0 0 0 0 0 0 0.0653734191 0 0 0 0 0 0 0 0 0 0 0 0 0 0.1038160033 0.5693570697 0 0.0220730170 0 0 0 0 0 0 0 0.0101798283 0 0 
0 0 0 0 0 0 0 0 0 0 0 0 0.9526686799 0 0 0 0 0 0 0 0 0 0 0 0 0 0 0 0 0 0 0 0 0 0 0 0 0 0 0 0 0 0 0 0 0 0 0 0.0473313201 0 
0 0 0 0 0 0 0 0 0 0 0 0 0 0 0 0 0 0 0 0 1.0000000000 0 0 0 0 0 0 0 0 0 0 0 0 0 0 0 0 0 0 0 0 0 0 0 0 0 0 0 0 0 
0 0 0 0 0 0 0.9769401210 0 0 0 0 0 0 0 0 0.0000000020 0 0 0.0230598450 0 0 0 0 0 0 0.0000000321 0 0 0 0 0 0 0 0 0 0 0 0 0 0 0 0 0 0 0 0 0 0 0 0 
0 0 0.6178804694 0 0 0 0 0 0 0 0 0 0 0 0 0 0 0 0 0 0 0 0 0 0 0 0 0 0 0 0 0 0 0 0 0 0.3821195306 0 0 0 0 0 0 0 0 0 0 0 0 0 
0 0 0 0 0 0 0 0 0 0 0 0 0 0 0 0.2206509386 0 0 0 0 0 0 0.0022889498 0 0 0 0 0 0 0 0 0 0 0 0 0 0.7687583014 0 0 0.0065875045 0 0 0 0 0 0 0 0.0017143056 0 0 
0 0 0 0.0455757858 0.0000000011 0 0 0 0 0 0 0 0.0000001720 0 0 0 0 0 0 0 0 0 0 0 0 0 0.0438181415 0 0 0 0 0 0 0 0 0 0.9106058996 0 0 0 0 0 0 0 0 0 0 0 0 0 
0 0 0 0 0 0 1.0000000000 0 0 0 0 0 0 0 0 0 0 0 0 0 0 0 0 0 0 0 0 0 0 0 0 0 0 0 0 0 0 0 0 0 0 0 0 0 0 0 0 0 0 0 
0 0 0 0 0 0 0.2252021164 0 0 0 0.3408982124 0 0 0 0 0 0 0 0 0 0.0092993628 0 0.0424617865 0 0 0 0 0 0 0 0 0 0 0 0 0 0 0 0 0.3821385220 0 0 0 0 0 0 0 0 0 0 
0 0 0 0 0 0 1.0000000000 0 0 0 0 0 0 0 0 0 0 0 0 0 0 0 0 0 0 0 0 0 0 0 0 0 0 0 0 0 0 0 0 0 0 0 0 0 0 0 0 0 0 0 
0 0 0 0 0 0 0 0 0 0 0 0 0 0 0 1.0000000000 0 0 0 0 0 0 0 0 0 0 0 0 0 0 0 0 0 0 0 0 0 0 0 0 0 0 0 0 0 0 0 0 0 0 
0 0 0 0 0 0 0.0000000026 0 0 0 0 0 0 0 0 0 0 0 0 0 0 0 0.9999999538 0 0 0 0 0 0 0 0 0 0 0 0 0 0 0 0 0.0000000436 0 0 0 0 0 0 0 0 0 0 
0 0 0 0 0 0 0 0 0 0 0 0 0 0 0 0 0 0 0 0 0 0 1.0000000000 0 0 0 0 0 0 0 0 0 0 0 0 0 0 0 0 0 0 0 0 0 0 0 0 0 0 0 
0 0 0 0 0 0 0.0992412947 0 0 0 0 0 0 0 0 0.8989140073 0 0 0.0018446979 0 0 0 0 0 0 0 0 0 0 0 0 0 0 0 0 0 0 0 0 0 0 0 0 0 0 0 0 0 0 0 
0 0 0 0 0 0 0 0 0 0 0 0 0 0 0 0 0 0 0 0 0 0 0 0 0 0 0 0 0 0 0 0 0 0 1.0000000000 0 0 0 0 0 0 0 0 0 0 0 0 0 0 0 
0 0 0 0 0 0 0 0 0 0 0 0 0 0 0 0.8917509607 0 0 0 0 0 0 0 0 0 0 0 0 0 0 0 0 0 0 0 0 0 0 0 0 0 0 0 0 0 0 0.1082490393 0 0 0 
0 0 0 0 0 0 0 0 0 0 0 0 0 0 0 0 0 0 0 0 0 0 0.8516256425 0 0 0.0167164575 0.1316578999 0 0 0 0 0 0 0 0 0 0 0 0 0 0 0 0 0 0 0 0 0 0 0 
0 0 0 0 0 0 0 0 0 0 0 0 0.9269839176 0 0 0 0 0 0 0 0 0 0 0 0 0 0 0 0 0 0 0 0 0 0.0098682187 0 0 0 0 0.0631478637 0 0 0 0 0 0 0 0 0 0 
0 0 0 0 0 0 0 0 0 0 0 0 0.0020983374 0.0017767679 0 0.7879104744 0 0 0 0 0.2014433405 0 0 0 0 0 0 0 0 0 0 0 0 0 0 0 0 0 0 0 0 0 0 0 0 0.0067710798 0 0 0 0 
0 0 0 0 0 0 0 0 0 0 0 0 0 0 0 0 0 0 0 0 0 0 1.0000000000 0 0 0 0 0 0 0 0 0 0 0 0 0 0 0 0 0 0 0 0 0 0 0 0 0 0 0 
0 0 0 0 0 0 0 0 0 0 0 0 0.2236489054 0.7496496419 0 0 0 0 0 0 0 0 0 0 0 0 0 0 0 0 0 0 0 0 0.0267014528 0 0 0 0 0 0 0 0 0 0 0 0 0 0 0 
0 0 0 0 0 0 0 0 0 0 0 0 0 0 0 0 0 0 0 0 0 0 0 0 0 0 0 0 0 0 0 0 0 0 0 0 0 0 0 0 0 0 0 0 0 0 0 0 1.0000000000 0 
0 0 0 0 0 0 0.0204098640 0 0 0 0 0 0.6762651056 0 0 0.0122247344 0 0 0 0 0.0251052130 0 0.0369882621 0 0 0 0 0 0 0 0 0 0 0 0 0 0 0 0 0.2290068209 0 0 0 0 0 0 0 0 0 0 
0 0 0 0 0 0 0.0918413050 0 0 0 0 0 0.0544558126 0 0 0.0417614222 0 0 0 0 0 0 0 0 0 0 0 0 0 0 0 0 0 0 0.0585771818 0 0 0 0 0.7533642784 0 0 0 0 0 0 0 0 0 0 
0 0 0 0 0 0 0 0 0 0 0 0 0 0 0 0 0 0 0 0 0 0 0 0 0 0 0 0 0 0 0 0 0 0 0 0 1.0000000000 0 0 0 0 0 0 0 0 0 0 0 0 0 
0 0 0 0 0 0 0 0 0 0 0 0 0 0 0 0 0 0 1.0000000000 0 0 0 0 0 0 0 0 0 0 0 0 0 0 0 0 0 0 0 0 0 0 0 0 0 0 0 0 0 0 0 
0 0 0 0 0 0 0 0 0 0 0 0 0.2101454245 0 0 0.7898545755 0 0 0 0 0 0 0 0 0 0 0 0 0 0 0 0 0 0 0 0 0 0 0 0 0 0 0 0 0 0 0 0 0 0 
0 0 0 0 0 0 0 0 0 0 0 0 0 0 0 0 0 0 0 0 0 0 0 0 0 0 0 0 0 0 0 0 0 0 1.0000000000 0 0 0 0 0 0 0 0 0 0 0 0 0 0 0 
0 0 0 0 0 0 0 0 0 0 0 0 0 0.3374348620 0 0 0 0 0 0 0 0 0 0 0 0 0 0 0 0 0 0 0 0 0 0 0.2489647149 0 0 0.4136004232 0 0 0 0 0 0 0 0 0 0 
0 0 0 0 0 0 0.5661809546 0 0 0 0 0 0.0076241369 0 0 0.0045327854 0 0 0 0 0 0.0036934770 0 0 0 0 0 0 0 0 0 0 0 0.0170854738 0.0565869532 0 0 0 0 0.3442962191 0 0 0 0 0 0 0 0 0 0 
0 0 0 0 0 0 0.3612511841 0 0 0 0 0 0 0 0 0.5957603566 0 0 0 0 0 0 0 0 0 0 0 0 0 0 0 0 0 0 0 0 0 0 0 0.0429884593 0 0 0 0 0 0 0 0 0 0 
0 0 0 0 0 0 0 0 0 0 0 0 0 0 0 0.1059442923 0 0 0 0 0 0 0.0389453823 0 0 0 0 0 0 0 0 0 0 0 0 0 0 0 0 0.8551103254 0 0 0 0 0 0 0 0 0 0 
0 0 0 0 0 0 0 0 0 0 0 0 0.8488041683 0.0071411133 0 0 0 0 0.1440547184 0 0 0 0 0 0 0 0 0 0 0 0 0 0 0 0 0 0 0 0 0 0 0 0 0 0 0 0 0 0 0 
0 0 0 0 0 0 0.0025616667 0 0 0 0 0 0.8502606412 0 0 0 0 0 0 0 0.0012288461 0 0 0 0 0 0 0 0 0 0 0 0 0 0 0 0.0401302925 0 0 0.1058185536 0 0 0 0 0 0 0 0 0 0 
0 0 0 0 0 0 0 0 0 0 0 0 0 0 0 0.0171976398 0 0 0.0544998708 0 0 0 0 0 0 0 0 0 0 0 0 0 0 0 0 0 0.9274906015 0 0 0.0008118880 0 0 0 0 0 0 0 0 0 0 
0 0 0 0 0 0 0 0 0 0 0 0 0 0 0 1.0000000000 0 0 0 0 0 0 0 0 0 0 0 0 0 0 0 0 0 0 0 0 0 0 0 0 0 0 0 0 0 0 0 0 0 0 
0 0 0 0 0 0 0.1278353230 0 0 0 0 0 0 0 0 0.0081246108 0 0 0 0 0.8640400662 0 0 0 0 0 0 0 0 0 0 0 0 0 0 0 0 0 0 0 0 0 0 0 0 0 0 0 0 0 
0 0 0 0 0 0 0.0043777224 0 0 0 0 0 0 0.0441154057 0 0.7638577026 0 0 0 0 0 0 0 0 0 0 0 0 0 0 0 0 0 0 0 0 0 0 0 0 0 0 0 0 0 0 0 0.1849889107 0 0.0026602585 
0 0 0 0 0 0 0 0 0 0 0 0 0 0 0 0 0 0 0 0 0 0 0 0 0 0 0 0 0 0 0 0 0 0 0 0 0.9107494007 0 0 0.0892505993 0 0 0 0 0 0 0 0 0 0 
0 0 0 0 0 0 1.0000000000 0 0 0 0 0 0 0 0 0 0 0 0 0 0 0 0 0 0 0 0 0 0 0 0 0 0 0 0 0 0 0 0 0 0 0 0 0 0 0 0 0 0 0 
0 0 0 0 0 0 0.1974206847 0 0 0 0 0 0.1327957071 0 0 0.3701666266 0 0 0 0 0 0 0 0 0 0 0 0 0 0 0 0 0 0 0 0 0 0 0 0.2996169816 0 0 0 0 0 0 0 0 0 0 
0 0 0 0 0 0 0 0 0 0 0 0 0 0 0 1.0000000000 0 0 0 0 0 0 0 0 0 0 0 0 0 0 0 0 0 0 0 0 0 0 0 0 0 0 0 0 0 0 0 0 0 0 
0 0 0 0 0 0 0 0 0 0 0 0 0.1247999499 0 0 0 0 0 0 0 0 0 0.1503657398 0 0 0 0 0 0 0 0 0 0 0 0 0 0 0 0 0.7248343103 0 0 0 0 0 0 0 0 0 0 
0 0 0.0146405244 0 0 0 0 0 0 0 0 0 0.0016615861 0 0 0.3690489835 0 0 0 0 0 0 0 0 0 0 0 0 0 0 0 0 0 0 0 0 0 0 0 0 0 0 0 0 0 0 0 0 0.6146489060 0 
0 0 0 0 0 0 0.9999999520 0 0 0 0.0000000432 0 0 0 0 0.0000000044 0 0 0 0 0 0 0.0000000005 0 0 0 0 0 0 0 0 0 0 0 0 0 0 0 0 0 0 0 0 0 0 0 0 0 0 0 
0 0 0 0 0 0 0.9999998744 0 0 0 0 0 0.0000000321 0 0 0.0000000087 0 0 0 0 0 0 0 0 0 0 0 0 0 0 0 0 0 0 0 0 0 0 0 0.0000000848 0 0 0 0 0 0 0 0 0 0 
0 0 0 0 0 0 0 0 0 0 0 0 0 0 0 0.0014124347 0 0 0 0 0.0636246233 0 0.7849960821 0 0 0 0 0 0 0 0 0 0 0 0.1499668599 0 0 0 0 0 0 0 0 0 0 0 0 0 0 0 
0 0 0 0 0 0 1.0000000000 0 0 0 0 0 0 0 0 0 0 0 0 0 0 0 0 0 0 0 0 0 0 0 0 0 0 0 0 0 0 0 0 0 0 0 0 0 0 0 0 0 0 0 
0 0 0.8599341380 0 0 0 0 0 0 0 0 0 0 0.0011842000 0 0 0 0 0 0 0 0 0.1304234542 0 0 0 0 0 0 0 0 0 0 0 0 0 0.0017093866 0 0 0.0067488213 0 0 0 0 0 0 0 0 0 0 
0 0 0 0 0 0 0 0 0 0 0 0 0 0 0 0 0 0 0 0 0 0 0 0 0 0 0 0 0 0 0 0 0 0 1.0000000000 0 0 0 0 0 0 0 0 0 0 0 0 0 0 0 
0 0 0 0 0 0 0.0510986332 0 0 0 0 0 0 0 0 0 0 0 0 0 0.0000501433 0 0 0 0 0 0 0 0 0 0 0 0 0 0.9469760663 0 0 0 0 0.0018751571 0 0 0 0 0 0 0 0 0 0 
0 0 0 0 0 0 0 0 0 0 0 0 0 0 0 0 0 0 0 0 0 0 0 0 0 0 0 0 0 0 0 0 0 0 0 0 0 0 0 0 0 0 0 0 0 0 0 1.0000000000 0 0 
0 0 0 0 0 0 0 0 0 0 0 0 0.0037715993 0 0 0 0 0 0 0 0 0 0 0 0 0 0 0 0 0 0 0 0 0 0 0 0 0 0 0.4276076203 0 0 0 0 0 0 0 0.5686207804 0 0 
0 0 0 0 0 0 0 0 0 0 0 0 0 0 0 0 0 0 0 0 0 0 0 0 0 0 0 0 0 0 0 0 0 0 0 0 1.0000000000 0 0 0 0 0 0 0 0 0 0 0 0 0 
0 0 0 0 0 0 0.0011596680 0 0 0 0.6705368702 0 0.0716326205 0 0 0 0 0 0 0 0 0 0 0 0 0 0 0 0 0 0 0 0 0 0 0 0 0 0 0.2566708413 0 0 0 0 0 0 0 0 0 0 
0 0 0 0 0 0 0.0032811265 0 0 0 0 0 0.5992244761 0 0 0 0 0 0 0 0.3213669068 0 0 0 0 0 0 0 0 0 0 0 0 0 0 0 0 0 0 0 0 0 0 0 0 0 0.0761274905 0 0 0 
0 0 0 0 0 0 0 0 0 0 0 0 0 0 0 0.9226328547 0 0 0 0 0 0 0 0 0 0 0.0773671453 0 0 0 0 0 0 0 0 0 0 0 0 0 0 0 0 0 0 0 0 0 0 0 
0 0 0 0 0 0 0.0000000016 0 0 0 0 0 0 0 0 0 0 0 0 0 0 0 0.9999999738 0 0 0 0 0 0 0 0 0 0 0 0 0 0 0 0 0.0000000246 0 0 0 0 0 0 0 0 0 0 
0 0 0 0 0 0 0 0 0 0 0 0 0 0 0 0.9011871781 0 0 0 0 0 0 0 0 0 0 0 0 0 0 0 0 0 0 0.0798791625 0 0.0189336594 0 0 0 0 0 0 0 0 0 0 0 0 0 
0 0 0 0 0 0 0.9912417214 0 0 0 0 0 0 0 0 0 0 0 0 0 0 0 0 0 0 0 0 0 0 0 0 0 0 0 0 0 0 0 0 0.0087582786 0 0 0 0 0 0 0 0 0 0 
0 0 0 0 0 0 0 0 0 0 0 0 0 0 0 0.9852604587 0 0 0 0 0 0 0 0 0 0 0 0 0 0 0 0 0 0 0.0147395413 0 0 0 0 0 0 0 0 0 0 0 0 0 0 0 
0 0 0 0 0 0 0 0 0 0 0 0 0.9761664979 0 0 0 0 0 0 0 0 0 0 0 0 0 0 0 0 0 0 0 0 0.0238335021 0 0 0 0 0 0 0 0 0 0 0 0 0 0 0 0 
0 0 0 0 0 0 0.8172090183 0 0 0 0 0 0 0 0 0.0135571742 0 0.1482853117 0 0 0 0 0 0 0 0 0 0 0 0 0 0 0 0 0.0157605074 0 0 0 0 0 0 0 0 0 0 0 0.0051879883 0 0 0 
0 0 0 0 0 0 0 0 0 0 0 0 0 0 0 0.0427708648 0 0 0 0 0 0 0 0 0 0 0 0 0 0 0 0 0 0 0 0 0.8732297660 0 0 0.0839993691 0 0 0 0 0 0 0 0 0 0 
0 0 0 0 0 0 0 0 0 0 0 0 0 0 0 1.0000000000 0 0 0 0 0 0 0 0 0 0 0 0 0 0 0 0 0 0 0 0 0 0 0 0 0 0 0 0 0 0 0 0 0 0 
0 0 0 0 0 0 0 0 0 0 0 0 0 1.0000000000 0 0 0 0 0 0 0 0 0 0 0 0 0 0 0 0 0 0 0 0 0 0 0 0 0 0 0 0 0 0 0 0 0 0 0 0 
0 0 0 0 0 0 0 0 0 0 0 0 0 0 0 0.6670517306 0 0 0 0 0 0 0.0832733812 0 0 0 0 0 0 0 0 0 0 0.0739077792 0 0 0 0 0 0 0 0 0 0.1757671090 0 0 0 0 0 0 
0 0 0 0 0 0 0 0 0 0 0 0 0 0 0 0 0 0 0 0 0 0 1.0000000000 0 0 0 0 0 0 0 0 0 0 0 0 0 0 0 0 0 0 0 0 0 0 0 0 0 0 0 
0 0 0 0 0 0 0 0 0 0 0 0 0 0 0 0 0 0 0 0 0.9392001688 0 0 0 0 0 0 0 0 0 0 0 0 0 0 0 0.0607998312 0 0 0 0 0 0 0 0 0 0 0 0 0 
0 0 0 0 0 0 0 0 0 0 0 0 1.0000000000 0 0 0 0 0 0 0 0 0 0 0 0 0 0 0 0 0 0 0 0 0 0 0 0 0 0 0 0 0 0 0 0 0 0 0 0 0 
0 0 0 0 0 0 0 0 0 0.3070246458 0 0 0 0 0 0 0 0 0 0 0 0 0.6929753542 0 0 0 0 0 0 0 0 0 0 0 0 0 0 0 0 0 0 0 0 0 0 0 0 0 0 0 
0 0 0 0 0 0 0 0 0 0 0 0 0 0 0 0.0161418915 0 0 0 0 0 0 0 0 0 0 0 0 0 0 0 0 0 0 0 0 0.0013555363 0 0 0.9825025722 0 0 0 0 0 0 0 0 0 0 
0 0 0 0 0 0 0 0 0 0 0 0 0 0 0 0 0 0 0 0 0 0 1.0000000000 0 0 0 0 0 0 0 0 0 0 0 0 0 0 0 0 0 0 0 0 0 0 0 0 0 0 0 
0 0 0 0 0 0 1.0000000000 0 0 0 0 0 0 0 0 0 0 0 0 0 0 0 0 0 0 0 0 0 0 0 0 0 0 0 0 0 0 0 0 0 0 0 0 0 0 0 0 0 0 0 
0 0 0 0 0 0 0 0 0 0.4133665421 0 0 0 0 0 0.0014633606 0 0 0 0 0 0 0.0069112388 0 0 0 0 0.0011051035 0 0 0 0 0 0 0 0 0 0 0 0 0 0 0 0 0 0 0 0.0027586000 0 0.5743951550 
0 0 0 0 0 0 0 0 0 0 0 0 0 0 0 0 0 0 0 0 0 0 0 0 0 0 0 0 0 0 0 0 0 0 0 0 1.0000000000 0 0 0 0 0 0 0 0 0 0 0 0 0 
0 0 0 0 0 0 0 0 0 0 0 0 0 0.0204519323 0 0.7807693582 0 0 0 0 0 0 0 0 0 0 0 0 0 0 0 0 0 0 0 0 0 0 0 0 0 0 0 0 0 0 0 0.1987787095 0 0 
0 0 0.0000001465 0 0 0 0 0 0 0 0 0 0 0 0 0 0.0000000040 0 0 0 0 0 0 0 0 0 0 0 0 0 0 0 0 0 0.1893197812 0 0.8106800357 0 0 0.0000000325 0 0 0 0 0 0 0 0 0 0 
0 0 0 0 0 0 0.0081096450 0 0 0 0 0 0.1992794485 0 0 0 0 0 0 0 0 0 0 0 0 0 0 0 0 0 0 0 0 0 0 0 0 0 0 0.7904815494 0 0 0 0 0 0 0 0 0.0021293571 0 
0 0 0 0 0 0 0 0 0 0 0 0 0 0.0002844364 0 0 0 0 0.9705204153 0 0 0 0.0001221432 0 0 0 0 0 0 0 0 0 0 0 0 0 0 0 0 0 0 0 0 0 0 0 0.0290730050 0 0 0 
0 0 0 0 0 0 0.0024887267 0 0 0 0 0 0 0 0 0.0036621094 0 0 0 0 0 0 0.1245382607 0 0 0 0 0 0 0 0 0 0 0 0 0 0 0.8693109032 0 0 0 0 0 0 0 0 0 0 0 0 
0 0 0 0 0 0 0 0 0 0 0 0 0 0.0002395618 0 0.0061820111 0 0 0 0 0 0 0 0 0 0 0 0 0 0 0 0 0 0 0.8678255833 0 0 0 0 0.0004128062 0 0 0 0 0 0 0 0 0 0.1253400376 
0 0 0 0 0 0 0 0 0 0 0 0 0 0 0 0.1993669462 0 0 0 0 0 0 0.8006330538 0 0 0 0 0 0 0 0 0 0 0 0 0 0 0 0 0 0 0 0 0 0 0 0 0 0 0 
0 0 0 0 0 0 0 0 0 0 0 0 0 0 0 0 0 0 0 0 0 0 0 0 0 0 0 0 0 0 0 0 0 0 1.0000000000 0 0 0 0 0 0 0 0 0 0 0 0 0 0 0 
0 0 0 0 0 0 0 0 0 0 0 0 0.1687530634 0 0 0 0 0 0 0 0 0 0.0820629009 0 0 0 0 0 0 0 0 0 0 0 0 0 0 0.5693336170 0 0.1798504187 0 0 0 0 0 0 0 0 0 0 
0 0 0 0 0 0 0 0 0 0 0 0 1.0000000000 0 0 0 0 0 0 0 0 0 0 0 0 0 0 0 0 0 0 0 0 0 0 0 0 0 0 0 0 0 0 0 0 0 0 0 0 0 
0 0 0.8441563099 0 0 0 0 0 0 0 0 0 0.1416165102 0 0 0.0142271799 0 0 0 0 0 0 0 0 0 0 0 0 0 0 0 0 0 0 0 0 0 0 0 0 0 0 0 0 0 0 0 0 0 0 
0 0 0 0 0 0 1.0000000000 0 0 0 0 0 0 0 0 0 0 0 0 0 0 0 0 0 0 0 0 0 0 0 0 0 0 0 0 0 0 0 0 0 0 0 0 0 0 0 0 0 0 0 
