0.0021946650 0 0 0 0 0 0.0032640156 0 0 0 0 0 0.0054423104 0 0 0.0859515978 0.0127865133 0 0 0 0 0 0.0094064062 0 0 0 0 0 0 0.0065908701 0 0 0 0.0949299401 0 0 0 0 0 0.7794336815 0 0 0 0 0 0 0 0 0 0 
0 0 0 0 0 0 0 0 0 0 0 0 0 0 0 0 0 0 0 0 0 0 0 0 0 0 0 0 0 0 0 0.0794017392 0 0 0 0 0.0019234880 0.0115690301 0.0105675884 0.8913193042 0 0 0 0 0 0 0 0 0.0052188501 0 
0 0 0 0 0 0 0 0.3464908547 0 0 0 0 0 0 0.1100079957 0 0 0 0 0 0 0.0133697110 0 0 0 0 0.0069006221 0.0021044814 0 0 0.1705801437 0 0 0.0189722204 0 0 0 0 0 0.0323755924 0 0 0 0 0.2991983786 0 0 0 0 0 
0 0 0 0 0 0 0 0 0 0 0.0011052603 0 0 0 0 0 0.0047166262 0 0 0 0 0 0 0 0 0 0 0 0 0 0 0 0 0.0388656290 0.1665503417 0 0 0 0 0.7887621428 0 0 0 0 0 0 0 0 0 0 
0 0 0 0 0 0 0 0 0 0 0 0 0 0 0 0 0 0 0 0 0 0 0.0005766153 0 0 0 0.9994233847 0 0 0 0 0 0 0 0 0 0 0 0 0 0 0 0 0 0 0 0 0 0 0 
0.0064921087 0 0 0 0 0 0 0.0045650935 0 0 0 0 0 0 0 0 0.0096154777 0 0 0 0 0 0 0 0 0 0 0 0 0 0.1582087842 0.0092784455 0 0.2100489279 0.0095609484 0 0 0 0 0.5705531990 0 0 0 0.0189795980 0 0 0 0 0 0.0026974172 
0 0 0 0 0 0 0 0 0 0 0 0 0 0 0 0 0 0.5069937677 0 0 0 0 0.0004615166 0 0 0 0.2912613226 0 0 0.1693884740 0 0 0 0.0246959358 0.0034416500 0 0.0014353530 0 0 0 0 0 0 0 0 0 0 0.0023219803 0 0 
0 0 0 0 0.1423919500 0 0 0 0 0.1840457656 0 0 0 0 0 0 0 0 0 0.0224340559 0 0 0 0 0 0 0.6099535857 0 0 0 0 0 0 0 0 0 0 0.0411746428 0 0 0 0 0 0 0 0 0 0 0 0 
0 0 0 0 0 1.0000000000 0 0 0 0 0 0 0 0 0 0 0 0 0 0 0 0 0 0 0 0 0 0 0 0 0 0 0 0 0 0 0 0 0 0 0 0 0 0 0 0 0 0 0 0 
0.0044577836 0 0 0 0 0 0 0 0 0 0 0 0 0 0.0021118787 0 0 0 0 0 0 0 0 0 0 0 0 0 0 0 0 0.7633048414 0 0.1325347445 0 0 0 0 0 0 0 0 0 0.0842244837 0.0133662681 0 0 0 0 0 
0 0 0 0 0 0 0 0.0038328208 0 0 0 0 0 0 0 0 0.8940455791 0 0 0 0 0 0 0 0 0 0 0 0 0.0876450285 0 0 0 0.0144765715 0 0 0 0 0 0 0 0 0 0 0 0 0 0 0 0 
0 0 0 0 0.4858626970 0.0707875716 0 0 0 0 0 0 0 0 0.0122454231 0.0321937011 0 0 0 0 0 0 0 0 0 0.2721890208 0 0.0011233594 0.0010591870 0 0 0 0 0 0 0.0963162915 0 0 0 0 0 0.0069320594 0.0212906891 0 0 0 0 0 0 0 
0 0 0 0 0 0 0 0 0 0 0 0 0 0 0 0 0 0.9999999876 0 0 0 0 0 0 0 0 0.0000000124 0 0 0 0 0 0 0 0 0 0 0 0 0 0 0 0 0 0 0 0 0 0 0 
0 0 0 0 0 0 0.0016343559 0.0054931641 0 0 0 0 0 0 0 0 0.0355614777 0 0 0 0 0 0 0 0 0 0 0 0 0 0 0 0 0 0 0.1166485741 0 0 0 0.7416060422 0 0 0 0 0 0 0 0 0 0.0990563860 
0 0 0 0 0 0 0 0 0 0 0 0 0 0 0 0 0 0.9686239177 0 0 0 0 0 0 0 0 0.0313760823 0 0 0 0 0 0 0 0 0 0 0 0 0 0 0 0 0 0 0 0 0 0 0 
0 0 0 0 0 0 0 0 0 0 0 0 0 0 0 0.0404952568 0 0 0 0 0 0 0 0 0 0 0 0 0 0 0 0 0 0 0 0 0.0133560638 0 0 0.9461486794 0 0 0 0 0 0 0 0 0 0 
0 0 0 0 0 0 0 0 0 0 0 0 0 0 0 0 0 0 0 0 0 0 0 0 0 0 0 0 0 0 0 0 0 0 0 0 0 0 0 1.0000000000 0 0 0 0 0 0 0 0 0 0 
0 0.4509914417 0 0 0 0 0 0 0 0 0 0 0 0 0 0 0 0.0125799323 0 0 0 0 0 0 0 0 0 0 0 0.1892548588 0 0 0 0 0 0 0 0 0 0 0 0 0.3471737672 0 0 0 0 0 0 0 
0 0 0 0 0 0 0 0.1565022746 0 0 0 0 0 0 0 0 0 0 0 0 0 0 0.0065746571 0 0 0 0 0 0 0 0 0 0 0.2496634035 0 0 0 0 0 0.5775947521 0 0 0 0 0 0 0 0 0.0096649127 0 
0 0 0.0392142684 0 0 0 0 0 0 0 0 0 0 0.0091128216 0 0.1005805972 0.0208162360 0 0 0 0 0 0.0297987151 0 0 0 0 0.0010047645 0 0 0 0 0 0 0 0 0 0 0 0.3564218522 0 0 0 0 0 0.3714964151 0 0 0 0.0715543297 
0 0 0 0 0 0 0 0 0 0 0 0 0.0098514369 0 0 0 0 0 0 0 0 0 0 0 0 0 0 0 0 0 0 0 0 0 0 0 0 0 0 0.9901485631 0 0 0 0 0 0 0 0 0 0 
0 0 0 0 0 0 0 0 0 0 0 0 0 0 0 0 0.1230126652 0 0 0 0 0 0 0 0 0 0 0 0 0 0 0 0 0 0 0 0 0 0 0.4617152870 0 0 0 0 0 0.0857231079 0 0 0 0.3295489399 
0 0 0 0 0 0 0.0090928730 0 0 0 0 0 0 0.0006626295 0 0.1539246463 0 0 0 0 0 0 0 0 0 0 0 0 0 0 0 0 0 0 0.0009054932 0 0.0003193042 0 0 0.0107734037 0 0 0 0 0 0 0.0706003255 0 0 0.7537213247 
0 0 0.1244496921 0 0 0 0 0 0 0 0 0 0.0008503161 0 0 0 0.0175288218 0 0 0 0 0 0 0 0 0 0 0 0 0 0 0 0 0 0.0006847618 0 0 0 0 0.8531894086 0 0 0 0 0 0.0032969995 0 0 0 0 
0 0 0.0105361135 0 0 0.9894638865 0 0 0 0 0 0 0 0 0 0 0 0 0 0 0 0 0 0 0 0 0 0 0 0 0 0 0 0 0 0 0 0 0 0 0 0 0 0 0 0 0 0 0 0 
0 0 0 0 0 0 0 0 0 0 0 0 0.0331955475 0 0 0 0 0 0 0 0 0 0 0 0 0 0 0 0 0 0 0 0 0 0 0 0 0 0 0.9668044525 0 0 0 0 0 0 0 0 0 0 
0 0 0 0 0 0 0.0004682541 0 0 0 0 0 0 0 0 0 0 0 0 0 0 0 0 0 0 0 0 0 0 0 0 0 0 0 0 0 0 0 0 0.9415140022 0 0 0 0 0 0 0 0 0.0580177437 0 
0 0 0 0 0 0 0 0 0 0 0 0 0 0 0 0 0.0058562840 0 0 0 0 0 0 0 0 0 0 0 0 0 0 0.0461152164 0 0 0.1358292530 0 0 0.0182024133 0 0.6915128506 0 0 0 0 0 0 0 0.0988285125 0 0.0036554702 
0 0 0 0 0 0 0 0 0 0 0 0 0 0.1196767773 0 0 0 0 0.8731608786 0 0.0042238149 0 0 0 0 0 0 0 0 0 0 0 0 0 0.0029385291 0 0 0 0 0 0 0 0 0 0 0 0 0 0 0 
0 0 0 0 0 0 0 0.0017053227 0 0 0 0 0 0 0 0 0.6667696629 0 0 0 0 0 0 0 0 0 0 0 0 0 0 0 0 0 0.0019355134 0 0 0.0006713867 0 0.3289181144 0 0 0 0 0 0 0 0 0 0 
0 0 0 0 0 0 0 0.0122247840 0 0 0 0 0.0030343779 0 0 0 0.0532685584 0 0 0 0 0 0 0 0 0.0362803131 0 0 0 0 0 0.0133135034 0 0 0.0102523876 0 0 0 0.0054676128 0.8500759276 0 0 0 0 0.0160825352 0 0 0 0 0 
0 0 0 0 0 0 0.0009613534 0.0242121794 0 0 0 0 0 0 0 0 0.1476223999 0 0 0 0 0 0.0017410262 0 0 0 0 0 0 0 0 0 0 0 0 0 0.0042826464 0 0 0.8172867393 0 0 0 0 0 0 0 0 0 0.0038936554 
0 0 0 0 0 0 0 0 0 0 0.0017299242 0 0 0.9762296351 0 0.0220404407 0 0 0 0 0 0 0 0 0 0 0 0 0 0 0 0 0 0 0 0 0 0 0 0 0 0 0 0 0 0 0 0 0 0 
0 0 0 0 0 0 0 0 0 0 0 0 0.0200410618 0 0 0 0 0 0 0 0 0 0 0 0 0 0 0 0 0 0 0 0 0.0013556446 0 0 0 0 0 0.9786032935 0 0 0 0 0 0 0 0 0 0 
0 0 0.1661319866 0 0 0 0.0026992336 0 0 0 0 0 0 0 0 0 0.1992502002 0 0 0 0 0 0 0 0 0 0 0 0 0 0 0 0 0 0 0.2313710724 0 0 0 0.4005475072 0 0 0 0 0 0 0 0 0 0 
0 0 0.2420003871 0 0 0 0.0017072636 0 0 0 0.0703096408 0 0.0012654069 0 0 0 0.0042334614 0 0 0 0 0 0.0010583666 0 0 0 0 0 0 0 0 0 0 0 0 0 0.0013162133 0 0.3067587461 0.3713505143 0 0 0 0 0 0 0 0 0 0 
0 0 0 0 0 0 0 0.0533524249 0 0 0 0 0 0 0 0 0 0 0 0 0 0.6705297157 0 0 0 0 0 0 0 0 0 0 0 0 0 0 0 0 0 0.2737116439 0 0 0 0 0 0 0 0.0012440345 0.0011621809 0 
0 0 0 0 0 0 0 0.0391672956 0 0 0 0 0 0 0 0 0.0061731291 0 0 0 0 0 0.0059998332 0 0 0 0 0 0 0 0 0.0639019385 0 0 0 0 0 0 0 0.8847578036 0 0 0 0 0 0 0 0 0 0 
0 0 0 0 0 0 0 0 0 0 0 0 0 0.0010469382 0 0 0.5477855336 0 0 0 0 0 0 0 0 0 0 0 0 0 0 0 0 0.0140413888 0 0 0.0777843735 0 0 0.3593417659 0 0 0 0 0 0 0 0 0 0 
0 0 0 0 0 0 0 0 0 0 0 0 0 0 0 0.2485880687 0.0093800629 0 0 0 0 0 0 0 0 0 0 0 0 0 0 0 0 0 0 0 0 0 0 0.4844595533 0 0 0 0 0 0 0 0.1412014120 0.0064391898 0.1099317133 
0 0 0 0 0 0 0 0.0021019315 0 0 0 0 0.0028567207 0 0 0 0.2167080752 0 0 0 0.1618702618 0 0 0 0 0 0 0 0 0 0 0.1969817101 0 0 0 0.3580195092 0 0 0 0.0068163116 0 0 0 0 0 0.0009151114 0 0 0.0037226724 0.0500076961 
0 0 0 0 0 0 0 0 0 0 0 0 0.0607343946 0 0 0 0 0 0 0 0 0 0.0511413388 0 0 0 0 0 0 0 0 0 0 0 0 0 0 0 0 0.8881242666 0 0 0 0 0 0 0 0 0 0 
0 0 0 0 0 0 0 0.0194286263 0 0 0 0 0 0 0 0 0.0069965177 0 0 0 0 0 0 0 0 0 0 0 0 0 0 0 0 0.0906903127 0 0 0.0011396183 0 0 0.8817449250 0 0 0 0 0 0 0 0 0 0 
0.0550895982 0 0 0 0 0 0 0.1804437478 0 0 0 0 0 0 0 0 0 0 0 0 0 0 0 0 0 0 0 0 0 0 0 0 0 0 0 0.0134575088 0 0 0.0207351521 0.0273582591 0 0 0.0156454254 0 0 0 0 0 0 0.6872703087 
0 0 0.0195680928 0 0 0 0 0 0 0 0 0 0 0.0406520595 0 0.1869202004 0.2084489158 0 0 0 0 0 0 0 0 0 0 0 0 0 0 0 0 0 0 0 0 0 0 0.5300838066 0 0 0 0 0 0 0 0 0 0.0143269249 
0 0 0 0 0 0 0 0.0316041503 0 0 0 0 0 0 0 0 0 0 0 0.0062749899 0 0 0 0.0608459847 0.0056435540 0 0 0 0 0 0 0 0 0 0 0 0 0 0 0 0.8956313212 0 0 0 0 0 0 0 0 0 
0 0 0 0 0 0 0 0.1312516322 0.1764393174 0 0 0 0 0.1151935833 0 0 0.0082507735 0.0024153663 0 0 0 0 0 0 0 0 0.0020628526 0 0 0.0468752646 0 0 0 0.0985633476 0.0202852534 0 0 0 0 0.3368390787 0.0210590114 0 0 0 0.0390176826 0.0017468363 0 0 0 0 
0 0 0 0 0 0 0 0.0082506226 0 0 0 0 0 0 0 0 0.1129210831 0 0 0 0 0 0 0 0 0 0 0 0 0 0 0.4985571244 0 0 0 0 0 0 0 0.3802711700 0 0 0 0 0 0 0 0 0 0 
0 0 0 0 0 0 0 0 0 0 0 0 0 0 0 0 0 0 0.0019883419 0 0 0 0 0 0 0 0.9980116581 0 0 0 0 0 0 0 0 0 0 0 0 0 0 0 0 0 0 0 0 0 0 0 
0 0 0 0 0 0 0 0 0 0 0 0 0 0 0 0 0 0.9963155522 0 0 0 0 0 0 0 0 0 0 0 0 0 0 0 0 0 0 0 0 0 0 0 0 0 0 0 0 0 0 0.0036844478 0 
0 0 0 0 0 0 0 0 0 0 0 0 0 0 0 0 0 0 0 0 0 0 0 0 0 0 0 0 0 0 0 0 0 0 0.0030135831 0 0.0280592575 0 0 0.9689271594 0 0 0 0 0 0 0 0 0 0 
0 0 0 0 0 0 0 0 0 0 0 0 0 0 0 0 0.2834562415 0 0 0 0 0 0 0 0 0 0 0 0 0 0 0 0 0.0073212430 0 0 0 0 0 0.7092225155 0 0 0 0 0 0 0 0 0 0 
0 0 0.6107823640 0 0 0 0.0043872287 0 0 0 0 0 0.0036295330 0 0 0.0125924167 0 0 0 0 0 0 0 0 0 0 0 0 0 0 0 0 0 0 0 0 0.0781590457 0 0 0.2904494119 0 0 0 0 0 0 0 0 0 0 
0 0 0.0802469609 0 0 0 0 0 0 0 0 0 0 0 0 0 0 0 0 0 0 0 0.0046257579 0 0 0 0 0 0 0 0 0 0 0 0 0 0 0 0 0.9087425539 0 0 0 0 0 0 0 0 0 0.0063847272 
0 0 0 0 0 0 0 0 0 0 0 0 0 0 0 0 0 0 0 0 0 0 0 0 0 0 0 0 0 0 0 0 0 0 0.0000824928 0 0 0 0 0.9999175072 0 0 0 0 0 0 0 0 0 0 
0 0 0 0 0 0 0 0 0 0 0 0 0 0 0 0 0 0 0 0 0 0 0 0 0 0 0 0 0 0 0 0 0 0 0 0 0 0 0 1.0000000000 0 0 0 0 0 0 0 0 0 0 
0 0 0 0 0 0 0 0 0 0 0.0083007813 0 0 0 0 0 0.1563136196 0 0 0 0 0 0 0 0 0 0 0 0 0 0 0 0 0 0 0 0 0 0 0 0.8353855991 0 0 0 0 0 0 0 0 0 
0.2797156024 0 0 0.6523585811 0 0 0 0 0 0 0 0.0075076433 0 0.0143120898 0 0 0 0 0 0.0033208537 0 0.0249769081 0 0 0 0 0 0 0 0 0 0 0 0 0 0.0041147679 0 0 0.0107415103 0 0 0 0 0 0 0 0 0 0.0029520435 0 
0 0 0.0010174223 0 0 0 0 0 0 0 0 0 0 0.2079964449 0 0 0.0010576842 0 0.0011205101 0 0.0014849435 0 0 0 0 0 0 0 0 0 0 0 0 0 0.1833797343 0 0 0 0 0.6031680822 0 0 0 0 0 0.0007751785 0 0 0 0 
0 0 0 0 0 0.2793510035 0.0010442192 0 0 0 0.0698984679 0 0 0 0 0 0.0096040034 0.0146303078 0 0 0 0 0 0 0 0 0 0 0 0 0 0.0093004753 0 0 0.5944630657 0 0 0 0 0.0217084572 0 0 0 0 0 0 0 0 0 0 
0 0 0 0 0 0 0 0 0 0 0 0 0 0 0 0 0 0 0 0 0 0 0 0 0 0 0 0 0 0 0 0 0 0 0.0287718080 0 0 0 0 0.9712281920 0 0 0 0 0 0 0 0 0 0 
0.2799229668 0 0 0 0 0 0 0 0 0 0 0 0 0.0023517153 0 0 0.2527654807 0 0 0 0 0 0 0 0 0 0 0.0014193924 0 0 0 0 0 0 0 0.0199247751 0 0 0 0.0178696834 0 0 0 0 0 0 0 0.0676979768 0 0.3580480093 
0 0 0 0 0 0 0 0 0 0 0 0 0 0.0170708174 0 0.2850454534 0 0 0 0 0 0 0 0 0 0 0 0 0 0 0 0 0 0 0 0 0 0.0008991949 0 0.6969845343 0 0 0 0 0 0 0 0 0 0 
0 0 0 0 0 0 0 0 0 0 0 0 0 0 0 0 0 0.0082855013 0 0 0 0 0 0 0 0 0.7678079317 0 0 0 0 0 0 0 0 0 0 0 0 0 0 0.0760789062 0 0.1478276609 0 0 0 0 0 0 
0 0 0 0 0 0 0 0 0 0.0042743844 0 0 0 0 0 0 0 0.7543751238 0 0 0 0.0744069498 0.0011948468 0 0 0 0.0077263580 0 0 0.0547664199 0 0 0 0 0 0 0 0 0 0 0.1032559173 0 0 0 0 0 0 0 0 0 
0.0608685569 0 0 0 0 0 0.0063353626 0.0099077878 0 0 0 0 0.0062532431 0 0 0 0.4844630758 0 0 0 0 0 0 0 0 0 0 0.0016029077 0 0 0 0 0 0 0 0 0 0 0 0.3609060227 0 0 0 0 0 0 0 0 0 0.0696630434 
0 0 0 0 0 0 0 0 0 0 0 0 0 0.1224321048 0 0 0 0 0 0.0689000839 0 0 0 0 0 0 0 0 0 0 0 0.1684634036 0 0 0 0 0 0 0 0.0244449486 0 0 0 0 0 0 0 0 0 0.6157594590 
0 0 0 0 0 0 0 0 0 0 0 0 0.0069307485 0 0 0.2928580720 0.0013596076 0 0 0 0 0 0 0 0 0 0 0 0 0 0 0 0 0 0.0104331994 0 0 0 0 0.4251642009 0 0 0 0 0 0.2632541718 0 0 0 0 
0 0 0 0 0 0 0.0284161906 0.0163182034 0 0 0 0 0 0 0 0 0.0679796886 0 0 0 0 0 0.0059517341 0 0 0 0 0 0 0 0 0.0183504461 0 0 0 0 0 0 0 0.8629837371 0 0 0 0 0 0 0 0 0 0 
0 0 0.1864024833 0 0 0 0.0074782129 0 0 0 0 0 0 0 0 0 0.0346991777 0.0154450509 0 0 0 0.1527754004 0 0 0 0 0 0 0 0 0 0 0 0 0 0 0 0 0 0.6031996748 0 0 0 0 0 0 0 0 0 0 
0 0 0 0 0 0 0 0 0 0 0 0 0 0 0 0 0 0 0 0 0 0 0.0014709175 0 0 0 0.9940619262 0 0 0 0 0 0 0 0 0 0.0044671563 0 0 0 0 0 0 0 0 0 0 0 0 0 
0 0 0.1335518688 0 0 0 0 0 0 0 0 0 0 0 0.0018661944 0.0019843542 0 0 0 0 0 0 0 0 0 0 0 0 0 0 0 0.4756494923 0 0 0.0040443202 0 0 0 0 0.2753198684 0 0 0 0 0 0 0 0 0.0978574960 0.0097264058 
0 0 0.2538606068 0 0 0 0 0 0 0 0 0 0 0 0 0 0.1398886032 0 0 0 0 0 0 0 0 0 0 0.0010100231 0.0070239006 0 0 0 0 0 0 0 0 0 0 0 0 0.5982168662 0 0 0 0 0 0 0 0 
0.3905373521 0 0.0938111834 0 0 0 0 0 0 0 0 0 0 0.0144273054 0 0 0.1637572904 0 0 0 0 0 0 0 0 0 0 0 0 0 0 0 0 0 0.0050384321 0.0105027078 0 0 0 0.3219257288 0 0 0 0 0 0 0 0 0 0 
0 0 0 0 0 0 0 0 0 0 0 0 0.0638150348 0.0012301702 0 0 0 0 0 0 0 0 0 0 0 0 0 0 0 0 0 0 0 0 0 0 0 0 0 0.9349547950 0 0 0 0 0 0 0 0 0 0 
0 0 0.0567552030 0 0 0 0.0046598896 0 0 0 0 0 0 0.0657255578 0 0.6899366380 0 0 0 0 0 0 0 0 0 0 0 0 0 0 0 0 0 0 0 0 0 0 0 0.1829227116 0 0 0 0 0 0 0 0 0 0 
0 0 0 0 0 0 0 0 0 0 0 0 0 0 0 0.0070518126 0 0.1886234017 0 0 0 0 0 0 0 0 0.1617599471 0 0 0.2955550443 0 0 0 0 0 0 0 0.0633115702 0 0 0 0.1007179607 0 0.1782570442 0 0 0 0 0.0047232192 0 
0 0 0 0 0 0 0 0.6414642626 0 0 0 0 0 0 0 0 0.2636083280 0 0 0 0 0 0.0220686699 0 0 0.0070818974 0 0 0 0 0 0.0035292406 0 0 0 0 0.0306378809 0 0 0.0269654054 0 0 0 0 0.0046443151 0 0 0 0 0 
0 0 0 0 0 0 0 0 0 0 0 0 0 0 0 0.0098024267 0 0 0.4756843358 0 0 0 0 0 0 0 0.0048698235 0 0 0 0 0 0 0 0 0 0.0214433743 0 0 0.4747322039 0 0 0 0 0 0 0 0 0 0.0134678358 
0 0 0 0 0 0 0 0 0 0 0 0 0 0.0038342449 0 0.0349629199 0.0028842333 0 0 0 0.0018125694 0 0 0 0 0 0 0 0 0 0 0 0 0 0 0 0 0 0 0.9528105558 0 0 0 0 0 0 0 0 0 0.0036954768 
0 0 0 0 0 0 0 0 0 0 0 0 0.0097020723 0.0743842255 0 0.1236853258 0 0 0 0 0 0 0 0 0 0 0 0 0 0 0 0 0 0 0.0046234131 0 0 0 0 0.7876049633 0 0 0 0 0 0 0 0 0 0 
0.0150962163 0 0 0 0.0249067077 0 0 0 0 0 0 0 0 0 0 0 0.6126843516 0 0 0 0 0 0 0 0 0 0 0 0 0 0 0 0 0 0.1100179100 0 0 0 0 0.2372948145 0 0 0 0 0 0 0 0 0 0 
0 0 0 0 0 0 0 0 0 0.0097627165 0 0 0 0 0 0 0 0.6284198755 0 0 0 0 0 0 0 0 0.3618174080 0 0 0 0 0 0 0 0 0 0 0 0 0 0 0 0 0 0 0 0 0 0 0 
0 0 0 0 0 0 0 0.0277090389 0 0 0 0.0027749834 0 0.0257336655 0 0 0.3498148993 0 0 0 0 0 0 0 0.1982213319 0 0 0.0019356204 0.0127506090 0 0 0 0.0898084191 0 0 0 0 0.0341992839 0 0 0.1776607787 0.0117037571 0 0 0 0 0.0676876129 0 0 0 
0 0 0 0 0 0 0 0.0434079252 0 0 0 0 0 0 0 0 0.3030730542 0 0 0 0 0 0 0 0 0 0 0 0 0 0 0 0 0.1730088583 0 0 0 0 0 0.4805101623 0 0 0 0 0 0 0 0 0 0 
0 0 0.2469916106 0 0 0 0.0009085324 0 0 0 0 0 0 0.0683495262 0 0 0 0 0 0 0 0 0 0 0 0 0 0 0 0 0 0.0658236406 0 0 0 0 0.0105604171 0 0 0.6051364819 0 0 0 0 0 0.0022297913 0 0 0 0 
0 0 0 0 0 0 0 0 0 0.0035790893 0 0 0 0 0 0 0 0.0119088876 0 0 0 0 0.0028414244 0 0.1539523286 0.0309515178 0.7448768298 0 0 0 0 0 0 0 0.0026891931 0 0 0.0200412612 0 0 0 0 0 0.0048276410 0 0 0 0.0243318272 0 0 
0 0 0 0 0 0 0.0071955578 0 0 0 0 0 0 0.8009348412 0 0.0040560255 0 0 0 0 0 0 0 0 0 0 0 0 0 0 0 0 0 0 0 0 0 0 0 0.1878135756 0 0 0 0 0 0 0 0 0 0 
0 0 0 0 0 0 0 0 0 0 0 0 0 0.7969958357 0 0 0 0 0 0 0.0232230092 0 0 0.1751321858 0 0 0 0 0 0 0 0 0 0 0 0 0 0 0 0 0 0 0 0 0 0 0.0046489693 0 0 0 
0.0270871499 0 0 0 0 0 0 0 0 0 0 0 0 0.0240945590 0 0.0080162252 0.2776817212 0 0 0 0 0 0 0 0 0 0 0 0 0 0 0.5383476203 0 0 0 0 0 0 0 0.0766535004 0 0 0 0 0 0.0286473231 0 0 0 0.0194719009 
0 0 0 0 0 0 0 0 0 0 0 0 0 0 0 0 0 0 0 0 0 0 0 0 0 0 0 0 0 0 0 0 0 0 0.0098542706 0 0 0 0 0.9901457294 0 0 0 0 0 0 0 0 0 0 
0 0 0.0036091636 0 0 0 0 0 0 0 0 0 0.0022755620 0 0 0 0.0619782460 0 0 0 0.0259031687 0 0 0 0 0 0 0 0 0 0 0 0 0 0 0 0 0 0 0.1334412236 0 0 0 0 0.0192926119 0.7535000241 0 0 0 0 
0 0 0.0078466885 0 0 0 0 0 0.0011764916 0 0.2260218262 0 0 0.2675138118 0 0.0007841309 0 0 0.0815834655 0 0 0 0 0 0 0 0 0 0 0 0 0 0 0 0 0.4150735854 0 0 0 0 0 0 0 0 0 0 0 0 0 0 
0.3495321320 0 0.2544598939 0 0 0 0 0.0127734595 0 0 0 0 0 0.0084821394 0 0 0.1261825436 0 0 0 0 0 0 0 0 0 0 0 0 0 0 0 0 0 0.0016253052 0 0 0 0 0.2469445265 0 0 0 0 0 0 0 0 0 0 
0 0 0 0 0 0 0.0035657892 0 0 0 0 0 0.0584022031 0 0 0.0097109807 0.0130125821 0 0 0 0 0.2184198857 0 0 0 0 0 0 0 0 0 0 0 0 0.0843758918 0 0 0 0 0.6125126674 0 0 0 0 0 0 0 0 0 0 
0 0 0 0 0 0 0.0225525788 0 0 0 0 0 0 0 0 0 0.0182108196 0 0 0 0 0 0 0 0 0 0 0 0 0 0 0 0 0 0 0.0257520275 0 0 0 0.9334845741 0 0 0 0 0 0 0 0 0 0 
0 0 0 0 0 0 0 0 0 0 0 0 0 0.2764465970 0 0 0 0 0 0 0 0 0 0 0 0 0 0 0 0 0 0 0 0 0 0 0 0 0.0134796131 0 0 0 0 0 0 0 0 0 0 0.7100737899 
0 0 0 0 0 0 0 0 0 0 0 0 0 0 0 0 0 0.8682431864 0 0 0 0 0 0 0 0.0021897849 0.1259333184 0 0 0.0036337102 0 0 0 0 0 0 0 0 0 0 0 0 0 0 0 0 0 0 0 0 
0 0 0.2332394943 0 0 0 0 0 0 0 0 0 0 0 0 0.0015434212 0 0 0 0 0 0 0 0 0 0 0 0 0 0 0 0.0126605601 0 0 0 0.3720156052 0 0 0 0.3805409192 0 0 0 0 0 0 0 0 0 0 
0 0 0 0 0 0 0 0 0 0 0 0 0 0 0 0 0.5694631135 0 0 0 0 0 0 0 0 0 0 0 0 0 0 0 0 0 0 0 0.0115309557 0 0 0.4190059308 0 0 0 0 0 0 0 0 0 0 
0 0 0 0 0.0505264979 0 0 0 0 0 0 0 0 0 0.0041779137 0 0 0 0 0 0 0 0 0 0.2855501310 0 0.1940118391 0 0.3900037545 0.0093897306 0 0 0 0.0555026276 0 0 0 0 0 0 0 0.0108375055 0 0 0 0 0 0 0 0 
0 0 0 0 0 0 0 0 0 0 0 0 0 0 0 0 0 0 0 0.0066876136 0 0 0 0 0 0 0.9933123864 0 0 0 0 0 0 0 0 0 0 0 0 0 0 0 0 0 0 0 0 0 0 0 
0 0 0 0 0 0 0 0 0 0 0 0 0 0 0 0 0 0 0 0 0 0 0 0 0 0 0.0958734293 0 0 0.8986871793 0 0 0 0 0 0 0 0 0 0 0 0 0 0 0.0054393914 0 0 0 0 0 
0 0 0 0 0 0 0 0.0250980819 0 0 0 0 0 0 0 0 0 0 0.0371806269 0 0 0.0174471086 0 0 0 0 0.5118146125 0 0 0.1018132751 0 0 0 0 0 0.0734824303 0 0 0.0380130339 0 0 0 0.1951508308 0 0 0 0 0 0 0 
0 0 0 0 0 0 0 0 0 0 0 0 0 0 0 0 0 0 0 0 0 0 0 0 0 0 0.4548539568 0 0 0.5321220329 0 0 0 0.0130240103 0 0 0 0 0 0 0 0 0 0 0 0 0 0 0 0 
0 0 0 0 0 0 0 0 0 0 0 0 0 0 0 0 0 0 0 0 0 0 0 0 0 0 0.4107514166 0 0.0469081242 0.2398049120 0.0889471009 0 0 0 0 0 0 0 0 0 0.0242530662 0.1893353801 0 0 0 0 0 0 0 0 
0 0 0 0 0 0 0 0 0 0 0 0 0 0 0 0 0 0 0 0 0 0 0 0 0 0 0.8568927884 0 0 0.1431072116 0 0 0 0 0 0 0 0 0 0 0 0 0 0 0 0 0 0 0 0 
0 0 0 0 0 0 0 0 0 0 0 0 0 0 0 0 0 0.0227666626 0 0 0 0 0 0 0 0 0.4446865616 0 0 0 0.0666327017 0 0 0.1084590197 0 0 0 0 0 0 0 0 0 0.3574550544 0 0 0 0 0 0 
0.0022396012 0 0 0 0 0 0 0 0 0 0 0.2850854376 0 0 0 0 0 0 0 0 0 0 0 0 0 0 0.3330926839 0 0 0 0 0 0.0973105617 0 0 0 0 0 0 0 0 0.2730073630 0 0 0 0 0 0.0092643526 0 0 
0 0 0 0 0 0 0 0.0530966871 0 0 0 0 0 0 0 0 0 0 0 0 0 0.3893784623 0 0 0 0 0 0 0 0.3377257256 0 0 0 0.1879818660 0 0 0 0 0 0 0 0 0 0 0 0.0318172591 0 0 0 0 
0 0 0 0 0 0 0 0 0 0 0 0 0 0 0 0 0 0 0 0 0 0 0 0 0.9501454001 0 0.0021676657 0 0.0464898765 0 0 0 0 0.0011970578 0 0 0 0 0 0 0 0 0 0 0 0 0 0 0 0 
0.0086286896 0 0 0 0 0 0 0 0 0 0 0 0 0 0 0 0 0 0 0 0 0 0 0 0 0 0.3779482152 0 0.6134230952 0 0 0 0 0 0 0 0 0 0 0 0 0 0 0 0 0 0 0 0 0 
0 0 0 0 0 0 0 0 0 0 0 0 0 0 0 0 0 0 0 0 0 0 0 0.0218398503 0 0 0.1004628738 0 0 0.8444826340 0 0 0 0 0 0 0 0 0.0332146420 0 0 0 0 0 0 0 0 0 0 0 
0 0 0.0405103617 0 0.0352320267 0 0.0010770387 0 0 0 0 0 0 0 0 0 0 0 0 0 0 0 0 0 0 0 0.7367389120 0 0 0 0.1864416610 0 0 0 0 0 0 0 0 0 0 0 0 0 0 0 0 0 0 0 
0 0 0 0 0 0 0 0 0 0 0 0 0 0 0 0 0 0 0 0 0 0 0 0 0 0 0.5965901972 0 0 0 0 0.0226280510 0 0 0 0.0099845501 0 0 0 0 0 0.3707972016 0 0 0 0 0 0 0 0 
0 0 0 0 0.0067553857 0 0 0.1674198395 0 0 0 0 0 0 0 0 0 0 0 0 0 0 0 0.0201212784 0 0 0.6596786489 0 0.1460248475 0 0 0 0 0 0 0 0 0 0 0 0 0 0 0 0 0 0 0 0 0 
0 0 0 0.0093057188 0 0 0 0 0.0028445003 0 0 0 0 0 0.9070293764 0 0 0 0 0 0 0 0 0 0 0 0.0808204045 0 0 0 0 0 0 0 0 0 0 0 0 0 0 0 0 0 0 0 0 0 0 0 
0 0 0 0 0 0 0 0 0 0 0 0 0 0 0.8763641817 0 0 0 0 0 0 0 0 0 0 0 0.0908312989 0 0.0155631863 0 0 0 0 0 0 0 0 0 0 0 0 0 0 0 0.0061027492 0.0043914878 0 0 0.0067470960 0 
0 0 0 0 0 0 0 0 0 0 0 0 0 0 0 0 0 0 0 0 0 0 0 0 0 0 1.0000000000 0 0 0 0 0 0 0 0 0 0 0 0 0 0 0 0 0 0 0 0 0 0 0 
0 0.1855261933 0 0.0038471982 0 0.0906638651 0 0.0421427555 0 0.0026836134 0 0 0 0 0.0716530312 0 0 0.4645977079 0 0 0 0.0010861547 0 0 0 0 0.0504729240 0 0.0439676724 0.0406661727 0 0 0 0 0 0 0 0 0 0 0 0 0 0 0 0 0.0026927116 0 0 0 
0.0106758450 0 0 0 0 0 0 0 0 0 0 0 0 0 0 0 0 0 0 0 0 0 0 0.2734194308 0 0 0.5588139393 0 0 0.0093530070 0.0743711092 0 0 0 0 0 0 0 0 0 0 0 0.0733666687 0 0 0 0 0 0 0 
0 0 0 0.4387958284 0 0 0 0 0 0 0 0 0 0 0 0 0 0 0 0 0 0.0009364029 0 0 0 0 0.1638681322 0.0016690444 0.2141678971 0 0 0 0 0 0 0 0 0 0 0 0 0 0 0.1805626950 0 0 0 0 0 0 
0 0 0 0 0 0 0 0 0 0 0 0 0 0 0 0 0 0 0 0 0 0 0 0 0 0 0.1979227643 0 0 0.8020772357 0 0 0 0 0 0 0 0 0 0 0 0 0 0 0 0 0 0 0 0 
0 0 0 0 0 0 0 0 0.0992077728 0 0 0 0 0 0 0 0 0 0 0 0 0 0 0 0 0 0.8417591606 0 0 0 0 0 0 0 0 0 0 0 0.0590330666 0 0 0 0 0 0 0 0 0 0 0 
0 0 0 0 0.0548590456 0 0 0.0164814297 0 0 0 0 0 0 0.3077792505 0 0 0 0 0 0 0.0055622756 0 0 0 0 0.1564230995 0 0 0.4035323585 0.0492530286 0 0 0.0061095120 0 0 0 0 0 0 0 0 0 0 0 0 0 0 0 0 
0.0233596576 0 0 0.0014597194 0.0120271151 0 0 0.6557428561 0 0 0 0 0 0 0.2041272953 0 0 0 0 0 0 0.0138005388 0 0 0 0 0 0.0010299917 0.0336056965 0 0 0 0 0 0 0.0548471296 0 0 0 0 0 0 0 0 0 0 0 0 0 0 
0 0 0 0 0 0 0 0 0 0 0 0 0 0 0 0 0 0 0 0 0 0 0 0 0 0 1.0000000000 0 0 0 0 0 0 0 0 0 0 0 0 0 0 0 0 0 0 0 0 0 0 0 
0 0 0 0 0 0 0 0 0 0 0 0 0 0 0 0 0 0 0 0 0 0 0 0 0 0 0 0 0 1.0000000000 0 0 0 0 0 0 0 0 0 0 0 0 0 0 0 0 0 0 0 0 
0 0 0 0 0 0.0439968240 0 0 0 0 0 0 0 0 0.0519693369 0 0 0 0 0 0 0 0 0 0 0 0.8459073213 0 0.0173202728 0 0 0 0 0.0075427279 0 0 0 0 0 0 0 0 0 0 0.0332635171 0 0 0 0 0 
0 0 0 0 0 0 0 0 0 0 0 0 0 0 0 0 0 0 0 0 0 0 0 0 0 0.0073966701 0.0926749299 0.0013019615 0.4325842823 0.1160327379 0 0 0 0.3161865051 0 0 0.0013520084 0 0 0 0 0 0.0008293776 0.0316415272 0 0 0 0 0 0 
0 0 0 0 0 0 0 0 0 0 0 0 0 0 0 0 0 0 0 0 0 0 0 0.0063866565 0 0 0 0 0 0.0077340817 0.8091962415 0 0 0.1766830203 0 0 0 0 0 0 0 0 0 0 0 0 0 0 0 0 
0 0 0 0.0268019105 0 0 0 0 0 0 0 0.2512674909 0 0 0 0 0 0 0 0 0 0 0 0 0 0 0.2946441699 0 0 0 0 0.1095673399 0.2076753225 0 0 0 0 0 0.0279978682 0 0 0.0571175755 0 0 0 0 0.0074017520 0 0 0.0175265707 
0 0 0 0 0 0 0 0.0037489397 0 0 0 0 0 0 0.0418632728 0 0 0 0 0 0 0 0 0 0 0 0.7754004574 0 0.1698968733 0.0020233241 0 0.0070671327 0 0 0 0 0 0 0 0 0 0 0 0 0 0 0 0 0 0 
0 0 0 0 0 0 0 0 0 0 0 0 0 0 0 0 0 0 0 0 0 0 0 0 0 0 1.0000000000 0 0 0 0 0 0 0 0 0 0 0 0 0 0 0 0 0 0 0 0 0 0 0 
0 0 0 0 0 0 0 0 0 0 0 0.0204277198 0 0 0 0 0 0 0 0 0 0 0 0 0.3495019164 0 0.1024778465 0 0.1059120491 0.3381415608 0 0.0168553844 0 0 0 0 0 0 0 0 0 0.0666835230 0 0 0 0 0 0 0 0 
0 0 0 0 0 0 0 0 0 0 0 0 0 0 0 0 0 0 0 0 0 0 0 0 0 0 1.0000000000 0 0 0 0 0 0 0 0 0 0 0 0 0 0 0 0 0 0 0 0 0 0 0 
0 0 0 0 0 0.0208850646 0 0 0 0 0 0 0 0 0 0 0 0 0 0 0 0 0 0 0 0 0 0 0 0.5201056612 0 0 0 0.2990145168 0 0 0 0 0.0698504464 0 0 0 0 0 0 0.0901443109 0 0 0 0 
0 0 0 0 0 0 0 0 0 0 0 0 0 0 0 0 0 0 0 0 0 0 0 0 0 0 1.0000000000 0 0 0 0 0 0 0 0 0 0 0 0 0 0 0 0 0 0 0 0 0 0 0 
0 0 0 0 0.2845435797 0 0 0 0 0.0258372447 0 0 0 0 0.2407925165 0 0 0 0 0 0 0.0100205310 0 0 0 0 0.4310987125 0 0 0 0 0.0045331020 0 0 0 0 0 0 0 0.0031743137 0 0 0 0 0 0 0 0 0 0 
0 0 0 0 0 0 0 0.0128821112 0 0 0 0 0 0 0 0 0 0 0 0 0 0 0 0 0 0.0743725621 0.3935328599 0 0.4769038307 0.0423086361 0 0 0 0 0 0 0 0 0 0 0 0 0 0 0 0 0 0 0 0 
0 0 0 0 0 0 0 0 0 0 0 0 0 0 0 0 0.0084255873 0 0 0 0 0.6026988300 0 0 0 0.0183951652 0.3694220028 0 0 0 0 0 0 0 0 0 0 0 0 0.0010584147 0 0 0 0 0 0 0 0 0 0 
0 0 0 0 0 0 0 0 0 0 0 0 0 0 0 0 0 0 0 0 0 0 0 0 0 0 0.9158406619 0 0 0.0751055562 0 0 0 0 0 0 0 0 0 0 0 0 0 0 0 0 0 0.0090537819 0 0 
0 0 0 0.0075048570 0 0 0 0.0013634898 0 0 0 0 0 0 0 0 0 0 0 0 0 0 0 0.2216907784 0 0 0.3356818963 0 0 0.0261101764 0 0 0 0 0 0 0 0 0 0.0010732626 0 0 0.3094742817 0.0971012578 0 0 0 0 0 0 
0 0 0 0.0187270545 0.0968410188 0 0 0 0 0 0 0 0 0 0 0 0 0 0 0 0 0 0 0.0694803488 0 0 0.2295032707 0 0.0221031722 0.2806988330 0 0 0 0 0 0 0 0 0 0 0.0204571740 0 0.2621891280 0 0 0 0 0 0 0 
0 0 0 0.0029572076 0.8917480932 0 0 0 0 0 0 0 0 0 0.0024569463 0 0 0 0 0 0 0 0 0 0 0 0.0913287610 0 0.0073553728 0.0041536192 0 0 0 0 0 0 0 0 0 0 0 0 0 0 0 0 0 0 0 0 
0 0 0 0 0.1796097803 0 0 0 0 0 0 0 0 0 0 0 0 0 0 0 0 0 0 0 0 0 0.6463945967 0 0 0.1569940821 0 0 0 0.0108741375 0 0 0 0 0 0 0 0 0 0 0.0061274033 0 0 0 0 0 
0 0 0 0 0 0 0 0.0174798021 0 0 0 0 0 0 0.1747612385 0 0 0 0 0 0 0.0130027729 0 0 0 0 0.7605583397 0 0 0.0341978469 0 0 0 0 0 0 0 0 0 0 0 0 0 0 0 0 0 0 0 0 
0 0 0 0 0 0 0 0.0170035802 0 0 0 0 0 0 0 0 0 0 0 0 0 0.2737957754 0 0.0642737347 0 0 0.5426337514 0 0.0541908103 0.0481023479 0 0 0 0 0 0 0 0 0 0 0 0 0 0 0 0 0 0 0 0 
0 0 0 0 0 0 0 0 0 0 0 0 0 0 0 0 0 0 0 0 0 0 0 0.0174369370 0 0 0.1420745108 0 0 0.3672046211 0 0 0 0.4732839311 0 0 0 0 0 0 0 0 0 0 0 0 0 0 0 0 
0 0 0 0 0 0 0 0 0 0 0 0 0 0 0 0 0 0.0013374366 0 0 0 0 0 0 0 0 0.0887285556 0 0 0.9085633640 0 0 0 0.0013706437 0 0 0 0 0 0 0 0 0 0 0 0 0 0 0 0 
0 0 0 0 0 0 0 0 0.1251707415 0 0 0 0 0 0 0 0 0 0 0 0 0 0 0.0177242540 0 0 0.8542692580 0 0 0 0 0 0 0 0 0 0 0 0.0028357464 0 0 0 0 0 0 0 0 0 0 0 
0 0 0 0 0 0 0 0 0 0 0 0 0 0 0.0451400502 0 0 0 0 0 0 0 0 0 0 0 0.3772350149 0 0 0.0596996190 0 0 0 0.4842573750 0 0 0 0 0 0 0 0 0 0.0336679409 0 0 0 0 0 0 
0 0 0 0 0 0 0 0.0125144213 0 0 0 0 0 0 0 0 0 0 0 0 0 0.1297789249 0 0.0732889259 0 0 0.1391622700 0 0 0.5641275530 0.0284207603 0 0 0 0 0.0527071446 0 0 0 0 0 0 0 0 0 0 0 0 0 0 
0 0 0 0 0 0 0 0 0 0 0 0 0 0 0.0273562495 0 0 0.0861460750 0 0 0 0 0 0 0 0 0 0 0.4248212860 0.1774909382 0 0 0 0.2538926238 0 0 0 0 0 0 0 0.0302928275 0 0 0 0 0 0 0 0 
0 0 0 0 0 0 0 0 0 0 0 0 0 0 0 0 0 0 0 0 0 1.0000000000 0 0 0 0 0 0 0 0 0 0 0 0 0 0 0 0 0 0 0 0 0 0 0 0 0 0 0 0 
0 0 0 0 0 0 0 0 0 0 0 0 0 0 0 0 0 0 0 0 0 0 0 0 0 0 1.0000000000 0 0 0 0 0 0 0 0 0 0 0 0 0 0 0 0 0 0 0 0 0 0 0 
0 0 0 0 0.0611250197 0.0091605086 0 0 0 0 0 0.5428796034 0 0 0.0733207927 0 0 0 0 0 0 0 0 0.0089099575 0 0 0.1146954919 0 0 0.1899086262 0 0 0 0 0 0 0 0 0 0 0 0 0 0 0 0 0 0 0 0 
0 0 0 0.2184781922 0 0 0 0 0 0 0 0 0 0 0 0 0 0 0 0 0 0 0 0 0 0 0.5999033959 0 0 0 0 0 0.0526399252 0 0 0.1038532875 0 0 0 0.0103659698 0 0 0.0147592293 0 0 0 0 0 0 0 
0 0 0 0 0 0 0 0 0 0 0 0 0 0 0 0 0 0 0 0 0 0 0 0 0 0 1.0000000000 0 0 0 0 0 0 0 0 0 0 0 0 0 0 0 0 0 0 0 0 0 0 0 
0 0 0 0 0 0 0 0.1242429555 0 0 0.0580146668 0 0 0 0.2080247690 0 0 0 0 0 0 0 0 0 0 0 0 0.0016724889 0.2541153168 0 0 0.0431999143 0 0 0 0 0 0 0.2120718991 0 0 0.0986579897 0 0 0 0 0 0 0 0 
0 0 0 0 0 0 0 0 0 0 0 0 0 0 0.1395954498 0 0 0 0 0 0 0 0 0 0 0 0.8604045502 0 0 0 0 0 0 0 0 0 0 0 0 0 0 0 0 0 0 0 0 0 0 0 
0 0 0 0 0 0 0 0 0 0 0 0 0 0 0 0 0 0 0 0 0 0 0 0 0.0595862836 0 0.0171966920 0 0.9189954412 0.0042215833 0 0 0 0 0 0 0 0 0 0 0 0 0 0 0 0 0 0 0 0 
0 0 0 0 0 0 0 0 0 0 0 0.0059118041 0 0 0 0 0 0.2785429533 0 0 0 0 0 0 0 0 0.6828056405 0 0 0.0327396020 0 0 0 0 0 0 0 0 0 0 0 0 0 0 0 0 0 0 0 0 
0 0 0 0 0 0 0 0 0 0 0 0 0 0 0 0.0068698028 0 0 0 0 0 0 0 0 0 0 0.5862057288 0 0 0 0 0 0 0 0 0 0 0 0 0 0 0.4069244684 0 0 0 0 0 0 0 0 
0.0476889820 0 0 0.0366980656 0 0 0 0 0 0 0 0 0 0 0.2228096649 0 0 0 0 0 0 0 0 0 0 0 0.5716435073 0 0 0 0.0714430738 0 0.0443571986 0 0 0 0 0 0.0053595077 0 0 0 0 0 0 0 0 0 0 0 
0.0175948080 0 0 0 0 0 0 0 0 0 0 0 0 0 0.0226383808 0 0 0 0 0 0 0 0 0 0 0 0.2665790511 0 0 0.2698120678 0 0 0 0.0435428057 0 0.2328735873 0 0 0 0 0 0 0 0 0.1385110263 0.0084482730 0 0 0 0 
0 0 0 0 0 0 0 0 0 0 0 0.1381684728 0 0 0 0 0 0.1632654757 0.0289193267 0 0 0 0 0.0103064654 0 0 0.2161245767 0 0 0.4432156827 0 0 0 0 0 0 0 0 0 0 0 0 0 0 0 0 0 0 0 0 
0.0040751505 0 0 0 0 0 0 0 0 0 0 0 0 0 0.0254105175 0 0 0 0 0 0 0 0.0012043044 0.4893050063 0 0 0.1703476183 0 0 0.3096574029 0 0 0 0 0 0 0 0 0 0 0 0 0 0 0 0 0 0 0 0 
0 0 0 0 0 0 0 0 0 0 0 0 0 0 0 0 0 0 0 0 0 0 0 0 0.0167002162 0.0926868051 0.1009740513 0 0 0.5167836760 0.0045490152 0 0 0.0316372896 0.0049219568 0 0 0 0 0 0 0.2317469898 0 0 0 0 0 0 0 0 
0 0 0 0 0 0 0 0 0 0 0 0 0 0 0 0 0 0 0 0.0081607740 0 0 0 0 0 0 0.4377269567 0 0 0.2762566625 0 0 0 0 0.0019403431 0 0 0 0 0 0 0 0 0.2759152638 0 0 0 0 0 0 
0 0 0 0 0 0 0 0 0 0 0 0 0 0 0.0375281804 0 0 0 0 0 0 0 0 0 0 0 0.0808972114 0 0.2807401891 0.5941009128 0 0 0 0 0 0.0067335062 0 0 0 0 0 0 0 0 0 0 0 0 0 0 
0 0 0 0 0 0 0 0 0 0 0 0 0 0 0 0 0 0 0 0 0 0.1116605541 0 0 0.0233814762 0 0.2754188793 0 0.5831618174 0 0 0.0034264590 0 0 0 0 0 0 0 0.0029508140 0 0 0 0 0 0 0 0 0 0 
0.0457477652 0 0 0 0 0 0 0.0254280489 0 0 0 0 0 0 0.0127112154 0 0.1800805218 0 0 0 0 0 0 0.6935445059 0 0 0 0 0 0.0012778325 0 0 0.0017817818 0 0 0 0 0 0 0 0.0394283286 0 0 0 0 0 0 0 0 0 
0 0 0 0 0.2632935770 0 0 0 0 0 0 0 0 0 0 0 0 0.0036976535 0 0 0 0 0 0 0 0 0.6633399778 0 0 0.0623523207 0 0 0 0 0 0 0 0 0 0 0.0073164710 0 0 0 0 0 0 0 0 0 
0 0 0 0 0 0 0 0 0 0 0 0 0 0 0 0 0 0 0 0 0 0 0 0 0 0 0.3183921688 0 0 0.6816078312 0 0 0 0 0 0 0 0 0 0 0 0 0 0 0 0 0 0 0 0 
0 0 0 0.0831468064 0.3235705680 0 0 0 0 0 0 0 0 0 0 0 0.0086879634 0 0 0 0 0 0 0 0 0 0.5345615417 0 0 0 0 0 0 0.0442189295 0 0 0 0 0 0 0 0 0.0058141910 0 0 0 0 0 0 0 
0 0 0 0 0 0 0 0 0 0 0 0 0 0 0 0 0 0 0 0 0 0 0 0 0 0 1.0000000000 0 0 0 0 0 0 0 0 0 0 0 0 0 0 0 0 0 0 0 0 0 0 0 
0 0 0 0.0056751773 0 0 0 0.0105826157 0 0 0 0 0 0 0.5237984435 0 0 0 0 0 0 0 0 0 0 0 0.3210850561 0 0 0 0 0 0 0 0 0 0 0 0.0061189160 0 0 0 0 0.1327397913 0 0 0 0 0 0 
0 0 0 0 0 0 0 0 0 0 0 0 0 0 0 0 0 0 0 0 0 0 0 0 0 0 0.5048108792 0 0 0.4847617524 0 0 0 0.0104273685 0 0 0 0 0 0 0 0 0 0 0 0 0 0 0 0 
0 0 0 0 0 0 0 0 0 0 0 0 0 0 0.0580893545 0 0 0 0 0 0 0 0 0 0 0 0 0 0.2680227121 0.3759512916 0 0.0176401235 0 0.2802965182 0 0 0 0 0 0 0 0 0 0 0 0 0 0 0 0 
0 0 0 0 0 0 0 0 0 0 0 0 0 0 0 0 0 0 0 0 0 0 0 0 0 0 1.0000000000 0 0 0 0 0 0 0 0 0 0 0 0 0 0 0 0 0 0 0 0 0 0 0 
0 0 0 0 0.1476694789 0 0 0.0393548704 0 0 0.0534609554 0.0273632888 0 0 0 0 0 0 0 0 0 0 0 0 0 0 0 0 0 0.0183175236 0 0 0 0.6426281629 0 0 0 0 0 0 0 0 0 0 0 0.0712057200 0 0 0 0 
0 0 0 0 0 0 0 0 0 0 0 0 0 0 0.1258291141 0 0 0 0 0 0 0 0 0 0.0339876951 0 0.8401831908 0 0 0 0 0 0 0 0 0 0 0 0 0 0 0 0 0 0 0 0 0 0 0 
0.0092608546 0 0 0 0 0 0 0 0 0 0 0 0 0 0.0303783499 0 0 0 0 0 0 0 0 0 0.0090111742 0 0.0225858926 0 0.4934246233 0.4281992111 0 0.0043923599 0 0 0 0 0 0 0 0 0 0 0 0 0.0027475345 0 0 0 0 0 
0 0 0 0 0 0 0 0 0 0 0 0.0260317506 0 0 0 0 0 0 0 0 0 0 0 0 0 0 0.6519241057 0 0 0.2940320428 0 0 0 0.0280121010 0 0 0 0 0 0 0 0 0 0 0 0 0 0 0 0 
0 0 0 0 0 0 0 0 0 0 0 0 0 0 0 0 0 0 0 0 0 0 0 0 0 0 0.4649874416 0 0.1237379976 0.1552669525 0 0 0 0.2560076083 0 0 0 0 0 0 0 0 0 0 0 0 0 0 0 0 
0 0 0 0 0 0 0 0 0 0 0 0 0 0 0 0 0 0 0 0 0 0 0 0 0 0 0.9338148192 0 0 0 0 0 0 0.0661851808 0 0 0 0 0 0 0 0 0 0 0 0 0 0 0 0 
0 0 0 0 0 0 0 0 0 0 0 0 0 0 0 0 0.0083326937 0 0 0 0 0 0 0 0 0 0.7497114161 0 0 0.1870504308 0 0 0 0.0167398665 0 0.0081951293 0 0 0 0.0299704636 0 0 0 0 0 0 0 0 0 0 
0 0 0 0 0 0 0 0 0 0 0 0 0 0 0 0 0.0154703434 0 0 0 0 0 0 0 0 0.0133436437 0.4145813097 0 0 0.4344174341 0 0 0 0.0077741332 0 0.0602058729 0 0 0 0 0 0.0542072630 0 0 0 0 0 0 0 0 
0 0 0 0 0 0 0 0 0 0 0 0 0 0 0.0009338232 0 0 0 0 0 0 0.1496836980 0 0.0049187004 0 0.0169055151 0.7909151302 0 0 0 0 0 0 0 0 0 0 0 0.0131810419 0 0 0 0 0 0.0138982993 0 0 0 0.0095637919 0 
0 0.0195084830 0 0.0086237330 0 0 0 0 0.0572025275 0 0 0 0 0 0 0 0 0.1634072000 0 0 0 0 0 0 0 0 0.7512580564 0 0 0 0 0 0 0 0 0 0 0 0 0 0 0 0 0 0 0 0 0 0 0 
0 0 0 0 0.3157192169 0 0 0.0120362087 0 0 0 0 0 0 0 0 0 0 0 0 0 0.0059650706 0 0 0 0 0 0 0.0049268217 0.2437200944 0.0086545787 0 0 0.1902775698 0 0.0108405288 0 0 0 0 0.1590970100 0 0 0.0487629004 0 0 0 0 0 0 
0 0 0 0 0.3078207072 0 0 0 0 0 0 0 0 0 0 0 0 0 0 0 0 0 0 0 0 0 0.4627122371 0 0 0.0427756792 0.0198493605 0 0 0 0 0 0 0 0 0 0.1668420161 0 0 0 0 0 0 0 0 0 
0 0 0 0 0.2308554921 0 0 0 0 0 0 0.0035036930 0 0 0 0 0 0 0 0 0 0 0 0 0 0 0.7614643360 0 0.0041764789 0 0 0 0 0 0 0 0 0 0 0 0 0 0 0 0 0 0 0 0 0 
0 0 0 0 0.0512613280 0 0 0 0 0 0 0.0168706395 0 0 0 0 0 0.0027756019 0 0 0 0 0 0 0 0 0.3657877608 0 0 0.4705343858 0 0 0 0.0689447075 0 0 0 0 0 0 0 0 0 0.0238255765 0 0 0 0 0 0 
0 0 0 0 0.1480774224 0 0 0.0248336415 0 0 0 0 0 0 0 0 0.0063534455 0 0 0 0 0 0 0 0 0 0 0 0 0.1642872772 0 0.0124778429 0 0.5756366028 0 0 0 0 0 0 0.0683337676 0 0 0 0 0 0 0 0 0 
0 0 0 0 0 0 0 0 0 0.0085061035 0 0 0 0 0 0 0 0.1956742769 0 0 0 0 0 0 0.0471286630 0 0 0 0 0.2583018215 0 0 0 0 0 0 0 0.0066279208 0 0 0.3229701950 0 0 0 0 0 0 0.1607910193 0 0 
0 0 0 0 0 0 0 0 0 0 0 0 0 0 0 0 0 0.1605084436 0 0 0 0 0 0 0 0 0.0349915451 0 0.7942837819 0.0054118305 0.0010547845 0 0 0 0 0 0 0 0.0006879002 0 0.0030617141 0 0 0 0 0 0 0 0 0 
0 0 0 0 0 0 0 0 0 0 0 0 0 0 0.0780801202 0 0 0 0 0 0 0 0 0 0 0 0.2679028147 0 0 0.5677913389 0 0 0 0 0 0 0 0 0.0367874760 0.0494382502 0 0 0 0 0 0 0 0 0 0 
0 0 0 0 0 0 0 0 0 0 0 0 0 0 0 0 0 0 0 0 0 0 0 1.0000000000 0 0 0 0 0 0 0 0 0 0 0 0 0 0 0 0 0 0 0 0 0 0 0 0 0 0 
0 0 0.0019848105 0 0 0 0 0 0 0.0721606806 0 0.7766386755 0 0 0 0 0 0 0 0 0 0.0041551854 0 0 0 0 0.1423341669 0 0 0 0 0 0 0 0 0 0 0 0 0 0 0 0 0 0 0 0 0.0027264811 0 0 
0 0 0.0029958182 0.6374433722 0 0 0 0 0 0.0011905070 0 0 0 0 0 0.0040054321 0 0 0 0 0.3008333733 0 0 0 0 0 0 0 0 0 0 0 0 0 0 0 0 0.0030790045 0 0 0 0 0.0504524926 0 0 0 0 0 0 0 
0 0 0 0 0 0 0 0 0.1464809368 0 0.0586454449 0 0 0.0140474886 0 0.0873201292 0 0 0 0 0 0 0 0 0 0 0.0023242499 0 0 0.0011048599 0 0 0 0 0.6820395398 0 0 0 0 0.0080373509 0 0 0 0 0 0 0 0 0 0 
0 0 0 0 0 0 0 0 0 0.1908892039 0 0 0 0.8011796671 0 0 0 0 0 0.0079311290 0 0 0 0 0 0 0 0 0 0 0 0 0 0 0 0 0 0 0 0 0 0 0 0 0 0 0 0 0 0 
0 0 0 0 0 0 0 0 0 0 0 0 0 0 0 0.4429254859 0 0 0 0 0 0 0 0 0 0 0 0 0 0 0.0023432764 0 0 0 0 0 0 0 0 0.0030637925 0 0 0 0 0 0.5516674453 0 0 0 0 
0 0 0 0 0 0 0 0 0 0.2239068413 0 0 0 0 0 0 0 0.0915862569 0 0.0111617218 0 0 0 0 0.6733451800 0 0 0 0 0 0 0 0 0 0 0 0 0 0 0 0 0 0 0 0 0 0 0 0 0 
0 0 0 0 0 0 0.0017838020 0.5020724542 0 0.0271141969 0 0.0108865176 0 0 0 0.3720652071 0.0403828504 0 0 0 0 0 0.0456949717 0 0 0 0 0 0 0 0 0 0 0 0 0 0 0 0 0 0 0 0 0 0 0 0 0 0 0 
0 0 0 0 0 0 0 0 0 0.9382659589 0 0 0 0 0 0 0 0 0 0 0.0617340411 0 0 0 0 0 0 0 0 0 0 0 0 0 0 0 0 0 0 0 0 0 0 0 0 0 0 0 0 0 
0 0 0 0 0 0 0 0 0 0.1479596539 0 0 0 0 0 0 0 0 0 0 0 0 0 0 0 0 0 0 0 0 0 0 0 0 0 0 0 0 0 0 0 0 0 0 0 0 0.8520403461 0 0 0 
0 0 0.5236757667 0 0 0 0 0 0 0.2628341925 0 0 0 0.0059860953 0 0 0 0 0.0079677632 0 0.1541126361 0 0 0 0 0 0 0 0 0 0 0 0 0 0 0 0 0.0454235461 0 0 0 0 0 0 0 0 0 0 0 0 
0 0 0 0 0 0 0 0 0 0 0 0 0 0 0 0 0 0 0 0 0 0 0 0 0 0 0 0 0 0 0 0 0 0 0 0 0 0 0 0 0 0 0 0 0 0 1.0000000000 0 0 0 
0 0 0.1104738380 0 0 0 0 0 0 0 0 0 0 0.2296460901 0 0.1122419097 0 0 0 0 0 0 0 0 0 0 0 0.0009106218 0 0 0 0 0 0 0 0 0 0 0 0 0 0 0 0 0 0 0.1455394420 0 0 0.4011880985 
0 0 0.0012309997 0.1243655308 0 0 0 0 0 0.1964784119 0 0 0 0 0 0 0 0.1924073245 0 0 0.4511382768 0 0 0 0 0 0 0 0 0 0.0030841398 0 0.0312953165 0 0 0 0 0 0 0 0 0 0 0 0 0 0 0 0 0 
0 0 0 0 0 0 0 0 0 0 0 0 0 1.0000000000 0 0 0 0 0 0 0 0 0 0 0 0 0 0 0 0 0 0 0 0 0 0 0 0 0 0 0 0 0 0 0 0 0 0 0 0 
0 0 0 0 0 0 0 0 0 0 0 0 0 0 0 0.9685159146 0 0 0 0 0 0 0 0 0 0 0 0 0 0 0 0 0 0 0 0 0 0 0 0 0 0 0 0 0 0 0.0314840854 0 0 0 
0 0.0039050022 0 0 0 0 0 0 0 0.6489952607 0 0 0 0 0 0 0 0 0 0 0.3452866540 0 0 0 0 0 0 0.0018130831 0 0 0 0 0 0 0 0 0 0 0 0 0 0 0 0 0 0 0 0 0 0 
0.1225853918 0.0363108770 0 0.3104580727 0 0 0 0 0 0 0 0 0 0 0 0 0 0 0 0 0.0039476177 0 0 0 0 0 0 0 0 0 0 0 0.1498238328 0 0 0 0 0 0 0 0 0 0 0 0 0.3768742079 0 0 0 0 
0 0 0 0 0 0 0 0 0.0158487195 0.6101971056 0 0 0 0 0.2782248025 0 0 0 0.0725595376 0 0.0014157153 0 0 0 0 0 0.0138919692 0 0 0 0 0.0059454280 0 0 0 0 0 0 0 0 0 0 0 0 0 0 0.0019167223 0 0 0 
0 0 0.0023973486 0 0 0 0 0 0 0 0 0 0 0 0 0 0 0 0 0 0 0 0 0 0 0 0 0 0 0 0 0 0 0 0 0 0 0 0.4715483960 0 0 0 0 0.0187268568 0 0 0.5073273986 0 0 0 
0 0 0 0 0 0 0 0 0 0 0 0 0 0 0 0 0 0 0 0 1.0000000000 0 0 0 0 0 0 0 0 0 0 0 0 0 0 0 0 0 0 0 0 0 0 0 0 0 0 0 0 0 
0 0 0 0 0 0 0 0 0 0 0 0 0 0 0 0 0 0 0 0 0 0 0 0 0 0 0 0 0 0 0 0 0 0 0 0 0 0 0 0 0 1.0000000000 0 0 0 0 0 0 0 0 
0 0 0 0 0 0 0 0 0 0.7901422692 0 0 0 0.0025987986 0 0.1232336585 0 0 0.0020855953 0 0.0020853347 0 0 0 0 0 0 0 0 0 0.0027944647 0 0 0 0 0 0 0 0 0 0 0 0 0 0 0 0.0770598790 0 0 0 
0 0 0 0.6085270508 0 0 0 0 0 0 0 0 0 0.0033632416 0 0 0 0 0 0 0 0 0 0 0 0 0 0 0 0 0 0.2635438003 0 0 0 0 0 0 0 0 0 0 0 0 0 0 0.1245659074 0 0 0 
0 0 0 0 0 0 0 0 0 0.4229650046 0 0 0 0 0 0 0 0 0 0 0.0053794318 0 0 0 0 0 0 0 0 0 0 0 0.0023121971 0 0 0 0 0 0 0 0 0 0 0 0 0 0.5693433664 0 0 0 
0 0 0.0087545217 0 0 0 0 0 0 0.1360040479 0 0 0 0.8482186438 0 0 0 0 0 0.0020065834 0.0041459861 0 0 0 0 0 0 0 0 0 0 0 0 0 0 0 0 0 0 0 0 0 0 0 0 0 0 0 0 0.0008702171 
0 0.2307250755 0 0 0 0 0.0012996364 0 0 0.0016423719 0 0 0.0069688863 0 0 0.0224249732 0 0 0 0 0.7229682629 0 0 0 0 0 0 0 0 0 0 0 0 0 0 0 0 0.0018479243 0 0 0 0 0 0 0 0 0 0 0.0121228695 0 
0 0 0 0.1397767924 0 0 0 0 0 0.0129234915 0 0.0507053057 0 0 0 0.0009727869 0 0 0 0 0 0 0 0 0 0 0 0 0 0 0 0 0 0 0 0 0 0 0 0 0 0 0 0 0 0 0.7956216234 0 0 0 
0 0 0 0 0 0 0 0 0 0.0006135998 0 0 0 0 0 0.0073414012 0 0 0 0 0 0 0 0 0 0 0 0 0 0 0 0 0 0 0 0 0.0118498997 0 0 0 0 0 0 0 0 0 0.9801950993 0 0 0 
0 0 1.0000000000 0 0 0 0 0 0 0 0 0 0 0 0 0 0 0 0 0 0 0 0 0 0 0 0 0 0 0 0 0 0 0 0 0 0 0 0 0 0 0 0 0 0 0 0 0 0 0 
0 0 0.0077424278 0 0 0.0058924195 0 0 0 0 0 0 0 0.0886305980 0 0 0 0 0 0 0 0 0 0 0 0 0 0 0 0 0 0 0 0 0 0 0 0 0 0 0 0 0.0465798851 0 0 0 0.8511546696 0 0 0 
0 0 0 0 0 0 0 0 0 0 0 0 0 1.0000000000 0 0 0 0 0 0 0 0 0 0 0 0 0 0 0 0 0 0 0 0 0 0 0 0 0 0 0 0 0 0 0 0 0 0 0 0 
0 0 0 0 0 0 0 0 0 0 0 0 0 0 0 0 0 0 0 0 0 0 0 0 0 0 0 0 0 0 1.0000000000 0 0 0 0 0 0 0 0 0 0 0 0 0 0 0 0 0 0 0 
0 0 0 0 0 0 0 0 0.7469950211 0 0 0 0 0 0 0.1374068533 0.0767821770 0 0.0209132257 0 0 0 0 0 0 0 0 0 0 0 0 0 0 0 0 0 0 0 0 0 0 0 0 0 0 0 0 0 0.0179027229 0 
0 0 0 0 0 0 0 0 0 0 0.9570205912 0 0 0 0 0 0 0 0 0 0 0 0 0 0 0 0 0 0 0 0 0 0 0 0 0 0 0 0 0 0 0 0 0 0 0 0.0429794088 0 0 0 
0 0 0 0.5245040362 0 0 0 0 0 0 0 0 0.0160927478 0 0 0 0 0 0 0.0344127610 0.0017908833 0 0 0 0 0 0 0 0 0 0 0 0 0 0 0 0 0.0024066035 0 0 0 0 0 0 0 0 0.0064358993 0 0 0.4143570691 
0 0 0.5972313678 0 0 0 0.0489762219 0 0 0 0 0 0 0 0 0 0 0.0016512179 0 0 0 0 0 0 0 0 0 0 0 0 0 0 0.3325145851 0 0 0 0.0165620451 0 0 0 0 0 0 0 0 0 0 0 0 0.0030645623 
0 0 0 0 0 0 0 0 0 0 0 0 0 0 0 0.0152254105 0 0 0 0 0.9847745895 0 0 0 0 0 0 0 0 0 0 0 0 0 0 0 0 0 0 0 0 0 0 0 0 0 0 0 0 0 
0 0 0 0 0 0 0 0 0 0 0 0 0 0.0061035156 0 0 0 0 0.7744455465 0 0 0 0 0 0 0 0.0074635690 0 0 0 0 0 0 0 0 0 0 0 0 0 0 0.2119873689 0 0 0 0 0 0 0 0 
0 0 0 0 0 0 0 0 0 0 0 0 0 0 0 0.0522016902 0.1583814857 0 0 0 0 0 0 0 0 0 0 0 0 0 0 0 0 0 0 0 0.0071375124 0 0.7690250425 0 0.0132542692 0 0 0 0 0 0 0 0 0 
0 0 0 0 0 0 0 0 0.1148675341 0 0 0 0 0 0 0 0 0 0 0 0 0 0 0 0 0 0 0 0 0 0 0 0 0 0 0 0 0.0022083673 0 0 0 0 0 0 0 0 0.8829240986 0 0 0 
0 0 0 0.0661188241 0 0 0 0 0 0 0 0 0 0.0005165869 0 0.0080232755 0 0 0.6157150552 0 0.2219008903 0 0 0 0 0 0 0 0 0 0 0.0118408203 0 0 0 0 0 0.0008176474 0.0133675919 0 0 0 0 0 0 0 0 0.0163293885 0 0.0453699200 
0 0 0 0.0412143677 0 0 0 0 0 0 0 0 0 0.0046128382 0.0080001549 0 0 0 0 0 0.1908989996 0 0 0 0 0 0 0 0 0 0 0 0 0.0016130257 0 0.0118594957 0 0 0 0 0 0 0 0.3803501647 0 0 0 0 0 0.3614509535 
0 0 0 0 0 0 0 0 0 0 0 0 0.0048586892 0.8777596814 0 0.1173816294 0 0 0 0 0 0 0 0 0 0 0 0 0 0 0 0 0 0 0 0 0 0 0 0 0 0 0 0 0 0 0 0 0 0 
0 0 0 0 0 0 0 0 0 0 0 0 0 0 0 0 0 0 0 0 0.9703853544 0 0 0 0 0 0 0 0 0 0 0 0 0 0 0 0 0.0296146456 0 0 0 0 0 0 0 0 0 0 0 0 
0 0 0 0 0 0 0 0 0 0 0 0 0 0 0 0 0 0 0 0 0 0 0 0 0 0 0 0 0 0 0 0 0 0 0 0 0 0 0 0 0 0 0 0 0 0 0 0 1.0000000000 0 
0 0 0 0 0 0 0.0179476315 0 0 0 0 0 0 0.0033062200 0 0.0356406403 0.1236014683 0 0 0 0 0 0 0 0 0 0 0 0 0 0 0 0 0 0 0 0 0 0 0.0177762290 0 0 0 0 0 0 0 0 0 0.8017278110 
0 0 0 0 0 0 0 0 0 1.0000000000 0 0 0 0 0 0 0 0 0 0 0 0 0 0 0 0 0 0 0 0 0 0 0 0 0 0 0 0 0 0 0 0 0 0 0 0 0 0 0 0 
0 0 0 0 0 0 0 0 0 0 0 0 0 0 0 0 0.0074187045 0 0 0 0.6385618015 0.0292410637 0 0 0 0.0028871777 0.0011899265 0 0 0 0 0 0 0.3207013261 0 0 0 0 0 0 0 0 0 0 0 0 0 0 0 0 
0 0 0 0.0421100151 0 0 0 0 0 0 0 0 0 0 0.0933089213 0 0 0 0 0 0 0 0 0 0 0 0.8258720889 0 0 0 0 0 0 0 0.0084471882 0 0.0159057966 0.0041405376 0.0034565237 0 0 0 0.0067589287 0 0 0 0 0 0 0 
0 0 0 0 0 0 0 0 0 0.0058232458 0 0 0.0329855578 0 0 0 0 0 0 0 0.0029369139 0 0 0 0 0 0 0 0 0 0 0 0 0 0.0167383709 0 0 0.0018742368 0 0 0 0 0.0018365008 0 0.1742367662 0 0.7635684078 0 0 0 
0 0 0 0 0 0 0 0 0 0 0 0 0 0 0 0 0 0 0 0 0 0 0 0 0 0 0 0 0 0 0 0 0 0 0 0 0 0 0 0 0 0 0 0 0 0 1.0000000000 0 0 0 
0 0 0.0525634912 0.6945369596 0 0 0 0 0 0.0359951206 0 0 0 0 0 0 0 0 0 0 0.1492106861 0 0.0019276704 0 0 0 0 0.0020783185 0 0 0 0 0 0 0 0 0.0147652403 0 0 0 0 0 0 0 0 0 0.0489225132 0 0 0 
0 0 0.0013270070 0.0059896793 0 0 0.3724741947 0 0 0 0.0026019437 0 0 0 0 0.0010776555 0.0013834466 0 0 0 0 0 0 0 0 0 0.0028390845 0 0 0 0 0 0 0 0 0 0 0 0.6090624467 0 0 0 0 0 0 0 0 0 0 0.0032445420 
0 0 0 0 0 0 0 0 0 0.6168940238 0 0 0 0 0 0 0 0 0 0 0 0 0 0 0 0 0.0851184373 0 0 0 0 0 0 0 0 0 0 0 0 0 0 0.2922200552 0 0 0 0 0.0057674836 0 0 0 
0 0 0 0 0 0 0 0 0 0 0 0 0 0 0 0.0000000065 0 0 0 0.9999999935 0 0 0 0 0 0 0 0 0 0 0 0 0 0 0 0 0 0 0 0 0 0 0 0 0 0 0 0 0 0 
0 0 0 0 0 0 0 0 0 0 0 0 0 0 0 0 0 0 0 0.7653761131 0 0 0 0 0 0 0 0 0 0 0 0 0 0 0 0 0 0 0 0 0 0 0 0 0 0 0.2346238869 0 0 0 
0 0 0.0939666299 0 0 0 0 0 0 0 0 0 0 0 0 0.2147078263 0 0 0 0 0 0 0 0 0 0 0 0 0 0 0 0 0 0 0 0 0 0.0009412290 0 0 0 0 0 0 0 0 0.6903843148 0 0 0 
0 0 0 0 0 0 0 0 0 0 0 0 0.0207500175 0.0029780389 0 0.0105409121 0 0 0 0 0 0 0.0484689373 0 0 0 0 0 0 0 0 0 0 0 0 0 0 0 0 0 0 0 0 0 0 0 0.0154719147 0 0 0.9017901795 
0 0 0 0 0 0 0 0 0 0.0058847512 0 0 0.0015875761 0 0 0 0 0 0 0.0028731948 0 0 0 0 0 0.5179766424 0.4692009424 0 0 0 0 0 0 0 0.0024768932 0 0 0 0 0 0 0 0 0 0 0 0 0 0 0 
0 0 0 0 0 0.0282565930 0 0 0 0 0 0 0 0 0 0 0.0231017929 0 0 0 0 0 0 0 0 0 0 0 0 0 0 0.0072230031 0 0 0 0 0 0.7671725607 0 0 0 0 0 0 0.1742460504 0 0 0 0 0 
0 0 0 0 0 0 0 0 0 0 0 0 0 0 0 0 0 0 0 0 0 0 0 0 0 0 0 0 0 0 0 0 0 0 0 0 0 0 0 0 0 0 0 0 0 0 1.0000000000 0 0 0 
0 0 0.0502056851 0 0 0 0.0099440167 0 0 0 0 0 0 0.2986094570 0 0 0 0 0 0 0 0 0 0 0 0 0 0.0016650036 0 0 0 0 0.5884744369 0 0 0 0 0 0 0 0.0511014007 0 0 0 0 0 0 0 0 0 
0 0.6393295212 0 0 0 0 0.0141151126 0 0 0.0418407494 0 0 0.0111683025 0.0121630470 0 0 0 0 0 0 0 0 0 0 0 0 0 0 0 0 0 0 0 0 0 0 0 0 0 0 0 0 0 0 0 0 0.2813832672 0 0 0 
0 0 0.0060652690 0 0 0 0.0041978053 0 0 0 0 0 0 0.0010391576 0 0.0270271869 0 0 0 0 0 0 0 0 0 0 0 0 0 0 0 0 0 0 0 0 0 0 0 0 0 0 0 0 0 0 0.3455710438 0 0 0.6160995374 
0 0.0099868774 0 0 0 0 0 0 0 0 0 0 0 0 0 0 0 0 0.9900131226 0 0 0 0 0 0 0 0 0 0 0 0 0 0 0 0 0 0 0 0 0 0 0 0 0 0 0 0 0 0 0 
0 0.2047849131 0 0 0 0 0.0156610463 0 0 0 0 0.0024922538 0 0.5090483751 0 0.0022465569 0 0 0 0 0 0 0 0 0 0 0 0 0 0 0.0012736045 0 0 0 0 0 0 0.1829917776 0 0 0 0 0 0 0 0 0.0815014728 0 0 0 
0 0 0 0 0 0 0 0 0 0 0 0 0 0 0 0 0 0 0 0 0 0 0 0 0 0 0 0 0 0 0 0 0 0 0 0 0 0 0 0 0 0 0 0 0 0 1.0000000000 0 0 0 
0 0 0.0012739315 0 0 0 0 0.0069568382 0 0 0 0 0 0 0 0 0 0 0 0 0 0 0.0034859795 0 0 0 0 0 0 0 0 0.8202764655 0 0 0.0230527466 0 0 0 0.0030400899 0.1419139487 0 0 0 0 0 0 0 0 0 0 
0 0 0 0 0 0 0 0.2031536176 0.0053290259 0 0 0.1407404349 0 0.0028022369 0 0 0.0678983722 0 0 0.0046703331 0 0.0216637371 0 0 0 0 0 0 0 0 0 0 0 0 0.0850387723 0 0 0 0 0 0.0080892804 0 0 0 0.0237756603 0 0.4368385292 0 0 0 
0 0 0 0 0 0 0 0 0 0 1.0000000000 0 0 0 0 0 0 0 0 0 0 0 0 0 0 0 0 0 0 0 0 0 0 0 0 0 0 0 0 0 0 0 0 0 0 0 0 0 0 0 
0 0 0 0 0 0.0176268071 0 0 0 0 0 0 0 0 0 0 0 0 0 0 0 0 0 0 0 0 0 0 0 0 0 0 0 0 0 0 0 0.0044694140 0 0 0 0 0 0 0 0 0.4237698513 0 0.5501976534 0.0039362742 
0 0 0 0 0 0 0 0 0 0.7504384512 0 0 0 0 0 0.0229400912 0 0 0 0 0 0 0 0 0 0 0 0 0 0 0 0 0 0 0 0 0 0 0 0 0 0 0 0 0 0 0.2266214577 0 0 0 
0 0 0 0 0 0 0 0 0 0 0 0 0 0 0 0 0 0 0 0 0 0 0 0 0 0 0 0 0 0 0 0 1.0000000000 0 0 0 0 0 0 0 0 0 0 0 0 0 0 0 0 0 
0 0 0 0 0 0 0 0 0 0.0260522150 0 0 0 0 0 0 0 0 0 0 0 0 0 0 0 0 0.3717515479 0 0 0 0 0 0.6021962371 0 0 0 0 0 0 0 0 0 0 0 0 0 0 0 0 0 
0.0005448736 0 0 0 0 0 0.0016151724 0 0 0 0 0 0 0 0 0.0805479161 0 0 0 0 0 0 0 0 0 0 0 0 0 0 0 0 0 0 0 0 0 0 0 0 0 0 0 0 0 0 0 0 0.9172920379 0 
0 0 0.0160407583 0 0 0 0.0163390319 0 0 0 0 0 0 0.0088634165 0 0 0 0 0 0 0.2810964002 0 0 0 0 0 0 0 0 0 0 0.6776603930 0 0 0 0 0 0 0 0 0 0 0 0 0 0 0 0 0 0 
0 0 0 0 0 0 0 0 0 1.0000000000 0 0 0 0 0 0 0 0 0 0 0 0 0 0 0 0 0 0 0 0 0 0 0 0 0 0 0 0 0 0 0 0 0 0 0 0 0 0 0 0 
0 0 0 0 0 0 0 0 0 0 0 0 0 0 0 0.0161145877 0 0 0 0 0 0 0 0 0 0 0 0 0 0 0 0 0 0 0 0 0 0 0 0 0 0 0 0 0 0 0.9838854123 0 0 0 
0 0 0 0 0 0 0 0 0 0.4802278778 0 0 0 0.4058980776 0 0 0 0.0017172771 0 0 0.0035164249 0 0 0 0 0 0 0 0 0 0 0 0 0 0 0 0 0.0012775921 0 0 0 0 0 0 0 0 0.1073627504 0 0 0 
0 0 0 0.3394190260 0 0 0 0 0.0170935277 0.1335721992 0 0.1244866545 0 0.0105408957 0 0 0 0.0026100781 0.0144408554 0 0 0 0 0 0 0 0.3578367634 0 0 0 0 0 0 0 0 0 0 0 0 0 0 0 0 0 0 0 0 0 0 0 
0 0 0 0 0 0 0 0 0 0.6563090224 0 0 0 0 0 0.3436909776 0 0 0 0 0 0 0 0 0 0 0 0 0 0 0 0 0 0 0 0 0 0 0 0 0 0 0 0 0 0 0 0 0 0 
0 0 0 0 0 0 0.0358428450 0 0 0 0 0 0 0 0 0 0 0 0 0 0.0034609213 0 0 0 0 0 0 0 0 0 0 0 0 0 0.6085562847 0 0 0 0 0 0 0 0 0 0 0 0.3521399490 0 0 0 
0 0 0 0 0 0 0 0 0 0 0 0 0 0 0 0.0649895665 0.1924844311 0 0 0 0 0 0 0 0 0 0 0.0012020008 0 0 0 0 0 0 0 0 0 0 0 0 0 0 0 0 0 0 0.7230835715 0.0182404302 0 0 
0 0 0 0 0 0 0 0 0 0 0.9023408642 0 0 0 0 0.0933261539 0 0 0 0 0 0 0 0 0 0 0 0 0 0 0 0 0 0 0 0 0 0 0 0 0 0 0 0 0 0 0.0043329819 0 0 0 
0 0 0 0 0 0 0 0 0 0 0 0 0 0 0 0 0 0 0 0 0 0 0 0 0 0 0 0 0 0 0 0 0 0 0 0 0 0 0 0 0 0 0 0 0 0 1.0000000000 0 0 0 
0 0 0 0 0 0 0 0 0 0 0 0 0 0 0 0 0 0 0 0 0 0 0 0 0 0 0 0 0 0 0 0 0 0 0 0 0 1.0000000000 0 0 0 0 0 0 0 0 0 0 0 0 
0 0.0744162621 0 0 0 0 0 0 0 0.0249638329 0 0 0 0 0 0 0 0 0 0 0 0 0 0 0 0 0 0 0 0 0 0 0 0 0 0 0 0.8996633842 0 0 0 0 0 0 0 0 0.0009565208 0 0 0 
0 0 0.9630555406 0 0 0 0 0 0 0 0 0 0 0 0 0 0 0.0057965800 0 0 0 0 0 0 0 0 0 0 0 0.0311478794 0 0 0 0 0 0 0 0 0 0 0 0 0 0 0 0 0 0 0 0 
0 0 0 0 0 0 0 0 0 0.0137462862 0 0 0 0.5055239931 0 0 0 0 0.0301111134 0 0 0 0 0 0 0 0 0 0 0 0 0 0 0 0 0 0 0 0 0 0 0.0297065056 0 0 0 0 0.4209121017 0 0 0 
0 0.9403628374 0 0 0 0 0 0 0 0 0 0 0 0 0 0 0 0.0021167420 0 0 0 0 0 0 0 0 0.0492806745 0 0 0 0 0 0 0 0 0 0 0 0 0 0 0 0 0 0.0082397461 0 0 0 0 0 
0 0 0 0 0 0 0 0 0.0097911926 0.4809014509 0 0 0 0 0 0 0 0 0 0.5093073565 0 0 0 0 0 0 0 0 0 0 0 0 0 0 0 0 0 0 0 0 0 0 0 0 0 0 0 0 0 0 
0 0 0 0 0 0 0 0 0 0 0 0 0 1.0000000000 0 0 0 0 0 0 0 0 0 0 0 0 0 0 0 0 0 0 0 0 0 0 0 0 0 0 0 0 0 0 0 0 0 0 0 0 
0.8775412581 0 0 0 0 0 0 0 0 0 0.0213325293 0 0 0 0 0.0858797665 0 0 0 0 0.0079021628 0 0 0 0 0 0 0 0 0 0 0 0 0 0 0 0 0 0 0.0073442833 0 0 0 0 0 0 0 0 0 0 
0 0 0 0 0 0 0 0 0 0.0154132650 0 0 0 0 0 0 0 0 0 0 0.9777446815 0 0 0 0 0 0 0 0 0 0 0 0 0 0 0 0 0 0 0 0 0 0 0 0 0 0.0068420534 0 0 0 
0 0 0 0 0 0 0 0 0 0 0 0 0.0041256799 0 0.0059362654 0 0 0 0 0 0 0 0 0 0 0 0 0 0 0.2608037924 0 0.0692665759 0 0 0 0.1133483003 0 0 0 0 0 0 0 0 0 0 0 0 0.5465193861 0 
0 0 0.0080659923 0 0 0.0341873229 0 0 0 0 0 0 0 0.0099651276 0 0 0.0666904461 0 0 0 0.0064431369 0 0 0 0 0 0 0 0 0 0 0 0.8599627601 0 0.0146852141 0 0 0 0 0 0 0 0 0 0 0 0 0 0 0 
0 0 0 0 0 0 0.0223747824 0.0083675823 0 0.0112727662 0 0 0.1062399789 0 0 0.4350417705 0 0 0 0 0.4102820969 0.0064210227 0 0 0 0 0 0 0 0 0 0 0 0 0 0 0 0 0 0 0 0 0 0 0 0 0 0 0 0 
0 0 0 0 0 0 0 0 0 0.8870213551 0 0 0 0 0 0 0 0 0.0503231186 0 0 0 0 0 0 0 0 0 0 0 0 0 0 0 0 0 0 0 0 0 0 0 0 0 0 0 0.0626555263 0 0 0 
0 0 0 0 0 0 0 0 0 1.0000000000 0 0 0 0 0 0 0 0 0 0 0 0 0 0 0 0 0 0 0 0 0 0 0 0 0 0 0 0 0 0 0 0 0 0 0 0 0 0 0 0 
0 0.5291135683 0 0.4508580638 0 0 0 0 0 0 0 0 0 0 0 0 0 0 0 0 0.0046037382 0 0 0 0 0 0.0154246297 0 0 0 0 0 0 0 0 0 0 0 0 0 0 0 0 0 0 0 0 0 0 0 
0 0 0 0 0 0 0 0 0 0 0 0 0 0 0 0 0 0 0 0 0 0 0 0 0 0 1.0000000000 0 0 0 0 0 0 0 0 0 0 0 0 0 0 0 0 0 0 0 0 0 0 0 
0 0 0 0 0 0 0 0 0 0 0 0 0 0 0 0 0 0 0 0 0 0 0 0 0 0 0 0 0 0.6109809300 0 0 0 0 0 0 0 0 0 0 0.1653373073 0 0 0 0 0.2236817627 0 0 0 0 
0 0 0 0 0 0 0 0 0 0 0 0 0 0 0 0 0.0062465941 0 0 0 0 0 0 0.0408930824 0 0 0.4806516071 0 0.0179443359 0 0 0 0 0 0 0 0 0 0 0 0 0.4349218778 0 0 0.0193425026 0 0 0 0 0 
0 0 0 0 0 0 0 0 0 0 0.0569971167 0 0 0 0 0 0 0 0 0 0.0074753579 0 0 0 0 0 0 0 0 0 0 0.9355275254 0 0 0 0 0 0 0 0 0 0 0 0 0 0 0 0 0 0 
0 0 0 0 0 0 0 0 0 0 0 0 0 0 0 0 0 0 0 0 0 0 0 0 0 0 0.0228730021 0 0.8212738578 0.1409951180 0 0 0 0.0148580222 0 0 0 0 0 0 0 0 0 0 0 0 0 0 0 0 
0 0 0 0 0.0576959351 0 0 0 0 0 0 0 0 0 0 0 0 0 0 0 0 0 0 0 0 0 0.9423040649 0 0 0 0 0 0 0 0 0 0 0 0 0 0 0 0 0 0 0 0 0 0 0 
0 0 0 0 0 0.1322721254 0 0 0 0 0.0047354015 0 0 0 0 0 0 0 0 0 0 0 0 0.0397889981 0 0 0 0 0 0.4198269735 0.3790149434 0 0 0 0 0 0 0.0243615581 0 0 0 0 0 0 0 0 0 0 0 0 
0.0797379468 0 0 0 0.1142250441 0 0 0 0.3360261076 0 0 0 0 0 0.1751792276 0 0 0 0 0.0488677858 0 0.0017610382 0 0.0014040300 0 0 0.1216476136 0.0047665755 0 0 0 0 0.1131677768 0 0 0 0 0 0 0 0 0 0.0022287163 0 0.0009881376 0 0 0 0 0 
0 0 0 0 0.1957064455 0 0 0.7446023593 0 0 0 0 0 0 0 0 0 0 0 0 0 0.0008559275 0 0.0326065963 0 0 0 0 0.0086473515 0 0 0 0 0 0 0 0 0 0 0 0.0175813199 0 0 0 0 0 0 0 0 0 
0 0.0999531448 0 0 0 0 0.0009642470 0.1720014930 0 0 0 0 0 0 0 0 0.1103138358 0 0 0 0 0.0547668215 0 0 0 0 0 0 0 0 0 0 0 0.0587859341 0 0 0 0 0 0 0.5014089571 0 0 0 0 0 0 0.0014593829 0.0003461838 0 
0 0 0 0 0.4916502541 0 0.0114501599 0 0 0 0 0 0 0 0 0 0 0 0 0 0 0 0.0022334520 0 0 0 0.0322948427 0 0.0186425120 0.4365016142 0 0 0 0 0 0 0 0 0 0 0 0 0 0 0 0.0072271652 0 0 0 0 
0 0 0 0 0.0161222696 0 0 0.0014386253 0 0 0 0.0050252626 0 0 0 0 0.0605487909 0 0 0 0 0 0 0 0 0 0 0.0006972095 0.0056607328 0.1271446987 0.7804847191 0 0 0 0 0 0 0.0009679254 0 0 0 0 0 0 0 0 0 0 0 0.0019097661 
0 0 0 0 0 0 0 0 0 0 0 0 0 0 0 0 0 0 0 0 0 0 0 0 0 0 1.0000000000 0 0 0 0 0 0 0 0 0 0 0 0 0 0 0 0 0 0 0 0 0 0 0 
0 0 0 0 0 0 0 0 0 0 0 0 0 0 0 0 0 0 0 0 0 0 0 0 0 0 1.0000000000 0 0 0 0 0 0 0 0 0 0 0 0 0 0 0 0 0 0 0 0 0 0 0 
0 0 0 0 0 0.0014695042 0 0 0 0 0 0 0 0 0 0 0 0 0 0 0 0.0025634766 0 0.0052508344 0.0181965160 0.8464304270 0.0727998844 0 0 0.0448377439 0 0 0 0.0068596649 0 0 0 0 0 0 0 0 0 0 0.0015919486 0 0 0 0 0 
0 0 0 0 0 0 0 0.2205361887 0 0 0 0 0 0 0 0 0.7794638113 0 0 0 0 0 0 0 0 0 0 0 0 0 0 0 0 0 0 0 0 0 0 0 0 0 0 0 0 0 0 0 0 0 
0 0 0 0 0 0.0011066780 0 0 0 0 0 0 0 0 0 0 0 0 0 0 0 0 0 0 0.0286042216 0 0 0 0.1258945792 0 0.7982500231 0 0.0443911425 0 0 0 0 0 0 0 0 0 0 0 0 0 0.0017533555 0 0 0 
0 0 0 0 0 0 0 0.3296851422 0 0 0 0 0 0 0 0 0 0 0 0 0 0 0 0 0 0 0 0 0.4894435342 0.0231192384 0 0 0 0 0 0 0 0 0 0 0.1192922223 0.0384598629 0 0 0 0 0 0 0 0 
0 0.1787313011 0 0 0.4583932388 0 0 0 0 0 0 0 0 0 0.0933663655 0 0.0671013733 0 0 0 0 0 0 0 0 0.1316989836 0 0 0 0.0599897226 0 0 0 0 0 0 0 0 0.0107190152 0 0 0 0 0 0 0 0 0 0 0 
0 0 0 0 0 0 0 0 0.0453056012 0 0 0 0 0.0015053757 0 0 0 0 0 0 0 0 0 0 0 0 0.6218201387 0 0 0.1375322467 0 0 0 0 0 0 0.0026139100 0 0 0 0.1912227277 0 0 0 0 0 0 0 0 0 
0 0 0 0 0 0 0 0 0 0 0 0 0 0 0 0 0.1352157292 0 0 0.0936094722 0 0 0 0 0.0044839584 0 0 0 0 0.7472069331 0 0 0 0 0.0075359097 0 0 0 0 0 0 0 0 0 0.0119479974 0 0 0 0 0 
0 0 0 0 0 0 0 0.1171496222 0 0 0 0 0 0 0 0 0 0 0 0 0 0 0 0.0781909663 0.6704311564 0 0 0 0.0200667117 0.0885016165 0 0 0 0 0 0 0 0.0167403440 0 0 0.0015934780 0 0 0.0015225709 0 0 0 0 0.0058035339 0 
0 0 0 0 0 0 0.0010860388 0 0 0.3921072897 0 0 0 0 0 0 0 0.0031586018 0 0 0 0 0 0 0 0 0.6036480697 0 0 0 0 0 0 0 0 0 0 0 0 0 0 0 0 0 0 0 0 0 0 0 
0 0 0 0.2017080306 0 0 0 0 0 0 0 0 0 0 0.1824806353 0 0 0 0 0.0028800620 0 0 0 0 0 0.0228479484 0.1332104915 0 0 0 0 0.0129780411 0 0 0 0 0 0 0 0 0 0 0 0.4417427908 0 0 0 0 0.0021520002 0 
0 0 0 0 0 0 0 0.0134564846 0 0 0 0 0 0 0 0 0 0 0.0188662602 0.0045097496 0 0 0 0 0 0 0.3577327811 0 0.5354917447 0 0 0 0 0 0 0 0 0 0 0 0 0.0415138782 0.0284291015 0 0 0 0 0 0 0 
0 0 0 0 0 0 0 0.0751568572 0 0 0.2843118571 0 0 0 0 0 0.1479283483 0 0 0 0 0 0 0 0.0102014000 0 0 0 0 0 0 0 0 0 0 0 0 0 0 0 0.4824015374 0 0 0 0 0 0 0 0 0 
0 0 0 0 0 0 0 0 0 0 0 0 0 0 0 0 0 0 0 0 0 0 0 0 0 0 1.0000000000 0 0 0 0 0 0 0 0 0 0 0 0 0 0 0 0 0 0 0 0 0 0 0 
0 0.0156909828 0 0.0027981648 0 0 0 0 0 0 0.0084869584 0 0 0 0 0 0 0 0 0 0 0 0.0035845008 0 0 0.0031304182 0.6477344962 0 0 0.0394004464 0 0 0 0.2732869284 0 0 0 0 0 0 0 0 0 0 0 0 0 0.0058871040 0 0 
0 0 0 0.1681605644 0 0 0 0 0 0 0 0 0 0 0 0 0 0 0 0 0 0 0 0 0 0 0.5268409025 0 0.2440078920 0 0 0.0090857607 0 0 0.0070579399 0 0 0 0 0.0186110262 0 0.0262359144 0 0 0 0 0 0 0 0 
0 0 0 0.7615599792 0.0018957697 0 0 0 0 0.0007812804 0 0 0 0 0 0 0 0 0 0.0006916721 0 0 0 0 0 0 0.2034373642 0 0 0 0 0 0 0 0 0 0 0 0.0309846563 0 0 0 0 0 0.0006492781 0 0 0 0 0 
0.4291003730 0 0 0.0099682403 0 0 0 0 0.2876217726 0.0121459961 0 0 0 0 0.0180439617 0 0 0 0 0 0 0 0 0.0919134940 0 0.0704452241 0.0563551609 0 0.0227096615 0 0 0 0.0016961158 0 0 0 0 0 0 0 0 0 0 0 0 0 0 0 0 0 
0 0.0721217791 0 0 0 0.1788645505 0 0 0 0 0 0 0.0012190928 0 0 0 0 0.1334409847 0 0 0 0.2223080702 0 0 0 0 0 0.0023107947 0 0.3668298319 0 0 0 0.0058308788 0 0 0 0 0 0 0 0.0156302641 0.0014437534 0 0 0 0 0 0 0 
0 0 0 0 0 0 0 0 0 0 0 0 0 0 0 0 0 0.3925777452 0.0264473004 0 0 0 0 0 0.2276162990 0 0.3135834479 0 0 0 0 0 0 0 0 0 0 0 0 0 0.0342445843 0 0 0 0 0 0.0055306232 0 0 0 
0 0 0 0 0 0 0 0 0 0 0 0 0 0 0 0 0 0 0 0 0 0 0 0 0 0 1.0000000000 0 0 0 0 0 0 0 0 0 0 0 0 0 0 0 0 0 0 0 0 0 0 0 
0 0 0 0 0 0 0 0 0.0921662705 0 0 0 0.0012584972 0 0.0044528800 0 0 0 0 0 0 0 0 0.0187727507 0 0 0.8759486525 0 0 0 0 0 0 0 0 0 0.0074009492 0 0 0 0 0 0 0 0 0 0 0 0 0 
0 0 0 0.0130889273 0.2857113588 0 0 0.0874241321 0 0 0 0.0010504994 0 0 0.0819919429 0 0.0681123452 0 0 0 0 0 0 0 0 0 0 0 0 0 0 0.4265215709 0 0 0 0 0.0096670717 0 0.0148482306 0.0013495555 0 0 0 0 0.0070057948 0 0 0 0.0032285708 0 
0.0909824213 0 0 0.0031299881 0 0.1513935817 0 0.0689535768 0 0 0 0 0 0 0 0 0 0 0 0 0 0 0 0 0 0 0 0 0 0 0 0.3082629406 0 0.1928678733 0 0 0 0.0106811523 0 0 0 0 0 0 0 0 0 0 0.1737284660 0 
0 0 0 0 0 0 0 0 0 0 0 0.0053710938 0 0 0 0 0 0.5253171867 0 0 0 0 0 0 0.0417685249 0 0.4143724929 0 0 0 0 0 0 0 0 0 0 0 0 0 0 0 0 0.0107094018 0 0 0 0 0.0024613000 0 
0 0 0 0.1687730819 0 0 0 0 0 0.0383383306 0 0 0 0 0 0 0 0.0040546375 0 0 0 0 0 0 0 0 0.7888339500 0 0 0 0 0 0 0 0 0 0 0 0 0 0 0 0 0 0 0 0 0 0 0 
0 0 0 0 0 0 0 0 0 0 0 0 0 0 0 0 0 0 0 0 0 0.1354682144 0 0.0121563295 0 0 0.8161290008 0 0 0 0 0 0.0317739714 0 0.0044724840 0 0 0 0 0 0 0 0 0 0 0 0 0 0 0 
0 0 0 0 0 0 0 0 0 0 0 0 0 0 0 0 0 0 0 0.0033945491 0.0031980554 0 0 0 0 0 0.4949780173 0.0009761699 0 0 0.4631495744 0 0 0 0.0016059132 0 0.0076015101 0 0 0 0.0038549558 0 0 0.0086833879 0 0 0 0.0125578670 0 0 
0.0453477422 0 0 0 0 0 0 0.6997212421 0 0 0 0 0 0.0222340284 0 0 0 0 0 0.0408586326 0 0 0 0 0 0 0 0 0 0 0 0 0 0 0 0 0 0 0 0 0 0.0063374043 0 0 0 0 0.0044888651 0 0 0.1810120853 
0 0 0 0 0 0 0 0 0 0.4062598229 0 0 0 0 0 0 0 0 0 0 0 0 0 0 0 0.1779151523 0.3943400189 0 0 0 0 0 0 0 0 0 0 0 0 0 0 0.0115634489 0 0 0 0 0.0099215569 0 0 0 
0 0 0 0 0 0 0 0 0 0 0 0 0 0 0 0 0 0 0 0 0 0 0 0 0 0 0.8140605925 0 0 0.1859394075 0 0 0 0 0 0 0 0 0 0 0 0 0 0 0 0 0 0 0 0 
0.0024808893 0 0 0 0 0 0 0 0 0 0 0 0 0 0.0770524274 0 0 0 0 0 0 0.0043391021 0 0 0 0 0.2905479922 0 0.0453121610 0.0257771772 0 0.0035355095 0.0058372739 0 0.0042874151 0 0 0 0.0089985167 0 0.0447808795 0 0.0769202659 0.3363132955 0.0738170945 0 0 0 0 0 
0 0.0138289269 0 0 0 0 0 0 0 0 0 0 0 0 0 0 0 0.0422575638 0 0 0 0 0 0 0 0 0.7223156223 0 0 0.2140465122 0 0 0 0 0 0 0 0 0 0 0 0 0 0 0.0075513749 0 0 0 0 0 
0 0 0 0 0 0 0 0 0 0.1291831527 0 0 0 0 0 0 0 0 0 0.0148325294 0 0 0 0 0 0.2514342772 0.6037988806 0 0 0 0 0 0 0 0 0 0 0 0 0 0 0 0 0 0 0.0007511600 0 0 0 0 
0 0 0 0 0 0 0 0 0.0070298064 0.0166251771 0 0 0 0 0 0 0 0 0 0 0 0 0 0 0 0 0.2420100441 0 0 0 0 0 0.7321398868 0 0 0 0 0 0 0 0 0 0 0 0 0 0.0021950857 0 0 0 
0 0 0 0.0005139207 0 0 0 0 0.0089726145 0.1614824323 0 0 0 0 0 0 0 0 0 0 0 0 0 0.0011130498 0 0 0.0026220811 0 0 0 0 0 0 0 0 0 0 0 0 0 0 0.8237991091 0 0 0 0 0.0014967924 0 0 0 
0.0163244779 0 0 0 0.0083819302 0 0 0 0.1300145776 0 0 0.1010072635 0 0 0 0 0 0 0 0 0 0 0 0 0 0.0261933334 0.5180033204 0 0 0.1817832946 0 0 0 0.0110917086 0 0 0 0 0 0 0 0 0 0.0047734512 0.0024266427 0 0 0 0 0 
0 0 0 0 0 0 0.0043602339 0 0 0 0 0 0 0 0.0735915642 0 0 0 0.0049009051 0 0 0 0 0 0 0 0.7147669243 0 0 0 0 0 0 0.0168906905 0 0 0 0 0 0 0 0 0 0.1854896820 0 0 0 0 0 0 
0 0 0 0 0 0 0 0.0074360770 0 0 0 0 0 0 0 0 0 0.1132670034 0.0040761546 0 0.0075126081 0 0 0 0 0 0.4075061276 0 0 0.0824705377 0.2404579901 0 0 0 0 0 0 0 0 0 0 0 0 0.1230141444 0 0 0.0142593570 0 0 0 
0 0 0 0 0.7540381109 0 0 0 0 0 0 0 0 0 0 0 0 0 0 0 0 0 0 0 0 0 0 0 0 0.0219266515 0 0 0 0.0300637390 0 0 0 0 0 0 0.1939714987 0 0 0 0 0 0 0 0 0 
0 0 0 0 0 0 0 0 0 0 0 0 0 0 0.0000000315 0 0 0 0 0.0000000005 0 0 0 0.9999999380 0 0 0.0000000035 0 0 0 0 0 0 0 0 0.0000000007 0 0 0 0 0 0 0 0.0000000258 0 0 0 0 0 0 
0 0 0 0 0 0 0 0.0482379958 0 0 0 0 0 0 0 0 0.6059038617 0 0 0 0 0 0 0 0 0 0 0 0 0 0 0 0 0.3437801295 0 0 0 0 0 0.0020780129 0 0 0 0 0 0 0 0 0 0 
0 0 0 0 0 0 0 0 0 0 0 0.0097192222 0 0.0094174469 0 0 0 0.5349167011 0 0.0070403659 0 0 0 0 0 0 0.4374046753 0 0 0 0 0 0 0 0 0 0 0 0 0 0 0 0 0 0 0 0 0.0015015886 0 0 
0 0 0 0 0 0 0 0 0 0 0 0 0 0 0 0 0 0.1821710970 0 0 0 0 0 0.7098205155 0 0 0.0929558243 0 0.0029808054 0.0034489168 0 0 0 0 0 0 0 0 0 0 0 0 0 0.0086228411 0 0 0 0 0 0 
0 0 0 0 0 0 0.0153225308 0 0 0.0784932997 0 0 0 0 0 0 0 0 0 0 0 0 0.0103640009 0 0 0.0028567095 0.5993658883 0 0 0 0 0 0 0 0 0 0 0 0.0109504384 0 0 0.2769122343 0.0011178443 0 0 0 0.0046170537 0 0 0 
0 0 0 0 0 0 0 0 0 0 0 0 0 0 0 0 0 0 0 0 0 0 0 0 0 0 0 0 0 0.0743287716 0.0483155791 0 0 0 0 0 0 0 0 0 0.8773556493 0 0 0 0 0 0 0 0 0 
0 0 0 0 0 0 0 0 0 0 0 0 0 0 0 0 0 0 0 0 0 0 0 0 0 0 1.0000000000 0 0 0 0 0 0 0 0 0 0 0 0 0 0 0 0 0 0 0 0 0 0 0 
0 0 0 0 0 0 0 0 0 0.0242874791 0 0.0456254506 0.0029276507 0 0 0 0 0.3711023543 0 0.0083106197 0 0 0 0 0 0 0.4841919556 0 0 0.0455369688 0 0 0 0 0 0 0 0 0 0 0 0 0 0 0.0180175212 0 0 0 0 0 
0 0.2326754723 0 0 0 0.7182280889 0 0 0 0 0 0 0 0 0 0 0.0060672182 0 0 0 0 0 0 0 0 0 0 0 0 0 0 0 0 0 0 0 0 0.0024223100 0 0 0.0406069106 0 0 0 0 0 0 0 0 0 
0 0 0 0 0 0 0 0 0 0 0 0 0.0056169658 0 0 0 0 0 0.0349214589 0 0 0.0192803099 0.0026435675 0 0 0.0204343728 0.6231321731 0 0 0.0249954465 0 0 0 0.0116748254 0 0 0 0 0 0 0.0119007530 0.2454001272 0 0 0 0 0 0 0 0 
0 0 0 0 0.4919240548 0 0 0 0 0 0 0 0 0 0 0 0 0 0 0 0 0 0 0 0 0.0022378866 0.5004205124 0 0 0 0 0 0 0 0 0 0.0054175462 0 0 0 0 0 0 0 0 0 0 0 0 0 
0 0 0 0.2274358516 0 0 0 0 0.0716005315 0 0 0 0 0 0 0 0 0 0 0.0082350546 0 0 0 0 0 0 0.6927285623 0 0 0 0 0 0 0 0 0 0 0 0 0 0 0 0 0 0 0 0 0 0 0 
0 0.0073804610 0 0 0 0 0 0.2005434605 0 0 0.1565275813 0.3932903421 0 0 0 0 0 0 0 0 0 0 0 0.0051422342 0 0 0 0 0 0.0501343017 0 0 0.0306307591 0.0094698505 0 0 0 0 0 0 0.1457273340 0 0 0 0 0.0011536755 0 0 0 0 
0 0 0 0 0 0 0 0 0 0 0 0 0 0 0 0 0 0 0 0 0 0 0 0 0 0 1.0000000000 0 0 0 0 0 0 0 0 0 0 0 0 0 0 0 0 0 0 0 0 0 0 0 
0 0 0 0 0 0 0 0 0 0 0 0 0 0 0 0 0 0 0 0 0 0 0 0 0 0 0.2897337943 0 0 0.7034324186 0 0 0 0.0068337871 0 0 0 0 0 0 0 0 0 0 0 0 0 0 0 0 
0 0 0 0 0 0.0018128508 0 0 0 0 0 0.0011354673 0 0 0 0 0 0 0 0 0 0 0 0 0.0067421330 0 0.1984263779 0 0.7739595719 0 0 0 0 0 0 0 0 0 0 0 0 0 0.0179235991 0 0 0 0 0 0 0 
0 0 0 0.5261258229 0 0 0 0 0 0 0 0 0 0 0.0283005163 0 0 0 0 0 0 0 0 0 0 0 0.4414421728 0 0 0 0 0 0 0 0.0041314881 0 0 0 0 0 0 0 0 0 0 0 0 0 0 0 
0 0 0 0 0 0.0202978745 0 0 0 0 0 0 0 0 0 0 0 0.2760852259 0 0 0 0 0 0 0 0.0119628906 0.0341786939 0 0 0.0501273503 0 0 0 0 0 0 0 0 0 0 0.5202468775 0.0824512372 0 0 0 0 0.0046498501 0 0 0 
0 0.0604247186 0 0 0 0 0 0 0 0 0 0 0 0 0 0 0 0 0 0 0 0 0 0 0 0 0.6934744624 0 0 0.2461008190 0 0 0 0 0 0 0 0 0 0 0 0 0 0 0 0 0 0 0 0 
0 0 0 0 0 0 0 0 0 0 0 0 0 0 0 0 0 0 0 0 0 0 0 0 0.9529338753 0 0.0470661247 0 0 0 0 0 0 0 0 0 0 0 0 0 0 0 0 0 0 0 0 0 0 0 
0 0 0 0 0.1601118239 0 0 0 0 0 0 0 0 0 0 0 0 0 0.0035257824 0 0 0 0 0 0 0 0.8122572396 0 0 0 0 0 0 0 0 0 0 0 0 0 0 0 0 0 0.0241051541 0 0 0 0 0 
0 0 0 0 0 0 0 0 0 0 0 0.5319120624 0 0 0 0 0 0 0 0 0 0 0 0.0382252734 0 0 0.3105673931 0 0 0.0270781547 0 0 0.0332385355 0 0 0 0 0 0 0 0 0 0 0 0 0.0589785808 0 0 0 0 
0 0 0.0419844167 0.0171296279 0 0 0 0 0 0.0014361904 0.0024519791 0 0 0 0 0 0 0 0 0 0 0 0 0 0 0.0009177156 0.0052037315 0 0.0016582889 0 0 0 0.0019272645 0 0 0 0 0 0.0102368209 0 0 0 0 0.8663452219 0 0 0.0507087426 0 0 0 
0 0 0 0 0 0 0 0 0 0 0 0 0 0 0 0 0 0 0 0 0 0 0 0 0 0 1.0000000000 0 0 0 0 0 0 0 0 0 0 0 0 0 0 0 0 0 0 0 0 0 0 0 
0 0 0 0 0 0 0 0 0 0 0 0 0 0 0.0013238176 0 0.1050324138 0.0045480868 0 0 0 0.5064630899 0 0 0 0 0 0 0 0 0 0 0 0.0205122803 0 0.3593089439 0 0 0 0 0 0 0 0 0.0028113676 0 0 0 0 0 
0 0 0 0.4738941624 0 0 0 0 0 0 0 0 0 0 0 0 0 0 0 0 0 0 0 0 0 0 0.5082336087 0 0 0 0 0 0 0 0 0.0178722289 0 0 0 0 0 0 0 0 0 0 0 0 0 0 
0 0 0 0 0 0.1130515257 0 0 0 0 0 0 0 0 0 0 0.4565620217 0 0.0011148732 0 0.0037239734 0 0 0 0 0.3789278016 0 0.0004135008 0.0376651194 0 0 0 0 0 0 0 0 0 0 0 0.0085411843 0 0 0 0 0 0 0 0 0 
0 0 0 0 0 0 0 0 0 0 0 0 0 0 0.0037942566 0 0.0193255921 0 0 0 0 0.0010543437 0 0 0 0 0.0093077814 0.0022381467 0.4886395449 0 0 0.0774116524 0 0.1467983893 0 0 0 0 0 0 0 0 0.0010006041 0 0.0088764451 0.2415532438 0 0 0 0 
0 0 0 0 0 0 0 0 0 0 0 0 0 0 0 0 0 0 0 0 0 0 0 0 0 0 0 0 0 0.0086797635 0 0 0 0.1423275442 0 0 0 0 0 0 0.8489926923 0 0 0 0 0 0 0 0 0 
0 0 0 0 0 0 0 0 0 0 0 0 0 0 0 0 0 0 0 0 0 0 0 0 0 0 0.0392498495 0 0 0.8169331482 0 0 0 0 0 0 0.0009890060 0 0 0 0.0021641876 0 0.1406638088 0 0 0 0 0 0 0 
0 0 0 0 0 0 0 0 0 0.0011704165 0 0 0 0 0 0 0 0.3326004536 0 0 0 0 0 0 0 0.0014189742 0.2720270347 0 0 0.3870553426 0 0 0 0 0 0 0 0 0 0 0.0057277783 0 0 0 0 0 0 0 0 0 
0 0 0 0 0 0 0 0 0 0 0 0 0 0 0 0 0 0 0 0 0 0 0 0 0 0 1.0000000000 0 0 0 0 0 0 0 0 0 0 0 0 0 0 0 0 0 0 0 0 0 0 0 
0 0 0 0 0 0 0 0 0 0 0 0 0 0 0 0 0 0 0 0 0 0 0 0 0 0.0165095147 0.8349557225 0 0 0 0 0 0 0 0 0 0 0 0 0 0.1485347628 0 0 0 0 0 0 0 0 0 
0 0 0 0 0.0894802009 0.0032695065 0 0 0 0 0 0 0 0 0 0 0 0.2289113792 0 0 0 0 0.0011559509 0 0 0 0.3258578068 0 0 0.0041018307 0 0 0 0 0 0 0 0.0010541877 0 0 0 0 0.3461691374 0 0 0 0 0 0 0 
0 0 0 0.0167997079 0 0 0 0 0 0 0 0.1426671574 0 0 0 0 0 0 0 0 0 0 0 0 0 0 0.8405331346 0 0 0 0 0 0 0 0 0 0 0 0 0 0 0 0 0 0 0 0 0 0 0 
0 0 0 0 0 0 0 0 0 0 0.0025050759 0 0 0 0 0 0 0 0 0 0 0 0 0.7278924022 0 0 0.2674199242 0 0.0009759696 0 0 0 0 0 0 0 0 0 0 0 0 0 0 0.0012066282 0 0 0 0 0 0 
0 0 0 0 0 0 0 0 0 0 0 0 0 0 0 0 0 0 0 0 0 0 0 0 0 0 1.0000000000 0 0 0 0 0 0 0 0 0 0 0 0 0 0 0 0 0 0 0 0 0 0 0 
0 0 0 0 0 0 0 0 0 0 0 0 0 0 0 0 1.0000000000 0 0 0 0 0 0 0 0 0 0 0 0 0 0 0 0 0 0 0 0 0 0 0 0 0 0 0 0 0 0 0 0 0 
0 0 0 0 0.1375138940 0 0 0 0 0 0 0 0 0 0 0 0.3706290072 0.0699211013 0 0 0 0 0 0 0 0 0 0 0 0 0 0 0.0106894109 0.0637982086 0 0 0 0.1068025831 0 0 0.1849311772 0 0 0 0 0 0.0370119942 0.0187026235 0 0 
0 0 0 0 0 0 0 0 0 0 0 0 0 0 0 0 0.0048448476 0 0 0 0 0 0 0 0 0 0 0 0 0.8088121341 0 0 0 0 0 0 0 0 0 0 0.1863430183 0 0 0 0 0 0 0 0 0 
0 0 0.0357883155 0 0 0 0 0 0.0039017599 0 0 0 0 0.0468497623 0 0 0.0343510773 0 0 0 0 0 0 0 0.0159912109 0 0 0 0 0 0 0 0 0.8178382031 0 0 0 0 0 0 0 0 0 0 0 0 0 0 0.0452796710 0 
0.0331592697 0 0 0 0 0 0 0 0.0030212402 0 0 0 0 0 0 0 0 0 0 0 0 0 0 0.1969218045 0 0 0.7668976856 0 0 0 0 0 0 0 0 0 0 0 0 0 0 0 0 0 0 0 0 0 0 0 
0 0 0 0 0 0 0 0.0101114750 0 0 0 0.0032614983 0 0 0 0 0.0297488020 0 0 0 0 0.0096787556 0 0 0 0 0 0 0 0 0.3806059729 0 0 0 0 0 0 0 0 0.5665934961 0 0 0 0 0 0 0 0 0 0 
0 0 0 0 0.0397536048 0 0 0.0028948691 0 0 0 0 0 0 0 0 0 0.0274136152 0 0 0 0 0 0 0 0 0.4854283742 0 0.3764955892 0.0353360861 0 0 0 0 0 0 0 0 0.0285625464 0.0041153150 0 0 0 0 0 0 0 0 0 0 
0 0 0 0 0 0 0 0 0 0 0 0 0 0 0 0 0 0 0 0 0 0 0 0 0 0 1.0000000000 0 0 0 0 0 0 0 0 0 0 0 0 0 0 0 0 0 0 0 0 0 0 0 
0 0 0 0 0 0 0 0 0 0 0 0 0 0 0 0 0.0101853838 0 0 0 0 0 0 0 0 0 0.5727272359 0 0.2131412143 0.0249495991 0 0 0 0.0056095371 0 0 0 0 0 0 0 0.1247414564 0 0.0486455734 0 0 0 0 0 0 
0 0 0 0 0 0 0 0 0 0 0 0 0 0 0 0 0 0.0255594536 0 0.0327217971 0 0 0 0 0.2281344661 0 0.0319835470 0 0 0.6361627474 0 0 0 0 0 0 0.0008435734 0 0 0 0.0138177210 0 0 0 0 0 0 0 0.0307766943 0 
0.7383284118 0 0 0 0 0 0 0 0 0.0936355921 0 0 0 0 0 0 0 0 0 0.0375788029 0.0066274483 0.0037092038 0 0 0 0.1047580607 0.0013854406 0 0 0 0 0 0.0127975182 0 0 0 0 0 0.0011795216 0 0 0 0 0 0 0 0 0 0 0 
0 0 0 0.0027899131 0 0 0 0 0.6131810221 0 0 0.0461365582 0 0 0.0037478913 0 0 0 0 0 0 0.0216869075 0 0 0 0.0632836743 0.2325632688 0 0.0088595941 0 0 0 0 0 0 0.0077511705 0 0 0 0 0 0 0 0 0 0 0 0 0 0 
0.0975042840 0 0 0 0.0011270469 0 0 0.0300611445 0.1025380453 0 0 0.0008695069 0 0 0 0 0 0 0 0 0 0.0013610716 0 0.1702713336 0 0 0.0701358355 0.0041420247 0 0.1608616306 0.1032091565 0 0.2106328048 0 0 0 0 0 0 0 0 0 0.0017994860 0.0454866290 0 0 0 0 0 0 
0 0 0 0 0 0 0 0 0 0 0 0.7230398273 0 0 0 0.0779918450 0 0 0 0 0 0 0 0 0 0 0 0.0017626023 0 0 0 0 0.0481639264 0 0.1230100863 0 0 0 0 0.0260317128 0 0 0 0 0 0 0 0 0 0 
0 0 0 0 0 0 0 0 0 0 0 0 0 0 0 0 0 0 0 0 0 0.8231901226 0 0 0 0.0365622371 0 0 0 0 0 0.1402476402 0 0 0 0 0 0 0 0 0 0 0 0 0 0 0 0 0 0 
0 0 0 0 0 0 0 0.4319737375 0 0 0 0 0 0 0 0 0.0209669721 0 0 0 0 0 0 0 0 0 0 0 0 0 0 0 0 0.5302738048 0 0 0 0 0 0.0167854857 0 0 0 0 0 0 0 0 0 0 
0 0 0.0332303927 0 0 0 0 0 0 0 0 0 0 0 0 0 0 0 0 0 0 0 0 0 0 0 0 0 0 0 0 0 0 0 0 0 0 0.0037235646 0.9630460428 0 0 0 0 0 0 0 0 0 0 0 
0.8494202581 0 0 0 0 0 0 0 0 0 0 0 0 0 0 0 0.0536921296 0 0 0 0 0 0 0 0 0 0 0 0 0 0 0 0 0 0 0 0 0 0 0.0968876122 0 0 0 0 0 0 0 0 0 0 
0 0.9926685835 0.0068114833 0 0 0 0 0 0 0 0 0.0005199333 0 0 0 0 0 0 0 0 0 0 0 0 0 0 0 0 0 0 0 0 0 0 0 0 0 0 0 0 0 0 0 0 0 0 0 0 0 0 
0 0 0 0.4679218970 0 0.3529456403 0 0 0 0 0 0 0 0 0 0 0.0079579443 0 0 0 0 0 0 0 0 0 0 0 0.0601189272 0 0.0334173739 0 0 0.0776382174 0 0 0 0 0 0 0 0 0 0 0 0 0 0 0 0 
0.7048062037 0 0 0 0 0 0 0 0 0 0 0 0 0 0 0.0108917419 0 0 0 0 0.0047175585 0 0 0 0 0 0 0 0 0 0 0.0218429571 0 0 0 0 0 0.2577415387 0 0 0 0 0 0 0 0 0 0 0 0 
0.6523804876 0 0 0 0 0 0.0008685525 0.0035361080 0 0 0 0 0 0 0 0 0.1137587911 0 0 0 0 0 0 0 0 0 0 0 0 0 0 0.0014785135 0 0 0 0 0 0 0 0.1475147509 0 0 0 0 0 0 0 0 0 0.0804627964 
0.3538716754 0 0 0.0257863145 0 0 0 0 0 0 0 0 0 0 0.5934604585 0 0 0 0 0 0 0 0 0 0 0 0.0072460547 0 0 0.0196354969 0 0 0 0 0 0 0 0 0 0 0 0 0 0 0 0 0 0 0 0 
0 0 0 0 0 0 0.0039584336 0.0038917958 0 0 0 0 0 0 0 0.2042875444 0.0109965515 0 0 0 0 0 0 0 0 0 0 0 0 0 0 0 0 0 0 0 0 0 0.3531518027 0.3914555024 0 0 0 0 0 0 0 0 0 0.0322583697 
0.3692946233 0 0 0.0201217023 0 0.3184190035 0 0.2160370844 0 0 0 0 0 0 0 0 0 0 0 0 0 0 0 0 0 0 0 0 0 0 0 0 0 0 0 0 0 0 0 0.0241809958 0 0 0 0 0.0031647164 0 0 0 0 0.0487818742 
0 0 0 0.1879333811 0 0 0 0 0 0 0 0 0 0 0.0103392025 0 0 0 0 0 0 0 0 0.2771002213 0 0 0.1380998665 0 0 0 0 0 0 0 0.0088871448 0 0 0 0 0 0 0 0 0 0.3776401838 0 0 0 0 0 
0.0159830761 0 0 0 0 0 0 0 0 0.0015189732 0 0 0 0.2582529030 0 0 0 0 0 0.0166767737 0 0.0045305269 0 0 0 0 0 0.0008352666 0 0 0 0 0 0 0 0.0487040236 0 0 0.0211651067 0.1096763966 0 0 0.0105012329 0.4957137880 0.0043403324 0 0 0 0 0.0121016004 
0 0 0 0 0.1183166888 0.7127698680 0 0 0 0 0 0 0 0 0.1689134432 0 0 0 0 0 0 0 0 0 0 0 0 0 0 0 0 0 0 0 0 0 0 0 0 0 0 0 0 0 0 0 0 0 0 0 
0 0.0664724258 0 0 0 0 0 0 0 0 0 0 0 0 0 0 0 0 0.0036134998 0.4724930792 0 0 0 0 0 0 0.0061159602 0.0014781564 0 0 0 0.4079252937 0 0 0 0 0 0 0 0 0 0 0 0 0 0.0419015849 0 0 0 0 
0.0221620312 0 0 0 0.0399868136 0 0 0 0 0 0 0.1728375854 0 0 0 0 0 0 0 0 0 0 0 0.0308447778 0 0 0.6191495077 0 0.0038747146 0 0.1062301790 0 0 0.0049143908 0 0 0 0 0 0 0 0 0 0 0 0 0 0 0 0 
0 0 0 0 0 0 0 0 0 0 0.0994627119 0.7215402857 0 0 0 0 0 0.0119628906 0 0 0 0 0 0 0 0 0.1092419345 0.0011027788 0 0.0494005290 0 0 0 0 0 0 0 0 0 0 0 0 0 0 0 0 0.0072888696 0 0 0 
0 0 0 0 0 0.0851679752 0 0.3355205818 0 0 0 0.0647138426 0 0 0.1813495456 0 0 0 0 0 0 0 0 0 0.0963178227 0.0056390139 0 0 0 0 0 0.2022993927 0 0.0289918255 0 0 0 0 0 0 0 0 0 0 0 0 0 0 0 0 
0 0 0 0 0 0.0144938399 0.0015748766 0 0 0.2726995872 0 0 0 0 0 0 0 0 0 0.0291554223 0 0.0190541323 0 0 0 0 0 0.0030421967 0 0 0 0.0267390441 0.0131191276 0 0 0 0 0 0 0 0 0.0192354580 0.0012997098 0 0 0.2696636955 0 0 0 0.3299229099 
0.3746139657 0 0 0 0 0 0 0 0 0 0 0.1645960786 0 0.1266454728 0.0025693950 0 0 0 0 0 0 0 0 0 0 0 0 0 0 0 0 0 0.0376650577 0 0 0 0 0 0 0 0.1156267901 0 0 0 0.0043260092 0.0574967184 0.0800449947 0 0 0.0364155179 
0 0 0 0 0 0 0 0 0 0 0 0 0 0 0 0 0 0 0 0 0 0 0 0 0 0 0 0 0 0 0 0 0 0 0 0 0 0 0 0.0436248902 0 0 0 0 0 0 0 0 0 0.9563751098 
0 0 0 0 0 0 0 0 0 0 0 0 0 0 0 0 0 0 0 0 0 0 0 0 0 0 0 0 0 0 0 0.8998920185 0 0 0 0 0 0 0 0.1001079815 0 0 0 0 0 0 0 0 0 0 
0 0 0 0 0 0 0 0 0 0 0 0 0 0.2012772296 0 0 0 0 0.0092838324 0.0015497378 0 0 0 0 0 0 0 0 0 0 0 0 0 0 0 0 0 0.0027623866 0.7761389824 0 0 0 0 0 0 0.0010395595 0.0068905210 0 0.0010577508 0 
0 0 0 0.0012273191 0 0 0 0 0 0 0 0 0 0 0 0 0 0 0.8705276265 0 0 0 0.0009700674 0 0 0 0 0 0 0 0 0.1176121746 0 0 0 0 0 0 0.0021658940 0.0074969184 0 0 0 0 0 0 0 0 0 0 
0 0 0 0 0 0 0 0 0 0 0 0 0 0 0 0 0.0015156629 0 0 0 0 0.6490448427 0 0.1771305222 0 0 0 0 0 0 0.0038988522 0.1392796498 0 0 0 0 0 0 0.0005989665 0.0053224144 0 0 0 0.0232090893 0 0 0 0 0 0 
0 0 0 0.7225026608 0 0 0 0 0.0024082748 0 0 0 0 0.2343681035 0 0 0 0 0 0 0 0 0 0.0063003901 0 0 0.0046376306 0 0 0 0 0 0.0039219979 0 0 0 0 0 0 0 0 0 0 0 0 0 0.0137678898 0 0.0120930526 0 
0 0 0 0.0179086941 0 0 0 0 0.0558652039 0 0 0 0 0 0 0 0 0 0 0 0 0 0 0.0046386719 0 0 0 0 0 0 0 0.8423337179 0 0 0 0 0 0 0 0 0 0 0 0 0 0 0.0780555625 0 0 0.0011981499 
0 0 0.0006855769 0 0 0 0 0 0 0 0 0 0 0 0 0 0 0 0 0 0 0.2166808740 0 0 0 0 0.0444816121 0 0 0 0.0160543130 0 0 0 0 0 0 0 0 0 0 0.7220976240 0 0 0 0 0 0 0 0 
0.0706841743 0 0 0.0396726622 0 0 0 0 0 0 0 0 0 0 0.1072721183 0 0 0 0 0.1867661456 0.0202190847 0 0 0 0 0 0 0.0012386920 0 0 0 0.3290966936 0.0151985438 0 0 0.0233988496 0 0 0 0 0 0 0 0 0 0.0065253986 0.1559975398 0 0 0.0439300976 
0.0039891013 0 0 0.0064986185 0.7869174640 0 0 0 0 0 0 0 0 0 0 0 0 0 0 0 0 0 0 0 0 0.1152666071 0.0791558851 0 0 0 0 0 0.0008381297 0 0 0 0 0 0.0024252756 0 0 0.0049089189 0 0 0 0 0 0 0 0 
0 0 0 0 0 0 0 0 0 0 0 0 0 0.0010528564 0 0 0 0 0 0 0 0 0 0 0 0 0 0 0 0 0 0.9989471436 0 0 0 0 0 0 0 0 0 0 0 0 0 0 0 0 0 0 
0 0 0 0 0.0912739679 0 0 0 0 0 0 0 0 0 0 0 0 0 0 0 0 0 0 0.0012603022 0 0 0.0254942654 0 0 0.0026260628 0 0 0 0 0 0 0 0 0 0 0 0 0.1093515737 0 0.0126822597 0 0 0 0.7573115684 0 
0.1007403171 0 0 0 0 0 0 0.0019890216 0 0 0 0 0 0 0 0 0 0 0 0 0 0 0 0.5016866758 0 0 0 0 0.0048858199 0 0.3906981656 0 0 0 0 0 0 0 0 0 0 0 0 0 0 0 0 0 0 0 
0 0 0 0 0 0 0 0.0190359287 0 0 0 0 0 0 0 0 0 0 0 0 0 0 0 0 0 0 0 0 0 0 0 0 0 0 0 0 0 0 0.9809640713 0 0 0 0 0 0 0 0 0 0 0 
0 0 0 0 0 0.0281973255 0 0.0632871692 0.0438211033 0 0 0 0 0 0 0 0 0 0 0 0 0.0067966537 0 0.0041327976 0 0.1850177470 0 0.0010166496 0 0 0 0.4337841216 0.2127510877 0 0 0.0211953448 0 0 0 0 0 0 0 0 0 0 0 0 0 0 
0.8994808022 0 0 0 0 0 0 0 0 0 0 0 0 0 0 0 0.1005191978 0 0 0 0 0 0 0 0 0 0 0 0 0 0 0 0 0 0 0 0 0 0 0 0 0 0 0 0 0 0 0 0 0 
0 0 0.0173964224 0 0 0 0 0.0133778939 0 0 0 0 0 0 0 0 0.1171441170 0 0 0 0 0 0 0 0.6288652120 0 0 0 0.0079178650 0 0 0.0064912422 0 0.1619198553 0 0 0 0 0 0.0236005412 0 0.0079617201 0 0 0 0 0 0 0.0028110004 0.0125141304 
0.0388506040 0 0 0.0877754290 0 0 0 0 0 0 0 0 0 0 0.0023061356 0 0 0 0 0 0 0 0 0.1456328749 0 0 0 0 0 0 0 0.5875026674 0.1247953082 0 0 0 0 0 0.0088097034 0 0 0 0 0 0 0 0 0.0043272775 0 0 
0.6923681144 0 0 0 0 0.1225852872 0 0 0 0 0 0 0 0 0 0 0.0158477349 0 0 0 0 0 0 0 0 0 0 0 0.0359116787 0 0 0 0 0.1296643315 0 0 0 0 0 0 0 0 0 0 0.0036228534 0 0 0 0 0 
0 0 0 0 0 0.0039589643 0 0 0.0986986603 0 0 0 0 0 0.0011073966 0 0 0 0 0.0015676905 0 0 0 0 0 0 0.1537780615 0 0 0 0 0 0 0 0 0.0016099386 0 0 0 0 0 0 0 0 0.7392792883 0 0 0 0 0 
0.0165758860 0 0 0 0 0 0 0 0 0 0 0 0 0 0.0706021022 0 0.0879533581 0 0 0 0 0 0 0 0 0.3965408755 0 0 0.0125049506 0 0 0.1876232356 0 0.0101447233 0 0 0 0 0 0.1670062696 0.0481603307 0 0 0 0 0.0028882684 0 0 0 0 
0 0 0 0 0 0 0 0.1175698770 0 0 0 0 0 0 0.4040924541 0 0 0 0 0 0 0 0 0 0 0 0.0254968515 0 0.1567230549 0.2546852885 0.0414324741 0 0 0 0 0 0 0 0 0 0 0 0 0 0 0 0 0 0 0 
0 0 0 0 0.6703514839 0 0 0 0 0 0 0 0 0 0 0 0 0 0 0 0 0 0 0 0 0 0 0 0.3119593702 0.0164859172 0 0.0012032288 0 0 0 0 0 0 0 0 0 0 0 0 0 0 0 0 0 0 
0 0 0 0 0 0 0 0 0.0014648620 0 0 0 0 0.0000000010 0 0 0 0 0 0 0 0 0 0 0 0 0 0 0 0 0 0 0 0 0 0 0 0 0.9985351370 0 0 0 0 0 0 0 0 0 0 0 
0 0 0 0 0.0131088597 0 0 0 0.5296684228 0 0 0 0 0 0.0223613858 0 0 0 0.0351900351 0 0 0 0 0 0 0 0.0279488395 0 0 0 0 0 0 0 0 0 0 0 0.2927913237 0 0 0 0.0110625661 0.0678685675 0 0 0 0 0 0 
0 0 0 0 0 0 0 0 0 0 0 0 0 0 1.0000000000 0 0 0 0 0 0 0 0 0 0 0 0 0 0 0 0 0 0 0 0 0 0 0 0 0 0 0 0 0 0 0 0 0 0 0 
0 0 0 0 0 0 0 0.0232439091 0 0 0 0 0 0 0 0 0 0.5165604337 0 0 0 0 0 0 0 0 0.0277636823 0 0 0.4324319749 0 0 0 0 0 0 0 0 0 0 0 0 0 0 0 0 0 0 0 0 
0 0 0.0101883559 0 0.0008346001 0 0 0 0 0 0.3886599812 0 0 0 0 0 0.1242673144 0 0.0092100181 0 0 0.0015351584 0 0.0009825765 0 0 0 0.0036272398 0 0.1113710508 0.1896258730 0 0 0.1573809961 0 0 0 0 0 0 0 0 0.0015200091 0 0.0007968266 0 0 0 0 0 
0.2271021735 0 0 0 0 0 0 0.0010863875 0 0 0 0 0 0 0 0 0.0042245189 0 0 0 0 0 0 0 0 0 0 0 0 0 0 0.0041503906 0 0 0 0.0030308636 0 0 0 0 0 0 0 0 0 0.7282625904 0 0 0 0.0321430754 
0.1216341206 0 0 0.0895526966 0 0.0187749823 0 0 0 0 0.0924035521 0 0 0 0.4500977938 0 0 0 0 0 0 0.0010489394 0 0.1442445889 0 0 0 0.0026596304 0 0 0 0.0782933355 0 0 0 0 0 0 0 0 0 0 0.0012903604 0 0 0 0 0 0 0 
0 0 0 0 0 0 0 0 0 0 0 0 0 0 0.9286958991 0 0 0 0 0 0 0 0 0.0023895905 0 0.0130920410 0 0 0.0019619805 0 0 0 0 0 0 0 0 0 0 0 0 0 0 0.0538604889 0 0 0 0 0 0 
0 0 0 0.1740768071 0.0955186998 0 0 0 0 0 0 0 0 0 0.0297812571 0 0 0.0010195392 0 0 0 0 0 0.0449967348 0 0 0.0854550879 0 0.5267884927 0.0117178468 0 0 0 0 0.0112022430 0.0099108019 0 0 0.0095324899 0 0 0 0 0 0 0 0 0 0 0 
0 0 0.0115152866 0.2082706108 0 0 0 0 0.0070631834 0 0 0 0 0.0726246938 0.0247503774 0.0101334849 0 0 0 0 0 0 0 0 0 0 0 0.0011276978 0 0 0 0.6559870790 0 0 0 0 0 0 0 0 0 0 0 0 0 0 0 0 0.0085275864 0 
0 0 0 0 0 0 0 0 0 0 0 0 0 0 0 0 0.2563454283 0 0 0 0 0 0 0 0.5374289953 0 0 0 0 0 0 0 0 0 0 0 0 0 0 0.1607491256 0.0382407213 0 0 0 0.0046228955 0 0 0 0 0.0026128340 
0 0 0 0 0.0996859289 0 0 0 0 0 0 0 0 0 0.3353103294 0 0 0 0 0 0 0 0 0 0 0 0 0 0 0 0 0.2218127778 0 0 0 0 0 0 0.3431909640 0 0 0 0 0 0 0 0 0 0 0 
0.5324332971 0.0020909019 0 0 0 0.0163928601 0 0 0 0 0 0 0 0 0.0040444565 0 0 0 0 0 0 0 0 0 0 0 0.0065124420 0 0 0 0 0 0 0 0 0.0027351456 0 0 0.0036163838 0 0 0 0 0.4034627420 0 0.0287117711 0 0 0 0 
0 0 0.0084497214 0 0.0788031945 0.3479233674 0 0.0081249369 0 0 0 0 0 0 0.0031381507 0 0 0.0031948228 0 0 0 0 0 0 0 0 0 0 0 0 0 0 0 0 0 0.3777633108 0 0 0.1628166791 0.0033182121 0 0 0 0 0 0 0 0 0 0.0064676044 
0.0029073191 0 0 0 0.0028659568 0 0 0 0 0 0 0 0 0 0.0097439201 0 0.0379043549 0 0 0 0 0 0 0 0 0 0 0 0.4091141659 0.0231016459 0 0 0 0 0 0.0014559892 0 0 0 0 0 0 0 0 0.5129066481 0 0 0 0 0 
0 0 0 0 0 0.0079526842 0 0 0.1286504304 0 0 0 0 0 0 0 0 0 0 0 0 0 0 0 0 0 0.0061578218 0 0 0.0657828415 0 0.7260492054 0 0 0 0.0458845682 0 0 0.0011718403 0 0 0 0 0.0183506083 0 0 0 0 0 0 
0 0 0.0232883106 0 0 0 0.0020035104 0.0095523732 0 0 0 0 0 0 0 0.0399807128 0 0 0 0 0.0894216403 0 0 0 0 0 0 0 0 0 0 0.5811380471 0 0 0.1158867762 0 0 0 0 0.1387286294 0 0 0 0 0 0 0 0 0 0 
0 0.7656737671 0 0.0093082446 0 0 0 0 0 0 0 0 0 0 0 0 0 0 0.0011764684 0 0 0 0 0 0.0135146373 0 0.0456809647 0 0.1494421008 0.0152038171 0 0 0 0 0 0 0 0 0 0 0 0 0 0 0 0 0 0 0 0 
0 0 0 0 0 0 0 0 0 0 0 0 0 0 0.4504868919 0 0 0 0.0108757558 0 0 0 0 0 0 0 0 0.0010954181 0 0 0 0.2352372620 0 0 0 0 0 0 0 0 0 0 0 0.2006632066 0 0.0131940260 0 0 0.0884474397 0 
0 0 0 0 0 0 0 0 0 0 0 0 0 0 0 0 0 0 0 0 0 0 0 0 0 0 0 0 0 0 0 0 0 0 0 0 0 0 0 0 0 0 0 0 0 0 0 0 0 1.0000000000 
0 0 0 0 0 0 0 0 0 0 0 0 0 0 0 0 0 0 0 0 0 0 0 0.0003869714 0 0.9637763257 0.0004633828 0 0 0 0 0 0 0 0 0 0 0 0 0 0 0 0 0.0353733200 0 0 0 0 0 0 
0 0 0 0 0 0 0 0 0.9272968812 0 0 0 0 0 0 0 0 0 0 0 0.0727031188 0 0 0 0 0 0 0 0 0 0 0 0 0 0 0 0 0 0 0 0 0 0 0 0 0 0 0 0 0 
0.6358606906 0 0 0 0 0 0 0 0.0030609045 0 0 0 0 0 0 0 0 0 0 0 0 0 0 0.2288594353 0 0 0 0 0.0023141823 0 0 0.0254587857 0 0 0 0.0626181786 0 0 0 0.0370591468 0 0 0 0 0 0 0 0 0.0047686762 0 
0 0 0 0 0 0 0 0 0 0 0 0 0 0 0 0.0270587064 0 0 0 0 0 0 0 0 0 0 0 0 0 0 0 0.9675130441 0 0 0 0 0 0 0 0 0 0 0 0 0 0 0 0 0 0.0054282495 
0 0 0 0.4016818178 0 0.0499374908 0 0 0.0057967228 0 0 0 0 0 0 0 0 0 0 0 0 0 0 0 0 0 0 0 0 0 0.0767871331 0 0 0 0 0 0 0 0 0.0305856204 0.0039069237 0 0.0133615475 0 0 0 0.2500893758 0 0 0.1678533681 
0 0 0.0870776830 0 0 0 0.0022734999 0 0 0 0 0 0 0 0 0 0.3614959173 0 0 0 0 0 0 0 0 0 0 0 0 0 0 0 0 0 0 0 0 0 0 0.5491528999 0 0 0 0 0 0 0 0 0 0 
0.1972357987 0 0 0 0 0 0 0 0.0202299215 0 0 0 0 0.0010677240 0 0 0 0 0 0 0 0 0 0.0070083920 0 0.0173696092 0.0072466406 0.0013871712 0.2543628695 0 0 0 0 0 0 0 0 0 0.3431937412 0 0 0 0.0285836815 0.1223144505 0 0 0 0 0 0 
0 0 0 0 0 0 0 0.1797550803 0 0 0 0 0 0 0.0205911614 0 0.0139927293 0 0 0 0 0 0 0 0 0.0026995121 0.0023772039 0 0 0 0 0.0963745109 0 0 0 0.4527152217 0 0 0 0 0.0038229247 0 0 0 0.2276716557 0 0 0 0 0 
0.0554929200 0 0 0 0 0 0 0 0 0.1185652934 0 0 0 0.1384488778 0 0 0 0 0 0.0378182916 0 0 0 0 0 0 0 0 0 0 0.0015855198 0 0 0 0 0.0015008408 0 0 0 0 0 0.4495145396 0 0 0 0.1960103166 0.0010634004 0 0 0 
0.0124064922 0 0 0 0 0 0 0.5326635723 0 0 0 0 0 0 0.0041195904 0 0 0 0 0 0 0 0 0.4089354412 0 0 0 0 0.0323224667 0.0095524372 0 0 0 0 0 0 0 0 0 0 0 0 0 0 0 0 0 0 0 0 
0.0076623782 0 0 0 0 0 0 0 0 0 0.1165951498 0 0 0 0 0 0 0 0 0 0 0 0 0 0 0 0 0 0 0 0 0.8555069798 0 0 0 0 0 0 0 0.0073983742 0 0 0 0 0 0 0 0 0 0.0128371181 
0 0 0 0.0132868923 0 0.4924585491 0 0 0 0 0 0 0 0 0.0106119796 0 0 0 0 0 0 0 0 0 0 0 0 0 0 0 0 0 0 0 0 0.0024592304 0 0 0 0 0 0.4093008944 0 0 0.0280769864 0 0 0 0 0.0438054677 
0 0 0 0 0 0 0 0 0 0.0088108765 0 0 0 0 0.8945826059 0 0 0 0 0 0 0 0 0 0 0 0.0048950825 0 0 0 0 0 0 0 0 0 0 0.0156917082 0 0 0 0.0760197268 0 0 0 0 0 0 0 0 
0 0 0 0 0 0 0 0 0 0 0 0 0 0 0 0.0015585972 0.1695324043 0 0.0013103053 0 0 0 0 0 0.1538580327 0 0 0.0015504986 0 0 0.0087346517 0.0450681826 0 0 0.0093742188 0.0310672976 0.0018079643 0 0 0 0 0 0.0745537351 0 0.0332501225 0 0.0077620085 0 0 0.4605719808 
0 0 0 0 0 0 0 0 0 0.8003567549 0 0.1791057479 0 0 0 0 0 0 0 0 0 0 0 0 0 0 0.0186242419 0 0 0 0 0 0 0 0 0 0 0.0019132553 0 0 0 0 0 0 0 0 0 0 0 0 
0 0 0 0 0 0 0 0 0.1696481328 0 0 0 0 0 0.0071728378 0 0 0 0 0 0 0 0 0 0 0 0 0 0 0 0 0.8101144113 0 0 0 0 0 0 0 0 0 0.0130646180 0 0 0 0 0 0 0 0 
0.0046025352 0 0 0 0 0 0 0.0039349489 0 0.0030429236 0 0.1871873371 0 0 0 0 0 0.2255560192 0 0 0 0 0.0027713205 0.2604439472 0.0038996072 0.0758643039 0.1095340480 0 0.0054044242 0.0935107003 0 0 0 0 0 0 0 0 0 0 0.0242478848 0 0 0 0 0 0 0 0 0 
0 0 0 0 0.1733853744 0 0 0.3592702771 0 0 0 0.0045789440 0 0 0.0171713030 0 0 0 0 0 0 0.3394750027 0 0.0430068554 0 0 0.0112956512 0 0.0124721447 0 0 0 0 0 0 0.0087683794 0 0 0 0.0252965271 0 0 0 0 0 0 0 0 0.0052795410 0 
0 0 0 0 0 0 0 0.0329925770 0 0 0 0 0 0 0 0 0.3842522531 0 0 0 0 0 0 0 0 0.0387453096 0 0 0 0 0 0.0619450586 0 0.2690239478 0.0862552232 0.0206695281 0.0244387234 0 0 0.0816773793 0 0 0 0 0 0 0 0 0 0 
0 0 0 0 0.3136161037 0 0 0.0016726378 0 0 0 0 0 0 0.0423032705 0 0 0 0 0.0072371282 0 0 0 0 0 0 0.0065259274 0 0 0 0 0 0 0 0 0 0 0 0.5647384218 0 0 0 0 0.0639065106 0 0 0 0 0 0 
0 0 0 0.0277495800 0 0 0 0 0 0 0 0 0 0 0 0.0147586959 0 0 0.0610262517 0 0 0.0019314041 0 0.0010209097 0 0 0 0.0048639086 0 0 0 0 0 0.4594664672 0 0.0308403685 0 0 0 0 0 0 0.0021066554 0.2308254754 0.0010437042 0 0.1561785403 0 0 0.0081880391 
0 0 0 0 0 0 0 0 0 0.0326672741 0 0.0116057396 0 0 0 0 0 0 0 0 0 0 0 0 0 0 0 0 0 0 0 0.9557269863 0 0 0 0 0 0 0 0 0 0 0 0 0 0 0 0 0 0 
0 0 0 0.2463294305 0 0 0 0 0 0 0 0 0 0 0.0473534879 0 0 0 0 0 0 0 0.0020839137 0 0 0 0 0 0 0 0 0.6470029839 0 0 0 0 0 0 0 0 0 0 0 0 0.0572301840 0 0 0 0 0 
0 0 0.0061697705 0 0 0 0 0 0 0 0 0 0 0.0109611765 0.0061844417 0 0 0 0 0 0 0 0 0 0 0 0 0.0009294747 0 0 0 0 0 0 0 0 0 0 0 0 0 0.4332273132 0 0 0 0 0.0010442731 0 0.1206947954 0.4207887548 
0.0067591769 0 0 0 0 0 0 0.1896016977 0 0 0 0 0 0 0 0 0.0170421752 0 0 0 0 0.5794964898 0 0 0 0.0138549805 0.0035759165 0 0.1636763903 0 0 0 0 0 0 0 0 0 0 0 0 0 0 0 0.0061261856 0 0 0.0198669875 0 0 
0.1518212424 0 0.0012084845 0 0 0 0 0 0 0 0 0 0 0.0271608452 0.0031202214 0 0 0.0035545759 0 0 0 0 0 0 0.3499745101 0 0.0017005954 0.0008242022 0.0011162070 0 0 0 0 0 0 0.0242302708 0 0.0010016110 0 0 0.0166000273 0.1291665706 0.0039880069 0 0 0 0 0.0690854059 0.0146781158 0.2007691077 
0 0 0 0 0 0 0 0 0 0 0 0 0 0 0 0 0 0 0 0 0 0 0 0 0 0 0 0 0 0 0 0.2706245291 0 0 0 0 0 0 0 0 0 0.7293754709 0 0 0 0 0 0 0 0 
0 0 0 0 0 0.2248827456 0 0 0 0.1607233537 0 0 0 0 0.0090227534 0 0 0 0 0 0 0.3958258420 0 0.0011485147 0.1527961548 0 0.0385661740 0.0040683353 0 0 0 0 0.0011811154 0 0 0.0018964950 0 0 0 0 0 0 0.0020029302 0 0.0078855859 0 0 0 0 0 
0 0 0 0 0 0 0 0 0 0 0 0 0 0 0.9909667837 0 0 0.0000000076 0 0 0 0 0 0 0 0 0 0 0 0.0000000017 0 0 0 0 0 0 0 0 0 0.0000000031 0.0090332038 0 0 0 0 0 0 0 0 0 
0 0 0 0 0 0.4870517247 0 0 0 0 0 0 0 0 0.0315825172 0 0.1870607740 0 0 0 0 0 0 0 0 0 0 0 0 0 0 0.1338875720 0 0.1604174121 0 0 0 0 0 0 0 0 0 0 0 0 0 0 0 0 
0 0.0063978647 0 0 0 0 0 0.0019562714 0 0 0 0 0.0026515379 0 0 0 0 0 0 0 0 0 0 0.2236549729 0 0 0 0 0 0 0 0 0 0 0 0 0 0 0 0 0.0043194420 0 0 0.2650779790 0 0.4959419320 0 0 0 0 
0 0 0 0 0.0936457090 0 0 0 0 0.0452042657 0 0 0 0.2045872868 0.3451194523 0 0 0 0 0 0 0.0009874058 0 0 0 0 0.0023788551 0.0023986958 0 0 0 0 0.0199765172 0 0 0 0 0 0 0 0.2792423022 0 0.0011600133 0 0 0 0 0.0052994970 0 0 
0 0 0 0 0 0 0 0 0 0 0 0 0 0 0 0 0 0 0 0 0 0 0 0 0.6830579780 0 0.2857337592 0 0.0168683216 0 0 0.0036366117 0 0 0 0 0 0 0 0 0 0 0 0.0107033295 0 0 0 0 0 0 
0 0 0 0 0 0 0 0 0 0 0 0 0 0 0 0 0.8182129068 0 0 0 0 0 0 0 0 0 0 0 0 0 0 0 0 0 0.0077739235 0 0 0 0 0.1740131696 0 0 0 0 0 0 0 0 0 0 
0 0 0 0 0 0 0 0.1565826485 0 0 0 0 0 0 0 0 0 0 0 0.0062497801 0 0.0017197837 0 0 0 0 0 0.0032401016 0.0039360108 0 0.7800060811 0.0072092464 0 0 0 0 0 0 0 0.0251587815 0 0 0.0018296583 0.0140679080 0 0 0 0 0 0 
0 0 0 0 0 0 0 0.7774618283 0 0 0 0 0 0 0 0 0.2225381717 0 0 0 0 0 0 0 0 0 0 0 0 0 0 0 0 0 0 0 0 0 0 0 0 0 0 0 0 0 0 0 0 0 
0 0 0 0 0 0 0 0 0 0 0 0 0 0.9778826236 0 0 0 0 0 0 0 0 0 0 0 0 0 0 0 0 0 0 0 0 0.0221173764 0 0 0 0 0 0 0 0 0 0 0 0 0 0 0 
0 0.1510493557 0 0 0 0 0 0 0 0 0 0.1893528440 0 0 0 0 0 0 0 0 0 0 0 0 0.0031627528 0 0 0 0.0044088384 0.0009522025 0.1182574919 0 0 0.4048722112 0 0 0 0 0.1026617402 0 0.0160302161 0 0 0 0.0092523471 0 0 0 0 0 
0.0427095652 0 0 0 0 0 0 0 0 0 0 0 0 0 0 0 0.5045069875 0 0.0064964699 0 0 0 0 0 0 0 0 0.0010944175 0 0 0 0.3023292318 0 0.0105001994 0.0947899612 0 0 0 0 0 0 0 0 0 0.0375731676 0 0 0 0 0 
0 0 0 0.0116144737 0 0 0 0 0 0 0 0 0 0 0 0 0 0 0 0 0 0 0 0 0 0 0 0 0 0 0 0 0 0 0 0 0 0.9883855263 0 0 0 0 0 0 0 0 0 0 0 0 
0 0 0.0029531773 0 0 0 0.0522181500 0.0110226882 0 0 0 0 0.0087325437 0.0281450542 0 0.0013474971 0.0079427072 0 0.2742891565 0 0 0 0 0 0 0 0 0 0 0 0 0 0 0 0.0080343857 0 0.0010013447 0 0 0.6043132954 0 0 0 0 0 0 0 0 0 0 
0 0 0 0 0 0.4694227697 0 0.1476991581 0 0 0 0 0 0 0.0104151431 0 0 0 0 0.2107893048 0 0 0 0 0 0 0 0.0012071058 0 0 0 0 0.0593797053 0.0346881391 0 0 0 0 0 0 0.0348131735 0 0 0.0315855005 0 0 0 0 0 0 
0 0 0.1278619981 0 0 0.0075830488 0.0066958081 0.0342292932 0 0 0 0 0 0 0 0 0.4573700231 0 0.0028615730 0 0.0509106402 0 0 0 0 0 0 0 0 0 0 0 0 0 0 0 0 0 0.0212055326 0 0.0385122741 0 0 0 0.2527698088 0 0 0 0 0 
0 0 0 0 0 0 0 0 0 0 0 0.1001358359 0 0 0 0.0103272645 0 0 0 0 0 0 0.0077764578 0 0 0.0020222363 0.6577530812 0 0 0.2067720815 0 0 0 0 0 0 0.0152130428 0 0 0 0 0 0 0 0 0 0 0 0 0 
0 0 0 0 0 0 0 0 0 0 0 0 0 0 0 0 0.9864830709 0 0 0 0 0 0.0135169291 0 0 0 0 0 0 0 0 0 0 0 0 0 0 0 0 0 0 0 0 0 0 0 0 0 0 0 
0 0 0 0 0.0092767496 0 0 0 0 0.0003878906 0 0.0013870431 0 0 0 0 0 0.0160711378 0 0 0 0 0 0 0 0 0.0117951322 0 0 0.0371307352 0 0 0 0 0 0 0 0 0 0 0.2088412052 0 0.7109167861 0 0.0016699738 0.0025233465 0 0 0 0 
0 0 0.0051576912 0 0 0 0.0007329898 0.0561647679 0 0.0023983159 0 0 0 0 0 0 0 0 0 0 0 0.0403679391 0 0 0 0 0 0.0003709663 0 0.0031858524 0 0 0.0006674077 0 0.0004603225 0 0.0044280528 0 0 0 0.1063772747 0 0 0 0.7796884197 0 0 0 0 0 
0 0 0 0 0 0.7943285566 0.0069554897 0 0 0 0 0 0 0 0 0.0029841949 0.1875762196 0 0 0 0 0 0 0 0 0 0 0 0 0 0 0 0 0 0 0 0 0 0 0 0 0 0 0 0.0081555393 0 0 0 0 0 
0 0 0 0 0.3116569768 0 0 0 0 0 0 0 0 0 0 0 0 0 0 0 0 0 0 0 0.5705939906 0 0 0 0.0090966096 0.0744374436 0 0 0 0.0342149793 0 0 0 0 0 0 0 0 0 0 0 0 0 0 0 0 
0.2595835252 0 0 0.0083066199 0 0 0 0 0.2229996016 0 0 0 0.0013761826 0 0.0039069260 0 0 0 0 0 0.1827531830 0 0 0.0528766157 0 0 0 0 0 0 0 0.0292468688 0 0 0 0.2195001743 0 0.0116260825 0 0 0 0 0 0 0 0 0 0 0 0.0078242202 
0 0 0 0 0 0 0 0 0 0 0 0 0 0 0 0 0.0010190754 0 0 0 0.0632662767 0 0.0025492386 0 0 0 0 0 0 0 0 0.7687395954 0 0 0 0.0142124905 0 0 0 0.1502133233 0 0 0 0 0 0 0 0 0 0 
0 0 0.1595041581 0 0 0 0 0 0 0.0022766757 0.0110117050 0 0 0.1207812419 0 0 0.0026054552 0 0 0 0.0013734180 0 0.0169324129 0 0 0 0 0 0 0 0 0.6579916764 0 0 0 0 0 0 0 0.0051479114 0 0 0 0 0 0 0 0 0 0.0223753454 
0 0 0 0 0 0 0 0.7184225927 0 0 0 0 0.0032836356 0 0 0 0.1563653309 0 0 0 0.0936295064 0.0036587080 0.0087956290 0 0 0 0 0 0 0 0 0 0.0055514972 0 0 0 0 0 0 0 0 0 0 0 0.0102931001 0 0 0 0 0 
0 0 0 0 0 0 0 0.0095713043 0 0 0 0 0 0 0.0001594358 0 0 0.0032736647 0 0 0 0 0 0 0 0.9868258776 0 0 0 0 0 0 0 0 0 0 0 0 0.0001697177 0 0 0 0 0 0 0 0 0 0 0 
0 0 0 0 0 0 0 0 0 0 0 0 0 0 0 0 0.2250254958 0 0 0 0 0 0 0 0 0 0 0 0 0 0 0 0 0 0.0020070204 0 0 0 0 0.0314385786 0 0 0 0 0 0 0 0 0 0.7415289052 
0 0 0 0 0 0 0 0.1233885992 0 0 0 0 0 0 0 0 0 0 0 0 0 0 0 0 0 0 0 0 0 0 0.0017498136 0.0029526517 0 0 0 0.8719089354 0 0 0 0 0 0 0 0 0 0 0 0 0 0 
0 0 0.0483275105 0 0 0 0 0 0 0.0011448762 0.1251334850 0 0 0.2084398973 0 0 0 0.0149707987 0 0 0 0 0.0020355557 0 0.2582747864 0.0009755687 0.0033610225 0 0 0 0 0 0 0 0 0 0 0.0020870970 0 0 0 0 0 0 0 0 0.0575330959 0 0.1914167415 0.0862995647 
0 0 0 0 0 0 0 0 0 0 0 0 0 0 0 0 0 0 0 0 0 0 0 0 0 0 0 0 0 0 0 0 0 0 0 0 0 0 0 1.0000000000 0 0 0 0 0 0 0 0 0 0 
0 0 0 0 0.2636745382 0.5618778092 0 0.0741764305 0 0 0 0 0 0 0 0 0 0 0 0 0 0 0 0 0 0 0.0012512543 0 0 0 0 0 0.0162021934 0 0.0039355038 0 0 0 0.0029587042 0.0637775703 0 0 0 0 0.0121459961 0 0 0 0 0 
0 0 0.2102120454 0 0 0 0 0 0 0 0 0 0 0 0 0.0027065254 0 0.0020012136 0 0 0 0 0.0012700625 0 0 0 0 0 0 0 0 0 0 0 0.0370783833 0 0 0 0 0.1253134373 0 0 0 0 0 0 0 0.6214183326 0 0 
0 0 0 0 0 0 0 0 0 0 0 0 0 0 0 0 0 0 0 0 0 0 0 0 0 0 0 0 0 0 0 0 0 0 0 0 0 0 0 0.0222817530 0 0 0 0 0 0.9777182470 0 0 0 0 
0 0 0 0 0 0.0597973383 0 0 0 0 0 0 0 0 0 0 0 0 0 0 0 0 0 0 0.4759438390 0 0 0.0026637655 0 0 0 0.4061481457 0 0.0459924262 0 0 0.0014915414 0 0 0 0 0 0.0011579633 0 0 0 0 0 0 0.0068049807 
0 0 0 0 0 0 0 0.0147627627 0 0 0 0 0 0 0 0 0.7632931110 0 0 0 0 0 0 0 0 0 0 0 0 0 0 0 0 0 0 0 0 0 0 0.2219441263 0 0 0 0 0 0 0 0 0 0 
0 0 0 0 0.0872041131 0 0 0.2443319058 0 0 0 0 0 0 0 0 0.0128672794 0 0 0 0 0 0 0.0597288066 0 0 0 0 0 0.5582048733 0 0 0 0 0 0.0261590226 0 0 0 0.0115039993 0 0 0 0 0 0 0 0 0 0 
0 0 0 0 0 0 0 0 0.4895827741 0 0 0 0 0 0 0 0 0 0 0 0 0 0 0 0 0 0.0338638211 0 0 0.4728074480 0 0 0 0 0 0 0.0017553057 0.0019906510 0 0 0 0 0 0 0 0 0 0 0 0 
0 0 0 0 0 0 0 0 0 0 0 0 0 1.0000000000 0 0 0 0 0 0 0 0 0 0 0 0 0 0 0 0 0 0 0 0 0 0 0 0 0 0 0 0 0 0 0 0 0 0 0 0 
0 0 0 0 0 0 0 0 0 0 0 0 0 0 0 0 0.9935912558 0 0 0 0 0 0 0 0 0 0 0 0 0 0 0 0 0.0064087430 0 0 0 0 0 0.0000000012 0 0 0 0 0 0 0 0 0 0 
0 0 0 0 0 0 0.0002418974 0 0 0 0.1190393165 0 0 0.0065115335 0.0430287502 0 0.0049060333 0 0 0 0 0 0 0 0 0 0 0 0 0.0931117217 0.2706579826 0 0 0.4606895782 0 0 0.0018131866 0 0 0 0 0 0 0 0 0 0 0 0 0 
0 0 0 0 0 0 0 0 0 0 0 0 0 0 0 0 0.7823226994 0 0 0 0 0 0 0 0 0 0 0 0 0 0 0 0 0.2129202852 0 0 0 0 0 0.0047570154 0 0 0 0 0 0 0 0 0 0 
0 0 0 0 0 0 0 0.0024216755 0 0 0 0 0 0 0 0 0.0104997576 0 0 0 0 0 0 0 0 0 0 0 0 0 0 0 0 0 0 0.1282578606 0 0 0 0.8588207063 0 0 0 0 0 0 0 0 0 0 
0 0 0 0 0 0 0 0 0 0 0 0 0 0 0 0 0 0 0 0.0807778468 0 0 0 0 0 0 0.3129206052 0 0 0.5858804256 0 0 0 0.0204211225 0 0 0 0 0 0 0 0 0 0 0 0 0 0 0 0 
0 0 0 0 0 0 0 0 0 0 0 0 0 0 0 0 1.0000000000 0 0 0 0 0 0 0 0 0 0 0 0 0 0 0 0 0 0 0 0 0 0 0 0 0 0 0 0 0 0 0 0 0 
0 0 0 0 0 0 0 0 0 0 0 0 0 0 0 0 0.0130089124 0 0 0 0 0 0 0.3465797819 0 0 0 0 0 0 0 0 0 0 0 0.0101352008 0 0 0 0.6214558994 0 0 0 0 0 0 0 0 0.0031401384 0.0056800672 
0 0 0 0 0 0 0 0.0121713956 0 0 0 0 0 0 0 0 0.7847131676 0 0 0 0 0.1990367181 0 0 0 0 0 0 0 0 0 0 0 0.0040787186 0 0 0 0 0 0 0 0 0 0 0 0 0 0 0 0 
0 0 0 0 0 0 0.0006725013 0.0847556869 0 0 0 0 0 0.0070488769 0 0.0006618064 0.7692131685 0 0 0 0 0 0 0 0 0 0 0 0 0 0 0 0 0 0 0 0 0.0032721325 0 0 0 0 0 0 0.0055628567 0 0.1288129708 0 0 0 
0 0 0 0 0 0 0 0 0 0.0010039392 0 0 0 0 0 0 0 0 0 0 0 0 0 0 0 0 0 0 0 0.3416294484 0.0018393442 0 0 0.0007846459 0 0 0 0 0 0 0.6513014693 0 0 0 0 0 0.0034411530 0 0 0 
0 0 0 0 0 0 0 0 0 0 0 0 0 0 0 0 1.0000000000 0 0 0 0 0 0 0 0 0 0 0 0 0 0 0 0 0 0 0 0 0 0 0 0 0 0 0 0 0 0 0 0 0 
0 0 0 0 0 0 0.0083918177 0 0 0 0 0 0 0 0 0.0268976964 0 0 0.0051320475 0 0.0078486024 0 0 0 0 0 0 0 0 0 0 0 0 0 0 0 0.0162355647 0 0 0.9009756563 0 0 0 0 0 0 0.0345186151 0 0 0 
0 0 0 0 0 0 0 0 0 0 0 0 0 0 0 0 0 0.0047209168 0 0.0030527036 0 0 0 0 0 0 0.3271871193 0 0 0.6650392603 0 0 0 0 0 0 0 0 0 0 0 0 0 0 0 0 0 0 0 0 
0 0 0 0 0 0 0 0 0 0 0.0289628796 0 0 0 0 0 0 0 0 0 0 0 0 0 0 0 0 0 0.0085815307 0 0 0 0 0.9624555897 0 0 0 0 0 0 0 0 0 0 0 0 0 0 0 0 
0 0 0 0 0 0 0 0 0 0 0 0 0 0 0 0 0 0 0 0 0 0 0 0 0.0585363866 0 0 0 0 0.0038277117 0.9341367915 0 0 0.0012227017 0 0 0 0 0 0 0 0 0 0 0.0022764085 0 0 0 0 0 
0 0 0 0 0 0 0 0.6748859393 0 0 0 0 0 0 0 0.0639930212 0.2477461264 0 0 0 0 0 0 0 0 0.0079404398 0 0 0 0 0 0 0 0 0 0 0 0 0 0.0015682029 0.0016831516 0 0 0 0 0 0 0.0021831188 0 0 
0.1606362315 0 0 0 0 0 0.0050102719 0 0 0 0 0 0 0.3459552381 0 0 0 0.0251266558 0 0 0 0 0 0 0 0 0 0 0 0 0 0 0 0 0.0328654799 0 0 0 0 0 0.3907113549 0 0 0 0 0 0 0 0 0.0396947678 
0 0 0 0 0 0 0 0 0 0 0 0 0 0 0 0 0 0 0 0 0 0 0 0 0 0.0345714958 0 0 0 0 0 0 0 0 0 0 0 0 0 0 0 0 0 0.9654285042 0 0 0 0 0 0 
0 0 0 0 0 0 0 0.0278239293 0 0 0 0 0 0 0 0 0.6773803907 0 0 0 0 0 0 0 0 0 0 0 0 0 0 0 0 0.1861857679 0 0 0 0 0 0 0.1086099121 0 0 0 0 0 0 0 0 0 
0 0 0 0 0 0 0 0 0 0 0 0 0 0 0 0 0 0.0843941287 0 0 0 0 0.0066977315 0 0 0 0.9089081398 0 0 0 0 0 0 0 0 0 0 0 0 0 0 0 0 0 0 0 0 0 0 0 
1.0000000000 0 0 0 0 0 0 0 0 0 0 0 0 0 0 0 0 0 0 0 0 0 0 0 0 0 0 0 0 0 0 0 0 0 0 0 0 0 0 0 0 0 0 0 0 0 0 0 0 0 
0 0 0 0 0 0 0 0 0 0 0 0 0 0 0 0 1.0000000000 0 0 0 0 0 0 0 0 0 0 0 0 0 0 0 0 0 0 0 0 0 0 0 0 0 0 0 0 0 0 0 0 0 
0 0 0 0 0 0 0 0 0 0 0 0 0 0 0 0 0.9011352730 0 0 0 0 0 0 0 0 0 0 0 0 0 0 0 0 0.0774800533 0.0103782059 0 0 0 0 0 0 0 0 0 0 0 0 0.0110064679 0 0 
0 0.0250231651 0 0 0 0 0 0 0 0.0016748414 0 0 0.0011218911 0 0 0 0 0.0147457160 0.0023279287 0 0 0 0 0 0 0 0.0194683439 0 0 0.9356381138 0 0 0 0 0 0 0 0 0 0 0 0 0 0 0 0 0 0 0 0 
0 0 0 0 0 0 0.0008754722 0 0 0 0 0 0 0 0 0 0 0 0 0 0 0 0 0 0 0 0.9991245278 0 0 0 0 0 0 0 0 0 0 0 0 0 0 0 0 0 0 0 0 0 0 0 
0 0 0 0 0 0.9423282314 0 0 0 0 0 0 0 0 0 0 0 0 0 0 0.0260461804 0 0 0 0 0 0 0 0 0 0 0 0 0 0 0 0 0 0 0 0 0 0 0 0 0 0 0 0 0.0316255882 
0 0.0813326535 0 0 0 0 0 0 0 0 0 0 0.0143474460 0 0 0 0 0 0 0 0 0 0 0 0 0 0 0 0 0.3925883647 0 0 0 0.4888553084 0 0 0.0062029424 0 0 0 0 0 0 0 0.0121743601 0 0 0 0.0044989249 0 
0 0.0012226754 0 0 0 0 0 0 0.8609136764 0 0 0 0 0 0 0 0 0 0 0 0 0 0 0 0 0 0 0 0.0016514982 0.0150558921 0 0 0 0.0274727924 0 0 0 0 0 0 0 0 0 0 0 0.0936834655 0 0 0 0 
0 0 0 0 0 0.8983736569 0 0.0052023353 0 0 0 0.0028403388 0 0 0 0 0 0 0.0003112110 0 0 0 0 0 0 0 0 0 0 0 0 0 0 0 0.0024646432 0 0 0.0024043382 0.0346430813 0 0.0030218251 0 0.0100980756 0 0 0 0 0.0406404946 0 0 
0 0 0 0 0 0 0 0 0 0 0 0 0 0 0 0 0.7510831423 0 0 0 0 0 0.0039659520 0 0 0 0 0 0 0 0 0 0 0.0039530207 0 0 0 0 0 0.2409978850 0 0 0 0 0 0 0 0 0 0 
0 0 0 0 0 0 0 0 0 0 0 0 0 0 0 0 0 0 0 0 0 0 0 0 0 0 0 0 0 0.3133001627 0 0 0 0 0 0 0.0065999137 0 0 0 0.6800999237 0 0 0 0 0 0 0 0 0 
0 0 0 0 0 0 0 0 0 0 0 0 0 0 0 0 0 0.7518068841 0 0 0 0 0 0 0 0 0 0 0 0.0128965072 0 0 0 0 0 0 0 0 0 0 0.2352966088 0 0 0 0 0 0 0 0 0 
0 0 0 0 0 0 0 0.0272865519 0 0 0 0 0 0 0 0 0 0 0 0 0 0 0 0.8225960049 0 0 0 0 0 0 0 0 0.0013374694 0 0 0 0 0 0 0.1435524152 0 0 0 0.0052275585 0 0 0 0 0 0 
0 0 0 0 0 0 0 0 0 0 0 0 0 0 0 0 0 0 0 0 0 0 0 0 0 0 0 0 0 0 0 0 0 0 0 0 0 0 0 0 0 0 0 0 1.0000000000 0 0 0 0 0 
0.0023243761 0 0 0 0 0 0 0.0209912167 0 0 0 0 0 0 0 0 0.3657392147 0 0 0 0 0 0 0 0 0 0 0 0 0 0 0.0682348302 0 0 0 0 0 0 0 0.5394883598 0 0 0 0 0 0 0 0 0 0.0032220025 
0.7924079431 0 0 0 0 0 0 0 0 0 0 0 0 0 0 0 0.1855643304 0 0 0 0 0 0 0 0 0 0 0 0 0 0 0 0 0 0 0 0 0 0 0 0.0220277265 0 0 0 0 0 0 0 0 0 
0 0 0 0.3649481114 0 0 0 0 0 0.0273344559 0 0 0 0.0049438477 0 0 0 0 0 0 0 0 0 0 0 0 0.0149602306 0 0 0 0 0 0 0 0 0 0 0 0 0 0 0 0 0 0 0 0.5878133546 0 0 0 
0 0 0 0 0 0 0 0 0 0 0 0 0 0 0 0 0 0 0 0 0 0 0 0 0 0 0 0 0 0 0 0 0 0 0 0 0 0 0 1.0000000000 0 0 0 0 0 0 0 0 0 0 
0 0 0 0 0.0809252711 0 0 0 0 0 0 0 0 0 0 0 0 0.2809945354 0 0 0 0 0 0 0 0.3648976983 0.0363307521 0 0 0.2160530567 0 0 0 0.0013719768 0 0.0075316909 0 0 0 0 0 0 0 0 0 0.0118950186 0 0 0 0 
0 0 0 0 0 0 0.0011305679 0 0 0 0 0 0 0 0 0 0 0 0 0 0 0 0 0.2202024974 0 0 0.1230802943 0 0.6041147437 0.0280126678 0 0 0 0 0 0 0 0 0 0 0 0.0234592290 0 0 0 0 0 0 0 0 
0 0 0 0 0 0 0 0 0 0 0 0 0 0 0 0 0 0 0 0 0 0 0 0 0 0 0 0 0 0 0 0 0 0 0 0 0 0 0 1.0000000000 0 0 0 0 0 0 0 0 0 0 
0 0.0102132881 0 0 0 0 0 0 0 0 0 0 0 0 0 0 0 0 0 0 0 0 0.0005016613 0 0 0 0.0754407493 0 0 0.3923552378 0 0 0 0 0 0 0.0024002835 0.0007636897 0 0 0.5183250903 0 0 0 0 0 0 0 0 0 
0 0 0 0 0 0.0611323025 0 0 0 0 0 0 0 0 0 0 0 0 0.0586104011 0 0 0.0011818539 0 0 0 0.0382753767 0.0722236412 0.0024556679 0 0.7068661372 0 0 0 0 0 0.0178202687 0.0058913321 0 0 0 0.0339488565 0 0.0015941623 0 0 0 0 0 0 0 
0 0.0079345703 0 0 0 0 0 0 0 0 0 0 0 0 0 0 0.2374857417 0 0 0 0 0 0 0 0 0 0 0 0 0.3200163343 0 0 0 0.1605445425 0 0 0 0 0 0 0.0305870615 0 0 0 0.2357069734 0.0077247763 0 0 0 0 
0 0 0 0 0 0 0.0078103078 0 0 0 0 0 0 0 0 0.1597228312 0 0 0 0 0.4438311210 0 0 0 0 0 0 0 0 0 0 0 0 0 0 0 0 0 0 0.3874768154 0 0 0 0 0 0 0 0 0 0.0011589246 
0 0 0 0 0 0.2089157701 0 0.0157759087 0 0 0 0 0 0 0 0 0.7698388453 0 0 0 0 0 0 0 0 0 0 0 0 0 0 0 0 0 0 0 0 0 0 0 0 0 0 0 0.0009831806 0 0 0 0.0044862953 0 
0.0039831226 0 0.2894925681 0 0 0 0 0 0 0 0 0 0 0 0 0.0289597744 0.0608283794 0 0 0 0 0 0 0 0 0 0 0 0 0 0 0.3387167876 0 0 0 0 0 0 0 0.2706181906 0 0 0 0 0 0.0074011773 0 0 0 0 
0 0 0 0 0 0 0.0031727996 0 0 0 0 0 0 0 0 0.8467767675 0 0 0 0 0 0 0 0 0 0 0 0 0 0 0 0 0 0 0 0 0 0 0 0.1500504329 0 0 0 0 0 0 0 0 0 0 
0 0 0 0 0.0021808595 0 0 0 0 0 0 0.0079463121 0 0 0 0 0 0.1867628911 0 0 0 0 0 0 0 0 0 0 0 0.0115947350 0 0 0 0 0 0 0 0 0 0 0.7915152023 0 0 0 0 0 0 0 0 0 
0 0 0.0431857849 0 0 0.3540395955 0 0 0 0 0 0 0 0 0 0 0 0 0 0 0 0 0 0 0 0 0 0 0 0 0 0.5237316170 0 0 0 0.0107946221 0.0078423394 0 0 0 0 0 0 0 0 0 0 0 0 0.0604060411 
0 0 0 0 0 0 0 0 0 0 0 0 0 0 0 0 0.7447773886 0 0 0 0 0 0 0 0 0 0 0 0 0 0 0 0 0 0 0 0 0 0 0.2552226114 0 0 0 0 0 0 0 0 0 0 
0 0 0 0 0 0 0.0032069244 0.0273489614 0 0 0.2996846048 0 0 0 0 0.0014527057 0.6266890686 0 0 0 0 0 0 0 0 0 0 0 0 0 0 0 0 0 0 0 0 0.0010218882 0 0.0209875256 0 0 0 0 0 0 0 0.0196083212 0 0 
0 0 0 0 0 0 0.0037637829 0 0 0 0 0 0 0 0 0.3781857956 0 0 0 0 0.0015890175 0 0 0 0 0 0 0 0 0 0 0 0 0 0 0 0 0 0 0.5650368900 0 0 0 0 0 0 0 0 0 0.0514245141 
0 0.4845784548 0 0 0 0 0 0 0 0 0 0 0 0 0 0 0.0115034362 0 0 0 0.0142546079 0 0 0 0 0 0 0.0011941998 0 0.0266776145 0 0.0118096498 0 0.4020825235 0 0 0 0 0 0.0274333276 0 0.0087886295 0 0.0116775565 0 0 0 0 0 0 
0 0 0 0 0 0.1310126580 0 0.0415814621 0 0 0 0 0 0 0 0 0.5149139304 0 0.0883376061 0 0 0 0.0142576634 0 0 0 0 0.0006907608 0 0 0 0 0 0 0 0.0267606086 0 0.0103117635 0 0 0.1536138214 0 0 0 0 0 0 0.0185197256 0 0 
0 0 0.9896144462 0 0 0 0 0 0 0 0 0 0 0 0 0 0 0 0 0 0 0 0 0 0 0 0 0 0 0 0 0 0 0 0.0103855218 0 0 0 0 0.0000000319 0 0 0 0 0 0 0 0 0 0 
0.0073289698 0 0 0 0 0 0 0 0 0 0 0 0 0 0 0 0.0101491945 0 0 0 0 0 0 0 0 0.0493157505 0 0 0.0962172812 0.0030967613 0 0 0 0 0.0096234000 0 0 0 0 0.7729902229 0 0 0 0 0 0 0 0 0.0504007388 0.0008776812 
0 0 0 0 0 0.1359875788 0 0.4514430540 0 0 0 0 0 0 0 0 0.0481227542 0 0 0 0 0 0 0 0 0 0 0.0012281775 0 0 0 0.2763993097 0 0 0 0 0 0 0 0 0 0 0 0 0 0 0.0868191258 0 0 0 
0 0 0.4204881462 0 0 0 0 0 0 0 0 0 0 0 0 0.0074450494 0.2815671173 0 0 0 0 0 0 0 0 0 0 0 0 0 0.1073599131 0 0 0.0099827684 0 0 0 0 0 0.0111909215 0 0 0 0 0 0 0 0 0 0.1619660841 
0 0 0 0 0 0 0.0007347638 0.0011776674 0 0 0 0 0.0014822884 0 0 0 0.7029659136 0 0 0 0 0 0 0 0 0 0 0 0 0 0 0 0 0.2936393667 0 0 0 0 0 0 0 0 0 0 0 0 0 0 0 0 
0 0 0 0 0 0 0 0 0 0 0.0048981822 0 0.0735861082 0 0 0.3766929075 0 0 0.2140179489 0 0.0095051575 0 0 0 0 0 0 0 0 0 0 0 0 0 0 0 0 0.0117810787 0 0.3095186170 0 0 0 0 0 0 0 0 0 0 
0 0.0114734119 0 0 0 0 0 0 0 0 0 0 0 0 0 0 0 0.0378604735 0.0294571309 0 0 0 0 0 0 0.0038161048 0 0 0 0.6345868470 0 0 0 0 0 0 0.0013597065 0 0 0 0.2557679273 0 0.0256783981 0 0 0 0 0 0 0 
0 0 0.1934033609 0 0 0 0 0 0 0 0.0170184135 0 0 0.0028951409 0 0 0.0051450524 0 0 0 0 0 0 0 0 0 0 0 0 0 0 0 0 0 0.0027306681 0 0 0 0 0 0 0 0 0 0 0.5395206788 0 0 0 0.2392866855 
0 0 0 0 0 0.0015299346 0 0 0 0 0 0 0 0 0 0 0.0035866322 0.2102021413 0 0 0 0 0 0 0 0.0047992697 0 0 0 0 0 0 0 0 0 0 0 0.0075326622 0 0 0 0 0 0 0.0088012553 0 0.0070794945 0 0 0.7564686101 
0.1788271921 0 0 0 0 0 0 0 0.0073945724 0 0 0.4115872311 0 0 0.0082700770 0 0 0 0 0 0 0 0 0 0 0 0 0.0014098983 0 0 0 0 0.1358245958 0 0 0 0 0 0 0 0 0 0 0 0 0.0075831161 0.2126824195 0 0 0.0364208977 
0 0 0 0 0 0 0 0 0 0 0 0 0.0269290271 0 0 0 0 0 0 0 0 0 0.0006237030 0 0 0 0 0 0 0 0 0 0 0 0 0 0 0 0 0.9724472699 0 0 0 0 0 0 0 0 0 0 
0 0 0 0 0 0 0 0 0 0 0.0006759059 0 0 0 0 0 0 0.0541073251 0 0 0 0 0 0 0 0 0 0 0 0.0668706216 0 0 0.0012899060 0 0 0 0 0 0 0 0.8744789565 0 0 0 0 0 0 0.0025772849 0 0 
0 0 0 0 0 0 0 0 0 0 0 0 0 0 0 0 0.7843316052 0 0 0 0 0 0.0016176704 0 0 0 0 0 0 0.0047626113 0 0 0 0.0586441321 0 0 0 0 0 0.0008356995 0.0382041746 0 0.1116041068 0 0 0 0 0 0 0 
0 0 0 0 0.0947433845 0 0 0 0 0 0 0 0 0 0 0 0 0.6256071677 0 0 0 0 0 0.0609484768 0.0044510905 0.0503970200 0.0317638100 0 0.1186305922 0.0065419525 0 0 0 0 0 0 0 0 0 0.0010544339 0.0058620717 0 0 0 0 0 0 0 0 0 
0 0 0 0.0303604048 0 0 0 0 0 0 0 0 0 0 0 0 0 0 0 0.0149727655 0 0 0 0 0 0 0.4073644189 0 0 0 0 0 0.1543382188 0 0.0024955626 0 0 0 0 0 0.1231190524 0 0.0356619931 0 0.2316875839 0 0 0 0 0 
0 0 0 0 0 0 0 0 0 0 0 0.0135008965 0 0 0 0 0 0 0 0 0 0 0 0 0.2713708322 0 0.3660748027 0 0 0.1463281463 0 0 0 0.2008152607 0 0 0 0 0 0 0 0 0 0 0 0 0 0.0019100617 0 0 
0 0 0 0 0 0.7881633077 0 0 0 0 0 0 0 0 0 0 0 0 0 0 0 0 0 0 0 0 0 0 0 0 0 0.1975182687 0.0143184236 0 0 0 0 0 0 0 0 0 0 0 0 0 0 0 0 0 
0 0 0 0 0 0 0.0039446198 0 0 0 0 0 0 0 0 0 0 0 0 0 0 0 0 0 0 0 0.9960553802 0 0 0 0 0 0 0 0 0 0 0 0 0 0 0 0 0 0 0 0 0 0 0 
0 0 0.0030448278 0 0 0 0 0 0 0 0 0 0 0 0 0 0 0 0 0 0 0 0 0 0 0 0.6466418138 0 0 0 0 0 0 0 0.0011679676 0 0 0 0 0 0 0.3419420113 0 0 0 0 0.0072033795 0 0 0 
0 0 0 0 0 0 0.0065842858 0 0 0 0.0084050122 0 0 0 0 0 0.0766497182 0 0 0 0 0 0 0 0 0 0 0 0 0 0 0 0 0 0 0 0 0 0 0.0326765437 0.4918311358 0 0 0 0 0 0.1534720076 0 0 0.2303812968 
0 0.1685107787 0 0 0 0 0 0 0 0.0022409294 0 0.0032493153 0 0 0 0 0.0316702749 0.1215874169 0 0 0 0.0822617925 0 0 0.0564471967 0.0298379910 0 0.0695758887 0 0.0220450019 0.0443319873 0 0.0286323514 0.0641611025 0 0 0 0 0 0 0.2754479726 0 0 0 0 0 0 0 0 0 
0 0 0 0 0 0 0 0 0 0 0 0 0 0 0 0 0 0.3127959708 0 0 0 0 0 0 0 0 0.6872040292 0 0 0 0 0 0 0 0 0 0 0 0 0 0 0 0 0 0 0 0 0 0 0 
0 0 0 0.9668971444 0 0 0 0 0 0 0 0 0 0 0 0 0 0 0 0 0 0.0320587037 0 0 0 0 0.0010441518 0 0 0 0 0 0 0 0 0 0 0 0 0 0 0 0 0 0 0 0 0 0 0 
0 0 0 0 0 0 0.0008376221 0 0 0 0 0.0057739374 0 0 0 0 0 0.2213256964 0 0 0 0 0 0 0.0188378652 0 0.1271679935 0 0 0.2577519026 0 0 0 0.0020083362 0 0 0 0 0 0 0 0.3662966465 0 0 0 0 0 0 0 0 
0 0 0 0 0 0 0 0 0 0.1457507839 0 0 0.0014174625 0 0 0 0 0 0 0 0 0 0 0 0 0 0.7725391488 0 0 0 0 0 0 0 0 0.0462229975 0 0 0 0 0 0 0 0 0.0305549516 0 0 0.0035146556 0 0 
0 0 0 0 0.0147341042 0 0 0 0 0 0 0.1480543138 0 0 0 0 0 0 0 0.2754185192 0 0 0 0 0 0.0191392231 0.5409092912 0 0 0 0 0 0 0 0 0 0.0017445485 0 0 0 0 0 0 0 0 0 0 0 0 0 
0 0 0 0.0110333624 0 0 0 0 0 0.4054777402 0 0 0 0 0 0 0 0.0009772812 0 0.0038395740 0.0039798533 0 0.0117837260 0 0 0 0.5629084629 0 0 0 0 0 0 0 0 0 0 0 0 0 0 0 0 0 0 0 0 0 0 0 
0 0 0.0281730597 0 0 0 0 0 0 0.0141066972 0 0 0 0 0 0 0 0 0 0 0 0 0.0030342521 0 0.0315572074 0 0 0.0009727263 0 0 0.0063007329 0 0.1542535689 0 0 0 0.0038017832 0 0 0 0.1954526014 0 0 0.4327936657 0 0 0.0058234581 0 0.0309374202 0.0927928269 
0 0 0 0 0 0 0 0 0 0.0703429804 0 0 0 0 0 0 0 0 0 0 0 0 0 0 0 0 0.9296570196 0 0 0 0 0 0 0 0 0 0 0 0 0 0 0 0 0 0 0 0 0 0 0 
0 0 0 0 0 0 0 0 0 0 0 0 0 0 0 0 0 0.0020027161 0 0 0 0 0.0054581570 0 0 0.0212157072 0.9713234197 0 0 0 0 0 0 0 0 0 0 0 0 0 0 0 0 0 0 0 0 0 0 0 
0 0 0 0 0 0 0 0 0 0 0 0 0 0 0 0 1.0000000000 0 0 0 0 0 0 0 0 0 0 0 0 0 0 0 0 0 0 0 0 0 0 0 0 0 0 0 0 0 0 0 0 0 
0 0 0 0 0 0 0 0 0 0.0235517380 0 0 0 0 0 0 0 0 0 0 0 0 0 0 0 0 0.9764482620 0 0 0 0 0 0 0 0 0 0 0 0 0 0 0 0 0 0 0 0 0 0 0 
0 0 0 0 0 0 0 0 0 0.0012189309 0 0 0 0 0 0 0 0 0 0 0 0 0.0006148043 0 0 0.0027309347 0.1446304488 0 0 0.0041528621 0 0 0.0013275705 0 0 0 0 0 0 0 0.0059387132 0 0 0 0.8393857356 0 0 0 0 0 
0 0 0.0033502648 0.0365804012 0.0012915057 0 0 0.1696578663 0 0 0 0.0031675832 0 0 0 0 0.0389498055 0 0 0 0 0.0017953236 0 0.0156700661 0 0.2621782171 0 0.0038297663 0 0 0 0 0 0.1216980967 0 0 0 0 0 0.0912634138 0.0942999165 0 0.0015582306 0 0.0009448793 0.0052770415 0 0 0 0.1484876218 
0 0 0 0 0 0 0 0 0 0 0 0 0 0 0 0 0 0 0 0 0 0 0 0 0 0 0 0 0 0 0 0 0 0 0 0 0 0 0 0 0 0 1.0000000000 0 0 0 0 0 0 0 
0 0 0 0.3075983175 0 0 0 0 0 0 0 0 0 0 0.0083171455 0 0 0 0 0 0 0 0 0 0 0 0.0014713373 0 0 0 0 0.0718934974 0 0 0 0 0 0 0.1050119352 0 0 0 0 0.4948748655 0 0 0.0108329016 0 0 0 
0 0 0 0.7608724910 0.0069601548 0 0 0.0135394449 0.0087475532 0 0 0.0073027558 0 0.1153025133 0 0 0 0 0 0 0 0 0 0.0616803593 0 0 0.0030342896 0 0.0026676421 0 0 0 0 0 0 0 0 0 0 0 0 0 0 0 0 0 0.0198927961 0 0 0 
0 0 0 0.3509805835 0 0 0 0 0 0 0 0 0 0 0 0 0 0 0 0.0013687569 0 0 0 0 0 0 0.0559676838 0 0.0779659686 0.0414250639 0.1776905585 0 0 0 0 0 0 0 0 0 0.2946013849 0 0 0 0 0 0 0 0 0 
0 0 0 0 0 0 0 0 0 0 0 0 0 0 0 0 0 0 0 0 0 0 0 0 0 0 0.7304801152 0 0 0.2143155884 0 0 0 0 0 0 0 0 0 0 0 0 0 0 0.0063346125 0.0089484437 0 0 0.0399212402 0 
0 0 0 0.0737960866 0 0.0106915844 0 0 0.0199333216 0.0012343958 0 0 0.0026730510 0 0 0 0 0.4422589281 0 0 0.0199841546 0 0 0 0 0 0.3895860627 0 0 0 0 0 0 0 0 0 0.0021978884 0 0.0248068562 0 0 0 0 0 0.0109148899 0.0019227806 0 0 0 0 
0 0 0 0 0.0082093026 0 0.0044271073 0 0 0 0 0 0 0.0022387564 0.0586218408 0 0 0 0 0 0 0 0.0031853197 0 0 0 0.8090600664 0 0 0 0 0 0 0 0.0127627096 0 0 0 0 0 0 0 0 0 0 0 0 0 0 0.1014948973 
0 0 0 0 0 0 0 0 0 0 0 0 0 0 0 0 0 0 0 0 0 0 0 0 0 0 1.0000000000 0 0 0 0 0 0 0 0 0 0 0 0 0 0 0 0 0 0 0 0 0 0 0 
0 0 0 0 0 0 0 0 0 0 0 0.0752908832 0 0 0 0 0 0 0 0 0 0 0 0 0.5647885631 0 0.0373802164 0.0012069251 0 0.1732347637 0 0 0 0 0 0 0 0 0 0 0 0 0 0.1480986485 0 0 0 0 0 0 
0 0 0 0.1725710494 0 0 0 0 0 0 0.0034260234 0 0.0011007767 0 0 0 0 0 0 0.0071149912 0 0 0 0 0 0 0.8107473740 0 0 0 0 0 0 0 0 0 0.0021451271 0 0 0 0 0 0 0 0 0 0.0028946582 0 0 0 
0 0 0 0.6792223943 0 0 0 0 0.0203375679 0.0014363384 0 0 0 0 0.0335647488 0 0 0 0 0 0 0 0 0 0 0 0.2234135663 0 0 0 0 0 0 0 0 0 0 0 0.0232983184 0 0 0 0.0187270660 0 0 0 0 0 0 0 
0 0.0083401718 0 0.0394640009 0 0 0 0 0 0 0 0 0 0 0 0 0 0 0 0 0 0 0 0 0 0 0.9351413923 0 0 0 0 0 0 0 0 0 0 0 0 0 0 0.0170544350 0 0 0 0 0 0 0 0 
0 0 0 0 0 0 0 0 0 0.3505380776 0 0 0 0 0 0 0 0.1725205914 0 0 0 0 0.0172944686 0 0.0719067939 0 0.3877400685 0 0 0 0 0 0 0 0 0 0 0 0 0 0 0 0 0 0 0 0 0 0 0 
0 0 0 0 0 0 0 0 0.8021377717 0 0 0 0 0 0 0 0 0 0 0 0 0 0 0 0 0 0.1931986407 0 0 0 0 0 0 0 0 0 0 0 0 0 0 0 0 0 0 0 0 0.0046635876 0 0 
0 0 0 0 0 0 0 0 0 0 0 0 0 0 0 0 0 0 0 0 0 0 0 0 0 0 0 0 0 0 0.0020199933 0 0 0 0 0 0 0 0 0 0.0819107946 0 0.9008416414 0 0 0 0 0.0152275707 0 0 
0 0 0 0 0 0 0 0.3917054147 0 0 0 0.0028895806 0 0 0 0 0 0 0 0.0159955685 0 0.0085368021 0 0 0 0.0863173750 0.0555475103 0 0.0668554856 0 0 0 0 0 0 0.0107654013 0 0 0 0 0 0 0 0.3585724917 0.0028143702 0 0 0 0 0 
0.0284594392 0 0 0 0 0.1702020136 0 0 0 0 0 0 0 0 0.0022782464 0 0.1264945103 0 0 0 0 0 0 0.0060297639 0 0 0 0 0 0 0 0 0 0 0 0 0 0 0 0 0.6012468793 0 0.0652891473 0 0 0 0 0 0 0 
0 0 0 0 0 0 0.0165353059 0 0.0815613136 0 0 0 0 0 0 0 0.0078888533 0 0 0 0 0 0 0 0 0 0.4388741182 0 0 0.1784187903 0 0 0 0 0 0 0 0 0 0 0.2767216188 0 0 0 0 0 0 0 0 0 
0 0 0.0058940359 0 0 0 0 0 0 0 0 0 0 0 0 0 0.0499780686 0 0 0 0 0 0 0 0 0 0 0 0 0 0 0 0 0 0 0 0 0 0 0 0.9441278955 0 0 0 0 0 0 0 0 0 
0 0 0 0 1.0000000000 0 0 0 0 0 0 0 0 0 0 0 0 0 0 0 0 0 0 0 0 0 0 0 0 0 0 0 0 0 0 0 0 0 0 0 0 0 0 0 0 0 0 0 0 0 
0 0 0 0 0 0 0 0 0 0 0 0 0 0 0 0 0.4126290666 0.3969820083 0 0 0 0 0 0 0 0 0 0.0011590732 0 0.0264702329 0 0 0 0.1284183819 0 0 0 0 0 0 0 0 0 0 0.0343412371 0 0 0 0 0 
0 0 0 0 0 0 0 0 0.0347905841 0.0990406347 0 0 0 0 0 0 0 0 0 0 0 0 0 0 0 0 0.7042665545 0 0 0 0 0.0061645508 0.0130434410 0 0 0 0 0 0.0870299495 0 0 0.0556642854 0 0 0 0 0 0 0 0 
0 0 0 0 0 0 0 0 0 0.0195671411 0 0 0 0 0 0 0 0 0 0 0.0053018571 0 0 0 0 0 0.9751310018 0 0 0 0 0 0 0 0 0 0 0 0 0 0 0 0 0 0 0 0 0 0 0 
0 0 0 0 0 0 0 0 0 0 0 0 0 0 0 0 0 0 0 0 0 0 0 0 0.0346465713 0.0347854325 0.4554606908 0 0.3857033567 0.0073902334 0 0 0 0 0.0019849470 0 0 0 0.0635300988 0 0.0035295492 0 0.0054592536 0 0 0.0075098669 0 0 0 0 
0 0 0 0 0 0 0 0 0 0 0 0 0 0 0 0 0.1947309226 0.7010109561 0 0 0 0 0 0 0 0 0 0 0 0.0710102441 0 0 0 0 0 0 0 0 0 0 0.0106428342 0 0 0 0.0171121833 0 0 0.0054928598 0 0 
0 0 0 0 0 0 0 0 0 0.2201488380 0 0 0 0 0 0 0 0.3671127965 0 0 0 0 0 0 0 0.0331587050 0.3795796606 0 0 0 0 0 0 0 0 0 0 0 0 0 0 0 0 0 0 0 0 0 0 0 
0 0 0 0 0 0 0.0062695272 0 0 0 0 0 0.0024731424 0 0 0 0.0590040103 0.0534312293 0 0 0 0 0 0 0 0 0 0 0 0.8392502912 0 0 0 0 0.0050362527 0 0 0 0 0 0 0 0 0 0.0345355468 0 0 0 0 0 
0 0 0 0 0 0 0 0.0006174022 0 0 0 0.0144551376 0 0 0 0.0110274363 0.9714297961 0 0 0 0 0 0 0 0 0 0 0 0 0 0 0 0 0 0 0 0 0 0 0.0014060246 0.0010642032 0 0 0 0 0 0 0 0 0 
0 0 0 0 0 0.0087340528 0 0 0 0 0 0 0 0 0 0 0.0061033297 0 0 0 0 0 0 0 0 0 0 0 0 0.0872156122 0.2458920658 0 0 0.6520549396 0 0 0 0 0 0 0 0 0 0 0 0 0 0 0 0 
0 0 0 0 0 0 0 0 0 0 0 0 0 0 0 0 0.1261689763 0 0 0 0 0 0 0 0 0 0 0 0 0.0482850622 0 0 0 0.8255459614 0 0 0 0 0 0 0 0 0 0 0 0 0 0 0 0 
0 0 0 0 0 0 0 0.1269655406 0 0 0 0 0 0 0 0 0 0 0 0 0 0 0 0 0.0051713600 0 0 0 0 0 0.0226575474 0 0 0 0 0 0 0.0467588329 0 0 0.0121038660 0 0.7863428531 0 0 0 0 0 0 0 
0 0.0571773859 0 0 0.0164781856 0 0 0.3808260815 0 0.0410214227 0 0 0 0 0.0200705680 0 0 0 0 0 0 0 0 0.1018747862 0 0.3590535983 0.0040034324 0 0 0 0 0 0.0157015389 0 0 0 0 0 0 0 0 0.0037930005 0 0 0 0 0 0 0 0 
0 0 0 0 0 0 0 0.5396118661 0 0 0 0.0060536027 0 0 0 0 0.2092699651 0 0 0 0 0 0 0 0 0 0 0 0 0 0.0081673409 0 0 0 0 0 0 0 0 0.2368972251 0 0 0 0 0 0 0 0 0 0 
0 0 0 0.2516829397 0.1201490149 0 0 0 0 0 0 0.0162946788 0 0 0 0 0 0 0 0 0 0 0 0 0 0 0.5854557024 0 0 0 0 0 0 0 0 0 0 0 0.0264176642 0 0 0 0 0 0 0 0 0 0 0 
0.0228410636 0 0 0 0 0 0 0 0 0.0183455153 0 0.5401783869 0 0 0.0108771770 0 0 0 0 0 0 0 0 0 0 0 0.0712019877 0.0010163756 0 0 0 0 0 0 0.0204550104 0 0 0.0021734771 0 0 0 0 0 0.2503961185 0 0 0.0560239366 0.0064909513 0 0 
0.0198832971 0 0 0 0.8548446450 0 0 0 0 0 0 0 0 0 0 0 0 0 0 0 0 0 0 0 0 0 0 0 0 0 0 0 0 0 0 0 0 0 0 0 0 0 0 0 0 0 0.1042824254 0 0 0.0209896325 
0.0121020640 0 0 0 0 0.0051928722 0 0 0 0 0 0.0265553505 0 0 0 0 0.1827566316 0 0 0 0 0 0 0 0 0 0 0 0 0 0 0 0 0 0 0.5127661702 0 0.2606269115 0 0 0 0 0 0 0 0 0 0 0 0 
0 0.0071857098 0 0 0 0.0019197428 0 0 0 0 0 0.1049442755 0 0 0 0 0 0 0 0 0 0.0127907081 0 0 0 0.3447256248 0.5131344546 0 0 0 0.0125009093 0 0 0 0 0 0 0 0 0 0 0 0 0 0 0 0 0 0.0027985750 0 
0 0 0 0 0.0339209885 0 0 0 0 0 0 0.0170576426 0 0 0 0 0 0.0335745370 0 0 0 0 0 0 0 0 0.8416351728 0 0 0 0 0 0.0477331932 0 0 0 0 0 0 0 0 0 0.0260784659 0 0 0 0 0 0 0 
0 0 0 0 0 0 0 0 0 0 0 0 0 0 0 0 0.0369844437 0 0 0 0 0 0 0 0 0 0 0 0 0 0 0 0 0.0038671911 0 0 0 0 0 0 0.9591483652 0 0 0 0 0 0 0 0 0 
0 0 0 0 0 0 0 0 0 0 0 0 0 0 0 0 0.0240983340 0 0 0 0 0.2815487798 0 0 0 0 0 0 0.5353168747 0.0165204640 0 0 0 0.1333905617 0 0.0091249858 0 0 0 0 0 0 0 0 0 0 0 0 0 0 
0.0021081640 0 0 0 0 0.5934104178 0 0 0 0 0 0.0572683784 0 0 0.0062186052 0 0.0506764917 0 0 0 0 0 0 0 0 0 0 0 0.0595914409 0 0 0 0 0.2307265020 0 0 0 0 0 0 0 0 0 0 0 0 0 0 0 0 
0 0 0 0 0 0 0 0 0 0 0 0 0 0 0 0 0.3391428405 0 0 0 0 0 0 0 0 0 0 0 0 0 0 0 0 0.0459312563 0 0 0 0 0 0.6149259033 0 0 0 0 0 0 0 0 0 0 
0 0 0 0 0 0 0 0 0 0 0 0 0 0 0 0 0 0 0 0 0 0 0 0 0 0.0668775060 0 0 0 0 0.9331224940 0 0 0 0 0 0 0 0 0 0 0 0 0 0 0 0 0 0 0 
0 0 0 0 0 0.0023423713 0 0 0 0.0031445884 0 0 0 0 0 0 0 0.7010576383 0 0.0016896606 0 0 0 0 0 0 0.2917657414 0 0 0 0 0 0 0 0 0 0 0 0 0 0 0 0 0 0 0 0 0 0 0 
0 0 0 0 0 0 0 0 0 0 0 0 0 0 0 0 0 0 0 0 0 0 0 0 0 0 0 0 0 0 0 0 1.0000000000 0 0 0 0 0 0 0 0 0 0 0 0 0 0 0 0 0 
0 0 0 0.0097949921 0 0 0 0.0069521867 0 0 0 0 0 0 0.0232761982 0 0 0 0 0 0 0 0 0 0 0 0 0.0008830832 0 0 0 0.4483599092 0.3527637252 0 0 0 0 0 0 0 0.0474333634 0.0958270693 0 0.0147094727 0 0 0 0 0 0 
0 0 0 0 0 0 0 0.1597651850 0 0 0 0 0 0 0 0 0.0017757306 0 0 0.0610260283 0 0 0 0 0.0113782322 0 0 0.0011267546 0.0350113782 0.0087688834 0 0 0 0.3919792644 0 0 0 0 0 0 0 0 0 0 0.3291685433 0 0 0 0 0 
0.0043629749 0 0.0024556325 0 0 0 0 0 0.1260462394 0 0 0 0 0 0 0 0 0.6562202811 0 0 0 0 0 0 0 0 0.0750995325 0 0 0.0122714504 0.1218590745 0 0 0 0 0 0 0 0 0 0 0 0 0 0.0016848147 0 0 0 0 0 
0 0.0102606309 0 0 0 0 0 0 0 0 0 0 0 0 0 0 0 0 0 0 0 0 0 0.0373761815 0.2149275869 0.4094185390 0.0087545400 0 0.0033983284 0 0.2193470514 0 0 0 0 0 0 0 0 0 0 0 0 0 0.0649838573 0.0011827783 0 0 0.0303505062 0 
0 0 0 0 0 0 0 0 0 0 0 0.0007401818 0 0 0 0 0 0 0 0 0 0 0 0 0 0 0.0477762881 0 0 0.0621705935 0 0 0 0 0 0 0 0 0 0 0 0 0.8893129366 0 0 0 0 0 0 0 
0 0 0 0 0 0.0330551588 0 0.0230504528 0 0 0 0 0 0 0.0061568938 0 0 0 0 0 0 0 0 0 0 0 0.0142741530 0 0.0325934553 0.1169545328 0 0 0 0.2679243228 0.0010054357 0 0 0 0 0 0 0.5049855950 0 0 0 0 0 0 0 0 
0 0.0130690646 0 0 0 0 0.0069158577 0 0 0.0051838997 0 0 0 0 0 0 0 0.0117999383 0 0 0 0.0010826722 0.0016038768 0 0 0 0.2637345989 0.0019740352 0 0.3363691655 0 0 0.0068925656 0 0 0 0 0 0 0 0.3502217165 0 0.0011526089 0 0 0 0 0 0 0 
0 0 0 0 0 0 0 0 0.0593880845 0.0011338518 0 0 0 0 0 0 0 0.7110751737 0 0 0 0 0 0 0 0.0062123984 0.2147038166 0 0 0.0040200265 0 0 0 0 0.0010267070 0 0.0024399415 0 0 0 0 0 0 0 0 0 0 0 0 0 
0 0.2677752416 0 0.5734195036 0 0 0 0.0149692188 0 0 0 0 0 0 0 0 0 0 0 0.0093767476 0 0 0 0 0 0.1119412158 0 0.0010972104 0 0 0 0 0 0 0 0 0 0 0 0 0 0 0 0 0 0 0 0 0.0214208622 0 
0 0 0 0 0.2447335072 0 0 0.0311030970 0 0 0 0.0454993384 0 0 0 0 0 0 0 0 0 0 0 0 0 0 0.2990094386 0 0.0825665175 0.0267897859 0 0 0 0 0 0 0 0 0 0 0 0.0458531394 0 0.2135666763 0 0.0091768816 0 0.0017016180 0 0 
0.1167094062 0.1582276385 0 0 0 0 0 0 0 0 0.0051137566 0 0 0 0 0 0 0 0 0 0 0 0 0.0428892256 0 0 0 0 0.1188532369 0 0 0 0 0 0 0 0 0 0 0 0 0.5481950494 0 0 0 0 0.0100116869 0 0 0 
0 0.0015383363 0 0 0.0079405208 0 0 0 0 0.2923747865 0 0 0 0 0 0 0 0 0 0 0.0023092937 0 0 0.6195293317 0 0 0.0363398451 0 0 0 0 0 0.0390401723 0 0 0 0 0.0009277135 0 0 0 0 0 0 0 0 0 0 0 0 
0.2307094080 0 0 0 0 0 0 0 0 0 0 0 0 0 0.0047736577 0 0 0 0 0 0 0 0 0 0.6980221860 0 0 0 0.0511147712 0 0 0 0 0 0 0 0 0 0 0 0 0.0144693640 0 0 0.0009106131 0 0 0 0 0 
0 0 0 0 0 0.0129061415 0 0 0 0 0 0 0 0 0.4181003893 0 0.0010323391 0 0 0 0 0 0 0 0 0 0 0 0.0039341191 0 0 0.3080005962 0 0 0 0 0 0 0 0.0456321457 0 0.0024526932 0 0 0 0 0 0 0.2079415759 0 
0 0 0 0 0 0 0 0 0 0 0 0.0060067537 0 0 0.0007150037 0 0 0 0 0 0 0 0 0 0 0 0.0504767702 0 0 0 0.0201343371 0.0020850214 0 0 0 0.0155969431 0 0 0 0 0 0 0 0.9049851708 0 0 0 0 0 0 
0 0 0 0 0 0 0 0 0 0 0 0 0 0 0 0 0 0.0263315455 0 0 0 0 0 0 0 0.0150274649 0.6453496136 0 0 0.0025879362 0 0 0 0.0204949366 0 0 0 0 0 0 0 0 0.1024649984 0 0.1877435049 0 0 0 0 0 
0.4451150423 0 0 0 0 0 0 0 0 0 0 0 0 0 0.0008344977 0.0237600948 0 0 0 0 0 0 0 0 0 0 0 0 0 0 0 0.0127250486 0 0 0 0 0 0 0 0 0.5146786231 0 0.0028866934 0 0 0 0 0 0 0 
0 0 0 0 0 0 0 0 0 0 0 0 0 0 0 0 0 0.0210676934 0 0 0 0 0 0 0 0 0.9551160122 0 0 0 0 0 0 0 0 0 0 0 0 0 0 0 0 0 0 0 0 0.0238162944 0 0 
0 0 0 0 0 0 0 0 0.0152410208 0 0 0.0677141013 0 0 0 0 0 0 0 0 0 0 0 0.0778066409 0 0.0076461190 0.7098503472 0 0 0.0028590016 0.0603126600 0 0 0 0.0037384496 0 0 0 0 0 0 0 0.0536070592 0 0 0 0 0.0012246005 0 0 
0 0 0 0.1030405031 0 0 0 0 0 0 0 0 0 0 0 0 0 0 0 0 0 0 0.0019343416 0 0 0 0.5421193200 0 0 0 0.0260959611 0 0 0 0 0 0 0 0 0 0 0 0.3206394353 0 0 0.0061704389 0 0 0 0 
0.0780090964 0 0 0.0280092705 0 0 0 0.8163399526 0 0 0 0 0 0 0 0 0 0 0 0 0 0 0 0 0 0 0 0.0007526659 0.0768890145 0 0 0 0 0 0 0 0 0 0 0 0 0 0 0 0 0 0 0 0 0 
0 0 0 0 0.0908924006 0 0 0 0 0 0 0 0 0 0.0075592202 0 0 0 0 0 0 0 0 0 0 0 0.1414012945 0 0 0 0 0 0.0363195172 0 0 0 0 0 0 0 0 0.7211490175 0 0 0 0 0 0 0 0.0026785499 
0 0 0 0 0 0 0 0 0 0 0 0 0 0 0 0 0 0.3270838417 0 0 0 0 0 0 0.1140491981 0 0 0 0.0076068146 0.0344747795 0 0 0 0 0 0 0 0 0 0 0.5167853661 0 0 0 0 0 0 0 0 0 
0 0 0 0 0 0 0 0 0 0.0162617014 0 0 0 0 0 0 0 0.1150994553 0 0.1769263772 0 0 0 0 0 0 0.6423376542 0 0 0 0 0 0 0 0.0016808146 0 0.0010300284 0 0 0 0 0.0334749607 0 0.0076842243 0.0055047838 0 0 0 0 0 
0 0 0 0 0 0 0 0.2381065151 0 0 0 0 0 0 0 0 0.2918380060 0 0 0 0 0 0 0 0 0 0 0 0 0 0 0 0 0.4700554789 0 0 0 0 0 0 0 0 0 0 0 0 0 0 0 0 
0 0.2313202848 0 0 0 0 0 0 0 0 0 0 0 0 0 0 0 0 0.0083902430 0.0246746090 0 0 0 0 0 0.0063906455 0.1064953064 0 0 0 0 0 0 0 0 0 0 0 0 0 0 0.2515437986 0 0.3711851127 0 0 0 0 0 0 
0 0 0 0.4150077147 0 0 0 0 0 0.0305637733 0 0.0076796446 0 0 0 0 0 0 0 0.0133028557 0.0013824136 0 0 0 0 0 0.0089796832 0 0 0 0 0 0.5048253128 0 0 0 0 0 0 0 0 0 0 0 0.0182586021 0 0 0 0 0 
0 0 0 0 0 0 0 0 0 0 0 0.0985184684 0 0 0 0 0 0 0 0 0 0 0 0 0 0 0.2865671013 0 0 0.0459056271 0 0 0 0 0 0 0.0022442287 0 0 0 0 0 0.4613791145 0 0.1053854600 0 0 0 0 0 
0 0 0 0 0 0 0 0 0 0 0 0 0 0 0 0 0 0.9509545220 0 0 0 0 0 0 0 0 0 0 0 0 0 0 0 0 0 0 0 0 0 0 0.0490454780 0 0 0 0 0 0 0 0 0 
0 0 0 0 0 0 0 0 0 0 0 0 0 0 0 0 0 0 0 0 0 0 0 0 0 0 0.3873142515 0 0 0.4640372445 0 0 0 0 0 0 0 0 0 0 0 0 0 0.0043763029 0.0235858027 0 0 0.1206863984 0 0 
0 0 0 0 0 0.2722496562 0 0 0 0 0 0.0356408743 0 0 0 0 0 0 0 0 0 0 0 0 0 0 0.6921094695 0 0 0 0 0 0 0 0 0 0 0 0 0 0 0 0 0 0 0 0 0 0 0 
0 0.9928209800 0 0 0 0 0 0 0 0 0 0 0 0 0 0 0.0071790200 0 0 0 0 0 0 0 0 0 0 0 0 0 0 0 0 0 0 0 0 0 0 0 0 0 0 0 0 0 0 0 0 0 
0 0 0 0 0 0 0 0 0 0.0913009285 0 0 0 0 0 0 0 0 0 0 0 0 0 0 0 0 0.9086990715 0 0 0 0 0 0 0 0 0 0 0 0 0 0 0 0 0 0 0 0 0 0 0 
0 0 0 0 0 0 0 0 0 0 0 0 0 0 0 0 0 0 0 0 0 0.0021537991 0 0 0 0 0.9978462009 0 0 0 0 0 0 0 0 0 0 0 0 0 0 0 0 0 0 0 0 0 0 0 
0 0 0 0 0 0 0 0 0 0 0 0 0 0 0 0 0 0 0 0 0 0 0 0 0 0 1.0000000000 0 0 0 0 0 0 0 0 0 0 0 0 0 0 0 0 0 0 0 0 0 0 0 
0 0 0 0 0 0 0.0009746542 0 0 0 0 0 0 0 0 0 0 0 0 0 0 0 0 0 0 0 0.9990253458 0 0 0 0 0 0 0 0 0 0 0 0 0 0 0 0 0 0 0 0 0 0 0 
0 0 0 0 0 0 0 0 0 0 0 0 0 0 0 0 0 0.5331796690 0 0.0037117365 0 0 0 0 0 0 0.4618398405 0 0 0 0 0 0 0 0 0 0.0012687540 0 0 0 0 0 0 0 0 0 0 0 0 0 
0 0 0 0 0 0 0 0 0 0 0 0.0148865666 0 0 0 0 0 0 0 0 0 0 0 0 0 0 0.5537919336 0 0 0.3757378914 0 0 0 0 0 0 0 0 0.0424877078 0 0.0130959006 0 0 0 0 0 0 0 0 0 
0 0 0 0 0 0 0 0 0 0 0 0 0 0 0 0 0 0 0 0 0 0 0 0 0 0 0.4367134081 0 0 0.5632865919 0 0 0 0 0 0 0 0 0 0 0 0 0 0 0 0 0 0 0 0 
0 0 0 0 0 0 0 0 0 0 0 0 0 0 0 0 0 0 0 0 0 0 0 0 0 0 1.0000000000 0 0 0 0 0 0 0 0 0 0 0 0 0 0 0 0 0 0 0 0 0 0 0 
0 0 0 0 0 0 0 0 0 0 0 0 0 0 0 0 0 0.2634312062 0 0 0 0 0 0 0 0 0.7365687938 0 0 0 0 0 0 0 0 0 0 0 0 0 0 0 0 0 0 0 0 0 0 0 
0.0045071527 0 0 0 0.0543637058 0 0 0 0 0.0387956408 0 0 0 0 0 0 0 0.2794994565 0 0 0 0 0 0 0 0.3157954542 0.2916151577 0 0.0154234323 0 0 0 0 0 0 0 0 0 0 0 0 0 0 0 0 0 0 0 0 0 
0 0 0 0 0 0 0 0 0 0.0743370868 0 0 0 0 0 0 0 0.2589554457 0 0 0 0 0 0 0.4094978833 0 0.0641819497 0.0020031582 0 0 0 0 0.1789559100 0 0 0 0 0 0 0 0 0 0.0011432732 0 0.0109252930 0 0 0 0 0 
0 0 0 0 0 0 0 0 0 0 0 0 0 0 0 0 0 0 0 0 0 0 0 0 0 0 0.9966559666 0 0 0 0 0 0 0 0 0 0.0033440334 0 0 0 0 0 0 0 0 0 0 0 0 0 
0 0 0 0 0.1398458177 0 0 0 0 0 0 0 0 0 0 0 0.0104852609 0 0 0 0 0 0 0 0 0 0 0 0 0.2650936585 0 0 0 0.5845752629 0 0 0 0 0 0 0 0 0 0 0 0 0 0 0 0 
0 0 0 0 0 0 0 0 0 0 0 0 0 0 0 0 0 0 0 0 0 0 0 0 0 0 0.4581466569 0 0 0.5342143312 0 0 0 0.0076390119 0 0 0 0 0 0 0 0 0 0 0 0 0 0 0 0 
0 0 0 0 0 0 0.0006913942 0 0 0 0 0 0 0 0 0 0.0163570163 0 0 0 0 0 0 0.0041908495 0 0 0 0 0 0 0 0.0377273609 0 0 0 0.1955473688 0 0 0 0.7454860104 0 0 0 0 0 0 0 0 0 0 
0.1055222589 0.6500888668 0 0 0 0 0 0 0 0 0 0 0 0.1400306287 0 0.0012179382 0 0 0 0 0.0098120807 0.0118774902 0 0 0 0 0.0150281114 0.0030385623 0 0 0 0 0 0 0 0 0 0 0 0 0 0 0.0013549704 0 0 0.0620290924 0 0 0 0 
0 0 0 0 0 0 0 0 0 0 0 0 0 0 0 0 0 0 0 0 0 0 0 0 0 0 1.0000000000 0 0 0 0 0 0 0 0 0 0 0 0 0 0 0 0 0 0 0 0 0 0 0 
0 0 0 0 0.0222409046 0 0 0 0 0.0799336485 0 0 0 0 0 0 0 0.0475706139 0 0 0.0054963425 0 0 0 0 0 0.7966893905 0 0 0 0 0 0 0 0 0 0 0 0 0 0 0 0.0480691001 0 0 0 0 0 0 0 
0 0 0 0 0 0 0 0 0 0 0 0 0 0 0 0 0 0 0 0 0 0 0 0 0 0 1.0000000000 0 0 0 0 0 0 0 0 0 0 0 0 0 0 0 0 0 0 0 0 0 0 0 
0 0 0 0 0 0 0 0 0.0006401492 0.9993598508 0 0 0 0 0 0 0 0 0 0 0 0 0 0 0 0 0 0 0 0 0 0 0 0 0 0 0 0 0 0 0 0 0 0 0 0 0 0 0 0 
0.1332957271 0 0 0 0.0163492770 0 0 0 0.0028346294 0 0 0 0 0 0 0 0.0124486837 0 0 0.0023249256 0 0 0 0 0 0 0 0 0 0.3817056440 0 0.0102647937 0 0 0 0.0343827697 0 0 0 0 0.4063935499 0 0 0 0 0 0 0 0 0 
0 0 0 0 0 0 0 0 0 0 0 0 0 0 0 0 0 0 0 0 0 0 0 0 0 0 0.5863742633 0 0 0.4136257367 0 0 0 0 0 0 0 0 0 0 0 0 0 0 0 0 0 0 0 0 
0 0 0 0 0 0 0 0 0 0 0 0 0 0 0 0 0 0 0 0 0 0 0 0 0 0 1.0000000000 0 0 0 0 0 0 0 0 0 0 0 0 0 0 0 0 0 0 0 0 0 0 0 
0 0 0 0 0 0 0 0 0 0 0 0 0 0 0 0 0 0 0 0 0 0 0 0 0 0 1.0000000000 0 0 0 0 0 0 0 0 0 0 0 0 0 0 0 0 0 0 0 0 0 0 0 
0 0 0 0 0 0 0 0 0 0 0 0 0 0 0 0 0 0 0 0 0 0 0 0 0 0 0 0 0 0.8140108692 0 0 0 0 0 0 0 0 0 0 0.1859891308 0 0 0 0 0 0 0 0 0 
0 0 0 0 0 0 0 0 0 0 0 0.0220217280 0 0 0 0 0 0 0 0 0 0 0 0 0 0 0.0057983398 0 0 0.4960812692 0 0 0 0 0 0 0 0 0 0 0.4689685823 0 0 0 0.0071300807 0 0 0 0 0 
0 0 0 0 0 0 0 0 0 0 0 0 0 0 0 0 0 0 0 0 0 0 0 0 0 0 0.9571440273 0 0 0.0290425125 0 0 0 0 0 0 0 0 0 0 0 0 0.0138134602 0 0 0 0 0 0 0 
0 0 0 0 0.1493391646 0 0 0 0 0 0 0 0 0 0 0 0 0.0081958326 0 0 0 0 0 0.1477945654 0 0 0.0281198270 0 0 0.3913266553 0 0 0 0 0 0 0 0 0 0 0.2516910835 0 0.0013840922 0 0.0042051721 0 0 0.0179436072 0 0 
0.3330002335 0 0 0 0 0 0 0 0 0 0 0 0 0.0622096731 0 0 0 0 0 0 0 0 0 0 0 0 0 0 0 0 0 0 0 0 0 0 0 0 0 0.0176582155 0 0.5871318779 0 0 0 0 0 0 0 0 
0 0 0 0 0 0 0 0 0 0 0 0 0 0 0 0 0 0 0 0 0 0 0 0 0 0 1.0000000000 0 0 0 0 0 0 0 0 0 0 0 0 0 0 0 0 0 0 0 0 0 0 0 
0 0 0 0 0 0 0 0.0061131077 0 0 0 0 0 0 0 0 0.0014623569 0 0 0 0 0 0 0 0 0 0 0 0 0 0 0.0235246149 0 0 0 0.6530231011 0 0 0 0.3158768194 0 0 0 0 0 0 0 0 0 0 
0 0 0 0 0.1587005883 0 0 0 0 0 0 0 0 0 0.0048566801 0 0 0 0 0 0 0 0 0 0 0.6075249140 0.0246410603 0 0 0.0133889715 0 0 0 0 0 0 0 0 0 0 0.1811831960 0 0 0 0.0097045898 0 0 0 0 0 
0 0 0 0 0 0 0 0 0 0 0 0 0 0 0 0 0 0 0 0 0 0 0 0 0 0 1.0000000000 0 0 0 0 0 0 0 0 0 0 0 0 0 0 0 0 0 0 0 0 0 0 0 
0.0010257658 0.6371799713 0.0050362699 0.0058410059 0 0.0441140968 0 0 0 0 0 0 0 0.0227143097 0 0.0017439775 0 0 0.0019891876 0 0 0 0 0 0 0 0 0 0 0 0 0 0 0 0 0 0 0 0 0 0 0 0 0 0 0.2803554155 0 0 0 0 
0 0 0 0 0 0 0 0 0 0 0 0 0 0 0 0 0 0 0 0 0 0 0 0 0 0 1.0000000000 0 0 0 0 0 0 0 0 0 0 0 0 0 0 0 0 0 0 0 0 0 0 0 
0 0 0 0 0 0 0 0 0 0 0 0 0 0 0 0 0 0 0 0 0 0 0 0 0 0 1.0000000000 0 0 0 0 0 0 0 0 0 0 0 0 0 0 0 0 0 0 0 0 0 0 0 
0 0 0 0 0 0 0 0 0.2140961823 0 0 0 0 0 0 0 0 0.0207329521 0 0 0 0.0009073067 0 0 0 0 0.0271636023 0.0020223044 0 0.5494481717 0 0 0.0880358451 0 0.0028222951 0 0 0.0682996788 0.0012309174 0 0 0 0.0014215221 0 0.0182253773 0.0055938446 0 0 0 0 
0 0 0 0 0 0 0 0 0 0 0 0 0 0 0 0 0 0 0 0 0 0 0 0 0 0 0 0 0 1.0000000000 0 0 0 0 0 0 0 0 0 0 0 0 0 0 0 0 0 0 0 0 
0 0 0 0 0 0 0 0 0 0 0 0 0 0 0 0 0 0.3698654001 0 0 0 0 0 0 0 0 0.6183363636 0 0 0 0 0 0 0 0 0 0 0 0 0 0 0 0 0 0 0 0 0.0117982363 0 0 
0 0 0.0009370514 0 0 0 0 0 0 0 0 0 0 0.6888997631 0 0.0010579504 0 0 0 0 0 0 0 0 0 0 0 0 0 0 0 0 0 0 0 0 0 0 0 0 0 0 0 0 0 0 0.0122205372 0 0 0.2968846979 
0.0050486748 0 0.0621504766 0 0 0 0 0 0 0 0 0 0.0081931249 0.0022699768 0 0 0.0007164564 0 0 0 0 0 0 0 0 0 0 0 0 0 0 0.8811082036 0 0 0.0012975955 0 0 0 0 0 0 0 0 0 0 0 0 0 0.0040679874 0.0351475040 
0 0 0 0 0 0 0 0 0 0 0 0 0 0 0 0 0 0 0 0 0 0 0 0 0 0 0.1586741568 0 0 0.4579049335 0 0 0 0.0061276516 0 0 0 0 0 0 0 0 0 0.3684488598 0.0088443983 0 0 0 0 0 
0 0 0 0 0 0 0 0 0 0 0 0 0 0 0.2242972793 0 0 0 0 0 0 0 0.0031393806 0 0 0 0.6371017099 0 0 0.0993649297 0 0 0 0.0274865365 0 0 0.0029275198 0 0 0 0.0056826442 0 0 0 0 0 0 0 0 0 
0 0 0 0 0 0 0 0 0 0 0 0 0 0 0 0 0 0 0 0 0 0 0 0 0 0 1.0000000000 0 0 0 0 0 0 0 0 0 0 0 0 0 0 0 0 0 0 0 0 0 0 0 
0 0 0 0 0 0 0 0 0 0 0 0 0 0 0 0 0 0 0 0 0 0 0 0 0 0 1.0000000000 0 0 0 0 0 0 0 0 0 0 0 0 0 0 0 0 0 0 0 0 0 0 0 
0 0 0 0.0528459375 0 0 0 0 0 0 0 0 0 0 0.2663085483 0 0 0 0 0 0 0 0 0 0 0 0.0039840701 0 0 0 0.0017728009 0.1799359025 0 0 0 0 0 0 0 0 0 0 0 0 0 0.4923802468 0.0027724939 0 0 0 
0 0 0 0.3416795588 0 0 0 0.1206800834 0 0 0 0 0 0.0049764856 0 0 0 0 0 0 0.2163773643 0.0007551121 0 0 0 0 0 0.0016315500 0.0400317694 0 0 0 0.1060909848 0 0.0212133951 0.0619115149 0 0 0.0837712943 0 0 0 0.0008808873 0 0 0 0 0 0 0 
0 0 0 0 0 0 0 0 0 0 0 0 0 0 0 0 0 0 0 0 0 0 0 0 0 0 1.0000000000 0 0 0 0 0 0 0 0 0 0 0 0 0 0 0 0 0 0 0 0 0 0 0 
0 0 0 0 0 0 0 0 0 0 0 0 0 0 0 0 0 0 0 0 0 0 0 0 0 0 0 0 0 1.0000000000 0 0 0 0 0 0 0 0 0 0 0 0 0 0 0 0 0 0 0 0 
0 0 0 0 0 0 0 0 0 0 0 0 0 0 0 0 0 0 0 0.0278701416 0 0 0 0 0 0 0.0919298790 0 0.0018144316 0.0047371518 0.3729738721 0 0 0 0 0 0 0 0 0 0 0.0035851469 0.0679722024 0.0377303255 0.3913868490 0 0 0 0 0 
0 0 0 0 0 0 0 0 0 0 0 0 0 0 0 0 0 0 0 0 0 0 0 0 0 0 1.0000000000 0 0 0 0 0 0 0 0 0 0 0 0 0 0 0 0 0 0 0 0 0 0 0 
0 0 0.0032929265 0 0 0 0 0.0312066112 0 0 0 0.0698604463 0 0 0 0 0 0 0.0052247950 0 0 0 0 0 0 0 0 0 0 0 0.0194198912 0 0.0331023098 0.0485182038 0.0143842062 0 0 0.1642142562 0 0.3871354747 0 0 0 0 0 0 0 0 0 0.2236408791 
0 0 0 0 0 0.0075364194 0 0 0 0 0 0.0049539004 0 0 0 0 0 0 0 0.0079446071 0 0.0333606091 0 0 0 0 0 0 0 0.2864271143 0.4077254420 0 0 0.2455948975 0 0 0 0.0031922184 0 0 0 0 0 0 0.0032647919 0 0 0 0 0 
0 0 0 0 0 0 0 0 0 0 0 0 0 0 0 0 0 0 0 0 0 0 0 0 0 0 0 0 0 1.0000000000 0 0 0 0 0 0 0 0 0 0 0 0 0 0 0 0 0 0 0 0 
0 0 0 0.0658772607 0 0 0 0 0 0 0 0.0795500322 0 0 0 0 0 0 0 0 0 0 0 0 0 0 0.1404612652 0 0 0.0400644158 0 0 0 0 0 0 0 0 0 0 0.6740470260 0 0 0 0 0 0 0 0 0 
0 0 0 0 0 0 0 0 0 0 0 0 0 0 0 0 0 0 0 0 0 0 0 0 0 0 1.0000000000 0 0 0 0 0 0 0 0 0 0 0 0 0 0 0 0 0 0 0 0 0 0 0 
0 0 0 0 0 0.0038642282 0 0.0063101944 0 0 0 0 0 0 0.2766904901 0 0.0026064887 0 0 0 0 0.0328662408 0 0 0 0 0.0011153201 0 0 0 0 0 0 0.0336146901 0 0.4931203411 0 0 0 0.1498120067 0 0 0 0 0 0 0 0 0 0 
0 0 0 0 0 0 0 0 0 0 0 0 0 0 0 0 0 0 0 0 0 0 0 0 0.3796075270 0 0.0482580927 0 0 0.5372500906 0 0 0 0 0 0 0.0040748903 0 0 0 0 0 0 0 0.0308093994 0 0 0 0 0 
0.0222907104 0 0 0.0044897976 0 0 0 0 0.0199398647 0 0.0052300031 0.0017751132 0 0 0 0 0 0.0110061116 0 0.0316041315 0 0 0 0 0 0 0.1294921904 0 0.0010705834 0.0120668744 0 0 0.1118911460 0 0 0 0 0 0 0 0.4076060950 0.0176625737 0.0731020143 0.1227165865 0.0259403044 0 0 0 0 0.0021158997 
0 0 0 0 0 0 0 0 0 0 0 0 0 0 0 0 0.0279323223 0 0 0 0 0 0 0 0 0 0 0 0 0 0 0.0011176014 0 0 0 0 0 0 0 0.1965006359 0 0 0 0 0 0 0.0008277733 0 0 0.7736216671 
0 0 0 0 0 0 0 0 0 0 0 0 0 0 0 0 0 0.0240058899 0 0 0 0 0 0 0 0 0.9759941101 0 0 0 0 0 0 0 0 0 0 0 0 0 0 0 0 0 0 0 0 0 0 0 
0 0 0 0 0 0 0 0 0 0 0 0 0 0 0 0 0 0 0.0146957448 0 0 0 0 0 0 0 0.5184336766 0 0.3023970112 0.1315118410 0 0 0 0.0243107565 0 0 0 0 0 0 0 0 0 0 0.0086509699 0 0 0 0 0 
0 0 0 0 0 0 0.0015922909 0 0 0 0 0.0169052973 0 0 0 0 0 0 0 0 0 0 0 0 0 0 0.8998142764 0 0 0.0765651929 0 0 0 0 0.0051229425 0 0 0 0 0 0 0 0 0 0 0 0 0 0 0 
0 0 0 0 0 0 0 0 0 0 0 0 0 0.1462449774 0 0 0 0 0.0016284625 0 0 0 0 0 0 0 0 0 0 0 0 0 0 0 0 0 0 0 0 0 0 0 0 0 0 0 0 0.8381474238 0 0.0139791362 
0.0593226545 0 0 0 0 0 0 0 0 0 0 0 0 0 0 0 0.0027240741 0 0 0 0 0 0 0 0 0 0 0 0 0 0 0.7212385290 0 0 0 0 0 0 0 0.2167147424 0 0 0 0 0 0 0 0 0 0 
0 0 0 0 0 0 0 0 0 0 0 0 0 0 0 0 0 0 0 0 0 0 0 0 0 0 1.0000000000 0 0 0 0 0 0 0 0 0 0 0 0 0 0 0 0 0 0 0 0 0 0 0 
0 0 0 0 0 0 0 0 0 0 0 0 0 0 0 0 0 0 0 0 0 0 0 0 0 0 0.9744157678 0 0 0 0 0 0 0 0 0 0 0 0 0 0 0 0 0 0 0 0 0.0255842322 0 0 
0 0 0 0 0 0.1558727390 0 0 0 0 0 0 0 0 0.0987912562 0 0 0 0 0 0 0 0 0 0 0 0.0082657397 0 0 0 0 0 0 0 0 0 0 0 0.0483908898 0.0234594348 0.6652199405 0 0 0 0 0 0 0 0 0 
0 0 0 0 0 0 0 0 0 0 0 0 0 0 0 0 0 0 0 0 0 0 0 0 0 0 1.0000000000 0 0 0 0 0 0 0 0 0 0 0 0 0 0 0 0 0 0 0 0 0 0 0 
0 0 0 0 0 0 0 0.9945067818 0 0 0 0 0 0 0 0 0 0 0 0 0 0 0 0 0 0 0 0 0 0.0000000014 0 0 0 0.0054932168 0 0 0 0 0 0 0 0 0 0 0 0 0 0 0 0 
0 0 0 0 0 0 0 0 0 0 0 0.5149254666 0 0 0 0 0 0 0.0855252698 0 0 0 0 0 0 0 0 0 0 0 0 0 0 0 0 0 0 0 0 0 0.3995492636 0 0 0 0 0 0 0 0 0 
0 0 0 0 0 0 0 0 0 0 0 0 0 0 0 0 0 0.0016553134 0 0 0 0 0 0 0 0 0.4096632832 0 0.0248055991 0.5522610112 0 0 0 0 0 0 0 0 0 0 0 0 0 0.0116147931 0 0 0 0 0 0 
0 0 0 0 0 0 0 0 0 0 0 0 0 0 0 0 0 0 0 0 0 0 0 0 0 0 0 0 0 1.0000000000 0 0 0 0 0 0 0 0 0 0 0 0 0 0 0 0 0 0 0 0 
0 0 0 0 0 0 0 0 0 0 0 0 0 0 0 0 0 0 0 0 0 0 0 0 0 0 1.0000000000 0 0 0 0 0 0 0 0 0 0 0 0 0 0 0 0 0 0 0 0 0 0 0 
0 0 0.0605811014 0 0 0 0 0.8419721468 0 0 0 0 0 0 0 0 0.0342278236 0 0 0 0.0492343300 0 0 0 0 0 0 0 0 0 0 0 0 0 0 0 0 0 0 0 0 0 0 0 0 0 0.0105454799 0 0.0034391183 0 
0 0 0 0 0 0 0 0 0 0 0 0.0118255893 0 0 0 0 0.0016437559 0.0029383374 0 0 0 0 0 0.0273126414 0 0.2226396062 0 0 0 0.6299052429 0 0 0 0 0 0 0 0 0 0 0.1037348270 0 0 0 0 0 0 0 0 0 
0 0 0 0 0 0 0 0 0 0 0 0 0 0 0 0 0 0 0 0 0 0 0 0 0 0 1.0000000000 0 0 0 0 0 0 0 0 0 0 0 0 0 0 0 0 0 0 0 0 0 0 0 
0 0.1441237699 0 0 0 0 0.0019856087 0.1981323724 0 0 0 0 0 0 0 0 0 0 0 0 0 0 0.0226588756 0 0 0 0 0 0 0.4924668378 0 0 0 0 0 0 0 0 0 0 0 0 0.1406325357 0 0 0 0 0 0 0 
0 0 0 0 0 0 0.0009781458 0 0 0 0 0 0.0015631401 0 0 0 0.5481060407 0 0 0 0 0 0 0 0 0 0 0.0013208018 0 0 0 0 0 0 0 0 0 0 0 0 0.4480318717 0 0 0 0 0 0 0 0 0 
0 0 0.9774455436 0 0 0.0008375228 0 0 0 0 0 0 0 0 0 0 0.0184762777 0 0 0 0 0 0 0 0 0 0 0 0 0 0 0 0 0 0 0 0 0 0 0.0032406560 0 0 0 0 0 0 0 0 0 0 
0 0 0 0 0 0 0 0 0 0 0 0 0 0 0 0 0 0 0 0 0 0 0 0 0 0 1.0000000000 0 0 0 0 0 0 0 0 0 0 0 0 0 0 0 0 0 0 0 0 0 0 0 
0 0 0 0 0 0 0 0 0 0 0 0 0 0 0 0 0 0 0 0.3254961744 0 0 0 0 0 0 0.6434334440 0 0 0 0 0 0 0 0 0 0 0 0 0 0 0 0 0 0.0038220044 0 0.0105466344 0 0.0167017428 0 
0 0 0 0 0 0 0 0 0 0 0 0 0 0 0 0 0 0 0 0 0 0 0 0 0 0 1.0000000000 0 0 0 0 0 0 0 0 0 0 0 0 0 0 0 0 0 0 0 0 0 0 0 
0 0 0 0 0 0 0 0 0.0179678546 0.2356555157 0 0 0 0 0 0 0 0 0 0 0 0 0 0 0 0 0.7463766297 0 0 0 0 0 0 0 0 0 0 0 0 0 0 0 0 0 0 0 0 0 0 0 
0 0 0 0 0 0 0 0 0 0 0 0 0 0 0 0 0 0 0 0 0 0 0 0 0 0 1.0000000000 0 0 0 0 0 0 0 0 0 0 0 0 0 0 0 0 0 0 0 0 0 0 0 
0 0 0 0 0 0 0 0 0 0 0 0 0 0 0 0 0 0.0036621094 0 0 0 0 0 0 0 0 0.8596469133 0 0 0.1366909774 0 0 0 0 0 0 0 0 0 0 0 0 0 0 0 0 0 0 0 0 
0 0 0 0.0149785741 0 0 0 0 0 0.6482710530 0 0 0 0 0 0 0 0 0 0.0058610690 0.0037700620 0 0 0 0 0 0 0 0 0 0 0.3271192419 0 0 0 0 0 0 0 0 0 0 0 0 0 0 0 0 0 0 
0 0.0518555339 0 0 0 0 0 0 0 0 0 0.0062540750 0 0 0 0 0 0.0030070234 0 0 0 0 0 0.0025652515 0.0239946356 0.5729812891 0.0434755475 0 0 0.2958666440 0 0 0 0 0 0 0 0 0 0 0 0 0 0 0 0 0 0 0 0 
0 0 0 0 0 0 0 0 0 0.0853788313 0 0 0 0 0 0 0 0 0 0 0 0 0 0 0 0 0.9049510745 0 0 0 0 0 0 0 0.0053499030 0 0 0.0022810120 0 0 0 0 0 0 0 0 0.0020391792 0 0 0 
0 0 0 0 0 0 0 0 0 0 0 0 0 0 0 0 0 0 0 0 0 0 0 0 0 0 1.0000000000 0 0 0 0 0 0 0 0 0 0 0 0 0 0 0 0 0 0 0 0 0 0 0 
0 0 0 0 0 0.0135631669 0.0027109763 0 0 0 0 0 0 0 0 0 0.0150946217 0 0.0046008783 0 0.0867401180 0 0 0 0 0 0 0 0 0 0 0 0 0.0151023045 0 0 0 0 0 0.6558451962 0 0 0 0 0 0 0 0 0 0.2063427381 
0.2970891690 0 0 0 0 0.0426820650 0 0.0126174125 0 0 0 0 0 0 0 0 0.2974410284 0 0 0 0 0 0 0 0 0 0 0 0 0 0 0 0 0 0 0 0 0 0 0.3486584889 0 0 0 0 0 0 0 0 0 0.0015118363 
0 0 0 0 0 0 0 0 0.0051169007 0 0 0 0 0 0 0 0 0 0 0 0 0 0 0 0 0 0.7488877344 0 0 0.2459953649 0 0 0 0 0 0 0 0 0 0 0 0 0 0 0 0 0 0 0 0 
0 0 0 0 0 0 0 0 0 0 0 0 0 0 0 0 0 0 0 0 0 0 0 0 0 0 1.0000000000 0 0 0 0 0 0 0 0 0 0 0 0 0 0 0 0 0 0 0 0 0 0 0 
0 0 0 0 0 0 0 0 0 0 0 0 0 0 0 0 0 0.0232013957 0 0 0 0 0 0 0 0 0.9245469863 0 0 0.0522516180 0 0 0 0 0 0 0 0 0 0 0 0 0 0 0 0 0 0 0 0 
0 0 0 0 0 0 0 0 0 0 0 0 0 0 0 0 0 0 0 0 0 0 0 0 0 0 1.0000000000 0 0 0 0 0 0 0 0 0 0 0 0 0 0 0 0 0 0 0 0 0 0 0 
0 0 0 0 0 0 0 0 0 0 0 0 0 0 0 0 0 0 0 0 0 0 0 0 0 0 0.7488365292 0 0 0.2468967426 0 0 0 0.0028474169 0.0014193114 0 0 0 0 0 0 0 0 0 0 0 0 0 0 0 
0 0 0 0 0 0 0 0 0 0 0 0 0 0 0 0 0 0 0 0 0 0 0 0 0 0 1.0000000000 0 0 0 0 0 0 0 0 0 0 0 0 0 0 0 0 0 0 0 0 0 0 0 
0 0 0 0 0.0306587557 0 0 0 0 0.0008864943 0 0 0 0 0 0 0.0023383819 0 0 0 0 0 0 0 0.1741534910 0.0196879445 0.2794899548 0 0 0.0068779847 0 0 0 0 0 0 0 0 0 0 0 0 0.4859069931 0 0 0 0 0 0 0 
0 0 0 0 0 0 0 0.0117250428 0 0 0 0.0419602395 0 0 0 0 0 0.1865894595 0 0 0 0 0 0 0 0 0.3675608641 0 0.0765248804 0.3156395139 0 0 0 0 0 0 0 0 0 0 0 0 0 0 0 0 0 0 0 0 
0 0 0 0 0 0 0 0 0 0.2745214472 0 0 0 0 0 0 0 0 0 0 0 0 0 0 0 0 0.7176032055 0 0 0 0 0 0 0 0 0 0 0 0 0 0 0 0 0.0078753473 0 0 0 0 0 0 
0 0 0 0 0 0 0 0 0 0 0 0.0112113447 0 0.0448602596 0 0 0 0 0 0.0097870740 0 0 0 0 0 0 0 0 0 0 0.0023748556 0 0 0 0 0 0 0 0 0 0 0 0 0.9317664661 0 0 0 0 0 0 
0 0 0 0 0 0 0.0011522485 0 0 0 0 0 0 0 0 0.0540372947 0.1969002680 0 0 0 0 0.3667700837 0 0 0.0013375018 0 0.0037689883 0 0 0 0 0 0.0038647702 0 0 0 0.0010294969 0 0 0.0112167021 0 0 0.0221921553 0 0.0050312159 0.0203490490 0 0 0 0.3123502256 
0 0 0 0 0 0 0 0.0712821473 0 0 0 0.4580711527 0 0 0 0 0 0 0 0 0 0 0 0 0 0 0.0318782307 0 0 0.4115245245 0 0 0 0 0.0014050132 0.0008811912 0.0059260625 0 0 0 0 0 0 0 0.0081703329 0.0108613449 0 0 0 0 
0 0 0 0 0 0 0 0 0.0214789103 0.0020779982 0 0.8168450642 0 0.1576370396 0 0 0 0 0 0 0 0 0 0 0 0 0.0012420155 0 0 0 0 0 0 0 0 0 0 0 0 0 0 0 0 0 0 0.0007189723 0 0 0 0 
0.0474665173 0 0 0 0 0 0 0 0 0 0 0 0 0 0 0 0.0296467171 0 0 0 0 0 0 0 0 0 0 0 0 0 0 0 0.8606257080 0 0 0 0 0 0.0215925456 0.0406685119 0 0 0 0 0 0 0 0 0 0 
0 0.0336822208 0.2425651277 0 0 0 0 0 0 0.0021233667 0 0.0125248756 0 0.0675556342 0 0 0 0.4637562407 0.0090588522 0 0 0 0 0 0 0 0 0.0024111953 0 0 0 0 0 0 0 0 0.0129890904 0 0 0 0 0 0 0 0 0 0.1533333964 0 0 0 
0 0 0 0 0 0 0 0 0 0 0 0.5451973707 0 0 0.0112511407 0 0.0037902951 0 0 0 0 0 0 0 0 0 0 0 0 0 0 0 0 0.0052273117 0 0.4162817671 0 0 0 0 0 0 0 0 0 0 0.0182521148 0 0 0 
0 0 0.0086457865 0 0 0 0.0670657738 0 0 0 0 0 0 0 0 0 0.0040880142 0 0 0 0 0 0 0 0 0 0 0 0 0 0 0.5890920227 0 0 0 0 0 0 0 0.3186428565 0 0 0 0 0.0124655463 0 0 0 0 0 
0 0 0 0 0 0.9167028634 0 0 0 0 0 0 0 0 0 0 0.0832971366 0 0 0 0 0 0 0 0 0 0 0 0 0 0 0 0 0 0 0 0 0 0 0 0 0 0 0 0 0 0 0 0 0 
0 0 0 0 0 0 0 0 0 0 0 0 0 0 0 0 0.9993934631 0 0 0 0 0 0.0006065369 0 0 0 0 0 0 0 0 0 0 0 0 0 0 0 0 0 0 0 0 0 0 0 0 0 0 0 
0 0 0 0.0130235783 0 0 0 0 0 0 0 0 0 0 0 0 0 0 0 0 0 0 0 0 0 0.7158555042 0.2711209175 0 0 0 0 0 0 0 0 0 0 0 0 0 0 0 0 0 0 0 0 0 0 0 
0 0 0 0 0 0 0 0 0 0 0 0 0 0 0 0 0.9687954271 0 0 0 0 0 0 0 0 0 0 0 0 0 0 0 0 0.0046835615 0 0 0 0 0 0.0011412143 0 0 0 0 0 0 0 0.0253797971 0 0 
0 0 0 0.0002569849 0 0 0 0 0 0.9997430151 0 0 0 0 0 0 0 0 0 0 0 0 0 0 0 0 0 0 0 0 0 0 0 0 0 0 0 0 0 0 0 0 0 0 0 0 0 0 0 0 
0 0 0 0 0 0 0.0021125634 0 0 0.5309189410 0.1437953971 0 0 0 0 0.0205626507 0 0 0.0013689124 0.0229877660 0.0859188880 0.0009763790 0 0 0 0.0039631501 0 0.0683351699 0 0 0 0 0 0 0 0 0 0 0.0400471227 0 0 0 0.0790130598 0 0 0 0 0 0 0 
0 0 0 0 0 0 0 0 0 0.4915405498 0 0 0.0018935568 0 0 0 0 0 0 0 0 0 0 0 0 0.0134554654 0.4863920785 0 0 0 0 0 0 0 0 0 0 0 0 0 0 0 0.0067183496 0 0 0 0 0 0 0 
0.2197120203 0 0.0374194077 0 0 0 0 0 0 0 0 0 0 0 0 0 0 0 0 0 0.4487421678 0 0 0 0 0 0 0 0 0 0 0.0020185217 0 0 0 0 0.0015508958 0 0 0.2905569866 0 0 0 0 0 0 0 0 0 0 
0 0 0 0 0 0 0 0.3574669449 0 0 0 0 0 0 0 0 0.1025241970 0 0 0 0 0 0 0 0.1541163761 0 0 0.0008774477 0 0.0214370311 0 0 0.0170541212 0 0.0066982937 0 0 0.0540518451 0 0 0.0232183234 0 0 0 0 0 0 0.2625554198 0 0 
0 0 0 0 0 0.0242373272 0 0 0 0 0 0.0006580404 0 0 0 0 0 0.0066577394 0 0 0 0 0 0.0386646777 0 0.2484149091 0 0 0 0 0 0.0023288475 0.0011491735 0 0 0 0 0 0 0 0.0017740079 0 0 0 0 0 0 0 0 0.6761152772 
0 0 0 0 0 0 0 0 0 0.0073471056 0 0 0 0 0 0 0 0.5384233634 0 0.0927387408 0.0671221842 0 0 0 0 0 0 0 0 0 0 0 0 0 0 0 0.0011318516 0.1184162919 0 0 0 0 0 0 0 0 0.1748204625 0 0 0 
0 0 0 0 0 0 0 0.3034349152 0 0 0.5424219024 0 0 0 0 0.0053257199 0.0166732316 0.0466986488 0 0 0 0 0 0 0 0 0 0.0014323745 0 0.0601777769 0 0 0 0 0.0238354308 0 0 0 0 0 0 0 0 0 0 0 0 0 0 0 
0 0 0 0 0.9278015231 0 0 0 0 0 0 0 0 0 0 0 0 0 0 0 0 0 0 0 0 0 0 0 0 0 0 0 0.0721984769 0 0 0 0 0 0 0 0 0 0 0 0 0 0 0 0 0 
0 0 0 0 0 0 0 0 0 0.5290811907 0 0 0 0.0013392461 0 0 0 0 0 0 0 0 0.0013213008 0 0 0.0101592214 0.4580990409 0 0 0 0 0 0 0 0 0 0 0 0 0 0 0 0 0 0 0 0 0 0 0 
0 0 0 0 0 0 0 0 0 0.9927281525 0 0 0 0 0 0 0 0 0 0 0 0 0 0 0 0 0.0072718475 0 0 0 0 0 0 0 0 0 0 0 0 0 0 0 0 0 0 0 0 0 0 0 
0 0 0 0 0 0 0 0 0 0 0 0 0 0 0 0 0 0 0 0.0023832854 0 0 0 0 0 0 0.9976167146 0 0 0 0 0 0 0 0 0 0 0 0 0 0 0 0 0 0 0 0 0 0 0 
0 0 0 0 0 0 0 0 0 0.0758812419 0 0 0 0 0 0 0 0 0 0 0 0 0.0027955526 0 0.0152179190 0 0.8650826719 0 0 0 0 0 0 0 0 0 0 0 0 0 0 0 0 0 0 0 0.0410226147 0 0 0 
0 0 0 0 0 0.1012566078 0 0.0082744320 0 0 0 0 0 0 0 0 0.4929251361 0 0 0 0 0 0.0027618493 0 0 0 0 0 0 0 0 0.3659513821 0 0.0210461710 0 0 0 0.0077844218 0 0 0 0 0 0 0 0 0 0 0 0 
0 0 0 0 0 0 0 0 0 0 0 0 0.0009151185 0 0 0 0 0.0045895743 0 0 0 0 0 0 0 0 0.8277100519 0 0 0.1453807108 0 0 0 0 0.0119634127 0 0 0 0 0 0 0 0 0 0.0033568049 0 0 0.0060843270 0 0 
0 0 0 0 0 0 0 0 0 0 0.0537242185 0 0 0 0 0 0.0065100183 0 0 0 0 0 0 0.1939572650 0 0 0.0036925003 0 0 0 0 0 0 0 0.0163563373 0.6460820314 0 0 0 0 0 0 0 0 0 0.0066611743 0 0.0730164550 0 0 
0 0 0 0 0 0 0 0 0 0 0 0 0 0.2036692585 0 0 0 0 0 0 0.0062989947 0 0 0 0 0 0 0 0 0 0 0 0 0 0 0 0 0 0 0 0 0 0.0049332621 0 0 0 0 0 0 0.7850984847 
0 0 0 0 0 0 0 0 0 0 0 0 0 0 0 0 0 0.5984794132 0 0 0 0 0 0 0 0 0.3592621028 0 0 0.0370474880 0 0 0 0 0.0024271187 0 0 0 0 0 0 0 0 0.0027838773 0 0 0 0 0 0 
0 0.0452028859 0 0 0 0 0 0 0 0 0 0 0 0 0 0 0 0.0040772530 0 0 0 0 0 0 0 0 0.3190258041 0 0 0.1051146612 0.0531675669 0 0 0 0 0 0 0 0.0079976179 0 0 0 0.4552704873 0 0 0 0 0 0.0101437239 0 
0 0.0105925626 0 0 0 0 0 0.0393760562 0 0 0 0 0 0 0.0032219809 0 0.0618495284 0 0 0 0 0 0 0 0 0 0 0.0009928593 0 0 0 0 0 0.1767536713 0 0 0 0 0 0.0165221026 0 0 0 0.3292318927 0 0.3614593460 0 0 0 0 
0 0 0 0 0 0 0 0 0 0 0 0 0 0 0 0 0 0 0 0 0 0 0 0 0 0 0.9992969334 0 0 0 0 0 0 0 0 0 0.0007030666 0 0 0 0 0 0 0 0 0 0 0 0 0 
0 0 0 0 0 0 0 0 0 0 0 0.4063996970 0 0 0 0 0 0 0 0 0 0 0 0 0 0 0.5370621032 0 0 0 0 0 0 0 0 0 0 0 0 0 0 0 0 0.0565381997 0 0 0 0 0 0 
0 0 0 0 0 0 0 0 0 0 0 0 0 0 0 0.0259351073 0 0 0 0 0 0 0 0 0 0 0 0 0 0 0 0 0 0 0 0.8744526663 0 0 0 0 0.0996122264 0 0 0 0 0 0 0 0 0 
0.0133071101 0 0 0 0 0 0 0 0 0 0 0.0025625687 0 0 0 0 0.0344009969 0 0 0 0 0 0 0 0 0 0 0 0 0 0 0.0175577702 0 0.3442451970 0 0 0 0 0 0.0806820738 0 0 0 0 0.2847785331 0 0 0.2224657503 0 0 
0 0 0 0 0 0 0 0 0.0013577538 0 0 0.5074247075 0 0 0 0 0 0 0.0023337319 0 0 0 0 0 0.0045685157 0 0.4705519477 0 0 0 0 0 0 0 0 0 0 0 0 0 0 0 0 0.0015661614 0.0121971819 0 0 0 0 0 
0 0.0011647991 0 0 0 0 0 0 0 0 0.0018463135 0 0 0 0 0 0 0.4027898431 0 0 0 0 0 0 0 0 0.0236236537 0 0 0 0 0 0.0010772918 0 0 0 0 0.0012430291 0 0 0 0 0 0.5682550697 0 0 0 0 0 0 
0.0014377755 0 0 0 0 0 0 0.0303419312 0 0 0 0 0 0 0 0 0.3911364407 0 0 0 0 0 0 0 0 0 0 0 0 0 0 0 0 0.4431176684 0 0 0 0 0 0.1339661842 0 0 0 0 0 0 0 0 0 0 
0 0 0 0 0 0 0 0 0 0.4816417409 0 0 0 0 0 0 0 0 0 0.5152076756 0 0 0 0 0 0 0.0031505835 0 0 0 0 0 0 0 0 0 0 0 0 0 0 0 0 0 0 0 0 0 0 0 
0 0 0 0 0 0 0.0128502871 0 0 0 0.1752550095 0 0 0 0 0 0 0.0055237444 0 0 0 0 0.1743181008 0 0 0.0073913408 0.0091404024 0.0011261908 0 0.5699334692 0 0 0 0 0 0 0.0444614550 0 0 0 0 0 0 0 0 0 0 0 0 0 
0 0 0 0 0 0 0 0 0 0 0.0219731331 0 0 0 0 0 0 0 0 0 0 0 0 0 0 0 0 0 0 0 0 0 0 0.0102446138 0 0 0 0 0 0 0.9677822531 0 0 0 0 0 0 0 0 0 
0.0524785613 0 0.0068824238 0 0 0 0 0.0699466013 0 0 0.3035942688 0 0 0 0.3791366657 0 0.0637302486 0 0 0 0 0 0 0 0 0 0.0057648814 0 0 0 0 0 0 0.0085871254 0 0 0 0 0.0130134369 0.0630728861 0 0 0 0 0 0.0337929006 0 0 0 0 
0 0 0 0 0 0 0 0 0 0 0.0718571096 0 0 0 0 0 0 0.5359633723 0 0 0 0 0 0 0 0 0.0319409292 0.0012826365 0 0.0785111108 0 0 0 0 0 0 0 0.0533865439 0 0 0.0137871698 0 0 0 0 0.2132711277 0 0 0 0 
0 0 0 0 0 0 0 0 0 0.4508357325 0 0 0.0016045558 0 0 0 0 0 0 0 0 0 0 0 0 0 0.5450857437 0 0 0 0 0 0 0 0 0 0 0 0 0 0 0 0 0 0.0024739680 0 0 0 0 0 
0 0 0 0 0 0.0118190795 0 0 0 0.3083317873 0 0 0 0 0 0 0 0 0 0 0 0 0 0 0 0 0.0095296221 0 0 0 0.5041360046 0.0670588707 0.0013607989 0 0.0253546943 0 0 0 0 0 0 0 0 0 0 0 0.0211219910 0 0 0.0512871514 
0 0 0 0 0 0 0 0 0 0.2167302384 0 0 0 0 0 0 0 0.0047114468 0 0 0 0 0 0 0 0 0.1245224516 0 0 0 0 0 0 0 0 0 0 0 0 0 0 0 0 0 0 0 0.0385922752 0.6154435880 0 0 
0 0 0 0 0 0 0 0 0 0 1.0000000000 0 0 0 0 0 0 0 0 0 0 0 0 0 0 0 0 0 0 0 0 0 0 0 0 0 0 0 0 0 0 0 0 0 0 0 0 0 0 0 
0 0 0 0 0 0 0 0 0 0 0.0141259282 0 0 0 0 0 0 0 0 0.1693733514 0 0 0 0 0 0 0 0.0015393513 0.1678264644 0.2860910527 0 0 0 0.3599111528 0 0 0 0 0 0 0 0 0.0011326993 0 0 0 0 0 0 0 
0 0 0 0 0.0897493628 0.0042648656 0 0 0 0 0 0 0 0 0.0016138250 0 0 0 0 0 0 0 0 0 0.0261221918 0.2483950472 0.0016809962 0 0 0 0.0554917605 0 0 0 0 0.5116558660 0 0 0 0 0 0 0.0610260850 0 0 0 0 0 0 0 
0.0014289967 0.0196810187 0 0 0 0 0 0 0 0 0 0 0 0.0115552237 0 0 0 0.0427044177 0 0.0029046685 0.0041749283 0 0 0 0.0523247683 0 0 0 0.0077508965 0.3359016762 0.3862866800 0 0 0.0035760588 0 0 0.0013311353 0 0 0 0.0356381875 0 0 0.0090131503 0 0.0857281935 0 0 0 0 
0 0 0 0 0 0 0 0 0 0.3640263657 0 0 0 0 0 0 0 0 0 0 0 0 0 0 0 0 0.6319843501 0 0 0 0 0 0 0 0 0 0 0 0 0 0 0.0039892842 0 0 0 0 0 0 0 0 
0 0 0.1452841177 0 0 0.1607561156 0.0034128444 0.0040558976 0 0 0 0 0 0 0 0 0.0242238581 0 0 0 0.1104131660 0 0 0 0 0 0 0.0008139605 0 0 0 0 0 0 0 0 0 0 0 0.2831805456 0 0 0 0 0 0 0 0 0 0.2678594945 
0 0 0 0 0 0 0 0 0 0 0.0017523819 0.6596603814 0 0 0 0 0 0 0 0 0 0 0 0 0 0 0.1917026017 0 0 0.1409535909 0 0 0 0 0 0 0 0 0 0 0 0 0 0 0 0 0.0021634063 0 0.0037676379 0 
0 0 0 0 0 0 0 0 0 0 0 0 0 0 0 0 0.0535753575 0 0 0 0 0 0 0 0.1545558252 0 0 0.0009713719 0 0.0030979612 0 0.1128387118 0 0.3201916387 0 0 0 0 0 0.0665314667 0.2882376670 0 0 0 0 0 0 0 0 0 
0 0 0 0 0 0 0 0 0 0.6497341038 0 0 0 0 0 0 0 0 0 0 0 0 0 0 0 0 0.3442063343 0.0012496260 0 0 0 0 0 0 0 0 0 0 0 0 0 0 0 0.0048099360 0 0 0 0 0 0 
0 0.0709035821 0.0027830519 0 0 0 0 0 0 0 0 0 0 0.1424009338 0 0 0.0614396418 0 0.0124515437 0 0 0 0.0009575195 0 0.4862599692 0 0 0.0015703840 0 0 0 0.0711495390 0 0 0 0 0 0 0 0.0233654984 0 0 0.0985918702 0 0 0 0 0 0 0.0281264665 
0 0.2683031476 0 0 0 0.0078138395 0 0 0.2344272251 0 0 0 0 0 0 0 0 0 0 0 0 0 0 0 0 0 0 0.0006367826 0 0 0 0 0.2868821912 0.0080359118 0 0 0 0.1672304249 0 0 0 0.0194366510 0 0 0.0072338264 0 0 0 0 0 
0 0 0 0 0 0 0 0 0 0.0066581684 0 0 0 0 0.0548358631 0 0 0 0 0 0 0 0 0 0 0 0.6905134493 0 0 0 0 0 0 0 0 0 0 0.0546271285 0.0278079334 0 0 0 0.1040776306 0 0.0614798267 0 0 0 0 0 
0 0 0 0 0 0 0 0 0 0.0047819370 0 0 0 0 0 0 0 0.6530898663 0 0 0 0 0 0 0 0 0.0047040233 0.0014375896 0 0 0 0 0.0086060144 0 0.0300832112 0 0 0 0 0 0 0 0 0 0 0 0.0700434609 0.0179716017 0 0.2092822958 
0 0 0 0 0 0 0 0 0 0 0 0 0 0 0 0 0 0 0 0 0 0 0 0 0 0 1.0000000000 0 0 0 0 0 0 0 0 0 0 0 0 0 0 0 0 0 0 0 0 0 0 0 
0 0 0 0 0.0536176895 0.0342185616 0 0 0 0 0 0 0 0 0 0 0 0 0 0 0 0.7203982079 0 0 0 0 0 0 0 0.0033357098 0.0142153293 0 0 0 0 0 0 0 0 0 0.1742145019 0 0 0 0 0 0 0 0 0 
0 0 0 0 0 0.5869259993 0 0 0 0 0 0 0 0 0 0 0.1616319094 0 0 0 0 0 0 0 0 0 0 0 0 0 0 0 0 0.0122908852 0 0.0897792957 0 0.1493719105 0 0 0 0 0 0 0 0 0 0 0 0 
0 0 0.0029281702 0 0 0 0 0 0 0.5854189579 0.0032154897 0 0 0.1096312150 0 0 0 0.2953148746 0 0 0 0 0 0 0 0 0 0 0 0 0 0 0 0 0 0 0 0 0 0 0 0 0 0.0033177239 0 0 0 0 0.0001735687 0 
0 0 0 0.0910234268 0.4189219989 0 0 0 0 0 0 0 0 0 0 0 0 0.4643660026 0 0 0 0 0 0 0 0 0.0213917087 0 0 0.0023214690 0.0010161570 0 0 0 0.0009592370 0 0 0 0 0 0 0 0 0 0 0 0 0 0 0 
0 0 0 0 0 0 0 0 0 0 0 0.0362646905 0 0 0 0 0 0.0540127009 0 0.0523885138 0 0 0 0 0 0 0.4902979875 0.0015060702 0 0 0 0 0 0 0 0 0 0 0.2294693223 0 0 0 0 0 0 0 0.1267729518 0 0 0.0092877630 
0 0 0 0 0 0 0 0 0 0 0 0 0 0 0 0 0.1433289677 0 0 0 0 0 0 0 0 0 0 0 0 0 0 0 0 0.6936653764 0 0 0.0131282052 0 0 0.1498774507 0 0 0 0 0 0 0 0 0 0 
0 0.0153379087 0 0 0 0 0 0 0 0 0.1452482633 0 0 0 0.0073988081 0 0.0026032986 0.0053584631 0 0 0 0.3362701453 0 0 0 0 0 0 0 0 0 0 0 0.4795998427 0 0 0 0 0.0027510820 0 0 0 0 0.0054321881 0 0 0 0 0 0 
0 0 0 0 0 0 0 0 0 0 0 0 0 0 0 0 0 0 0 0 0 0 0 0 0 0 0 0 0 0 0 0 0 0 0 0 0 0 0 0 0 0 0 0 0 0 1.0000000000 0 0 0 
0 0.0013452256 0 0 0.0077198538 0 0 0.0087362945 0 0 0 0 0 0.0387406382 0 0 0 0 0 0 0 0 0 0 0 0 0 0 0 0 0 0 0 0 0.0011395926 0 0 0 0.0012226497 0 0 0 0 0 0.9372352311 0 0 0 0 0.0038605146 
0 0 0 0 0 0 0 0 0 0 0 0.0456783694 0 0 0 0 0 0 0 0 0 0 0 0 0 0 0.5157059156 0 0 0.0719132594 0 0 0 0 0 0 0 0 0 0 0.3609530723 0 0 0 0.0057493833 0 0 0 0 0 
0 0 1.0000000000 0 0 0 0 0 0 0 0 0 0 0 0 0 0 0 0 0 0 0 0 0 0 0 0 0 0 0 0 0 0 0 0 0 0 0 0 0 0 0 0 0 0 0 0 0 0 0 
0 0 0.0028155991 0 0 0 0.0015499601 0 0 0 0 0 0.0335011930 0 0 0 0.0296770278 0 0 0 0.0306520176 0 0 0 0 0 0 0 0 0 0 0 0 0.0024102634 0 0 0.0575954397 0 0 0.8417984992 0 0 0 0 0 0 0 0 0 0 
0 0 0 0 0 0 0 0.3703931390 0 0 0 0 0 0 0.1563436860 0 0 0 0.0013976847 0 0 0 0 0 0 0 0 0 0 0.0089947242 0 0 0.0039154014 0 0 0 0 0 0 0 0 0 0.4574798379 0 0.0014755268 0 0 0 0 0 
0 0 0 0 0 0 0 0 0 0 0 0 0 0 0 0 0 0 0 0 0 0 0 0 0.0058163564 0 0.9881114447 0 0 0 0 0 0 0 0 0 0 0 0 0 0 0 0 0 0 0 0 0 0.0060721989 0 
0 0 0 0 0 0 0 0 0 0.0277521874 0.0047504881 0 0 0 0 0 0 0 0.4943251211 0 0 0.0200797712 0 0 0 0 0.1252583902 0 0.0133179580 0 0 0 0 0 0 0 0 0 0 0 0 0 0 0 0 0 0.3145160840 0 0 0 
0 0 0 0 0 0 0 0 0 0 0 0.9416300310 0 0 0 0 0 0 0 0 0 0 0 0 0 0 0 0 0 0 0 0 0 0 0 0 0 0 0 0 0 0 0 0 0 0 0.0583699690 0 0 0 
0 0.0326767153 0 0 0.0794546696 0 0 0.3577684487 0 0 0 0.0038056117 0 0 0.0379857684 0 0.0018390740 0 0 0 0 0 0 0 0 0 0.0077904679 0.0013884584 0 0.0092828213 0 0 0 0.3289684786 0 0 0 0 0.0802391325 0 0 0 0 0 0 0 0 0.0588003536 0 0 
0 0 0 0 0 0 0 0 0 0 0 0 0 0 0 0 0.0306011325 0 0 0 0 0 0 0 0 0 0 0 0 0 0 0 0 0 0 0 0 0 0 0 0.0133994350 0 0 0 0 0.9559994325 0 0 0 0 
0.0961697802 0 0 0.0055176350 0 0 0 0 0 0.0461616367 0 0 0 0 0 0 0 0 0 0 0 0 0 0 0 0.7154125251 0 0 0 0 0 0 0.0653649997 0 0 0 0 0 0 0 0 0 0 0 0 0 0.0713734233 0 0 0 
0.0315098359 0 0 0 0.0311079161 0 0 0 0.3379299966 0 0 0 0 0 0.0103576656 0.0227863552 0 0 0 0 0 0 0 0 0 0 0 0 0 0 0.5647671934 0 0 0 0 0.0015410372 0 0 0 0 0 0 0 0 0 0 0 0 0 0 
0 0 0 0 0 0 0 0 0 0.3220084074 0 0 0 0 0 0 0 0 0 0 0 0 0 0 0 0 0 0 0 0 0 0 0 0 0 0 0 0 0 0 0 0 0 0 0 0 0.6779915926 0 0 0 
0 0 0 0 0 0 0 0 0 0.7712701611 0 0 0 0 0 0 0 0 0 0.0697521150 0 0 0 0 0 0.1503162910 0.0075338251 0 0 0 0 0 0 0 0 0 0 0 0 0 0 0 0 0 0 0 0.0011276078 0 0 0 
0.6781829166 0 0 0.0143973500 0.0081481934 0 0 0.0445665562 0 0 0 0 0 0 0 0 0 0 0 0 0 0 0 0 0 0 0 0 0 0 0 0 0 0 0 0 0 0 0 0.2547049839 0 0 0 0 0 0 0 0 0 0 
0 0.0042329552 0 0 0 0.3529134100 0 0 0 0 0.0014830424 0 0 0 0.0024995662 0 0 0 0 0 0 0.5996447717 0 0 0 0 0 0 0 0.0010795321 0 0 0 0 0 0 0 0 0 0 0 0 0 0 0.0381467224 0 0 0 0 0 
0 0 0 0 0 0 0 0 0 0.8487155324 0 0 0 0 0 0 0 0 0 0.0027322448 0 0 0 0 0 0.1455896757 0.0029625472 0 0 0 0 0 0 0 0 0 0 0 0 0 0 0 0 0 0 0 0 0 0 0 
0 0 0 0 0 0.1280857465 0 0 0 0.0436190910 0.1564464225 0 0 0 0 0 0 0.2999619286 0 0 0 0.0011074245 0 0 0.0238817139 0 0.0178248654 0.0025089616 0.1507874349 0 0.1254765115 0 0 0 0 0 0 0 0 0 0.0489887465 0 0.0013111531 0 0 0 0 0 0 0 
0.7938793651 0 0 0 0 0 0 0.0037247334 0 0 0 0 0 0.0591751321 0 0 0 0 0 0 0 0 0 0 0 0 0 0 0 0 0 0 0 0 0 0 0 0 0 0.0553095888 0 0 0 0 0 0.0212625439 0 0 0 0.0666486368 
0 0 0 0 0 0 0 0 0 0.2707958925 0 0 0 0 0 0 0 0.2396421628 0.0054261075 0 0 0.1321317254 0 0.0012138017 0 0 0.2726159992 0.0040129272 0 0 0 0 0 0 0 0 0 0 0 0 0 0 0.0024177652 0 0.0009554225 0 0 0 0.0707881960 0 
0 0 0 0 0 0 0 0 0 0 0 0 0 0.2181224222 0 0 0 0 0.0024865123 0 0.0047277266 0 0 0 0.7567047690 0 0 0 0 0 0 0.0039490337 0 0 0 0 0 0.0044245374 0 0 0 0 0 0 0 0 0.0086218494 0 0.0009631494 0 
0 0.3255655019 0 0 0 0 0 0 0 0 0.0033787288 0 0 0 0 0 0 0.0960233153 0 0 0 0 0 0 0 0 0 0 0 0.0100083492 0.0144741565 0 0 0 0 0 0 0 0 0 0 0 0.5505499483 0 0 0 0 0 0 0 
0 0 0 0 0 0 0 0 0 0 0 0.0232357323 0 0 0 0 0 0 0 0 0 0 0 0 0 0.0075638969 0 0 0 0 0 0 0 0 0 0 0 0.4959277818 0 0 0 0.4695023359 0 0 0 0 0 0 0.0037702531 0 
0 0 0 0 0 0 0 0 0 0.0186037326 0 0 0 0 0 0 0 0.0037638985 0 0 0 0 0 0 0.4409744142 0 0.0299843512 0.0013490811 0.0033239967 0 0 0 0 0 0 0 0 0 0 0 0 0.2383120607 0.0486438503 0 0 0 0.2150446146 0 0 0 
0 0 0 0 0.9796483008 0 0 0 0 0 0 0 0 0 0 0 0 0 0 0 0 0 0 0 0 0 0.0187834323 0 0 0.0015682669 0 0 0 0 0 0 0 0 0 0 0 0 0 0 0 0 0 0 0 0 
0 0 0 0 0 0 0 0 0 0 0 0 0 0 0 0 0 0 0 0 0 0 0 0 0 0.1326744432 0.8673255568 0 0 0 0 0 0 0 0 0 0 0 0 0 0 0 0 0 0 0 0 0 0 0 
0 0 0 0 0 0 0 0 0.1005124390 0 0 0 0 0 0.0200493169 0 0.2944195770 0 0 0 0 0 0 0 0.0405571270 0.0025535866 0 0 0 0 0 0.0123703409 0 0.0155266513 0 0 0 0 0 0.0061539545 0.1194114949 0.2855744858 0 0 0 0.0396545253 0 0.0632165008 0 0 
0 0 0 0 0 0 0 0 0 0 0 0.0013588600 0 0 0 0 0.3090558750 0 0 0 0 0 0 0 0 0 0 0 0 0.0030616424 0 0 0 0 0 0 0 0.0022067545 0 0 0.1004810750 0 0.0082538039 0 0 0 0 0.5755819892 0 0 
0 0 0 0 0 0 0 0 0 0.3628582913 0.0123874087 0 0 0 0 0.0081015132 0 0 0 0 0 0.0044870334 0 0 0 0.1708336906 0.4347133151 0 0 0 0 0 0 0 0.0066187478 0 0 0 0 0 0 0 0 0 0 0 0 0 0 0 
0 0 0 0.0010165463 0 0.1316003280 0 0 0 0 0 0 0 0.0024534070 0 0 0 0 0 0.0831768639 0.0089977335 0 0 0 0 0 0 0 0 0 0 0.3163685911 0.4312691588 0 0 0 0 0.0136837342 0.0114336372 0 0 0 0 0 0 0 0 0 0 0 
0.0069931131 0 0 0 0 0 0 0 0.6833757801 0 0 0 0 0 0.0018037368 0 0 0 0 0 0 0 0 0 0 0 0.0389139348 0 0.2680385945 0 0 0 0 0 0 0 0 0 0 0 0 0 0 0 0 0 0 0 0.0008748408 0 
0.0388250740 0 0.0073321643 0 0 0 0 0.0219123407 0 0 0 0 0 0 0 0 0.0041455167 0 0 0 0 0 0 0 0 0 0.0061230652 0 0 0.3628697825 0 0 0 0.0093848576 0.0700420091 0.3922279956 0 0 0 0.0871371942 0 0 0 0 0 0 0 0 0 0 
0 0 0 0 0 0 0 0 0 0 0 0 0 0 0.8337922015 0 0.0326331548 0 0 0 0 0.0048948600 0 0 0 0 0 0 0 0 0 0.1286797837 0 0 0 0 0 0 0 0 0 0 0 0 0 0 0 0 0 0 
0 0 0.0210148668 0.8818032640 0 0 0 0 0 0 0 0 0 0 0 0 0 0 0 0 0 0 0 0 0 0 0 0 0 0 0 0.0784750121 0 0 0 0 0 0 0.0089250916 0.0097817653 0 0 0 0 0 0 0 0 0 0 
0 0 0 0 0 0 0 0 0 0 0 0 0 0 0 0 0 0 0.0110671576 0 0 0 0 0 0.3921018586 0 0.2642933401 0 0 0 0 0 0 0 0 0 0 0 0 0 0 0.3187825702 0.0137550735 0 0 0 0 0 0 0 
0 0 0 0 0 0 0 0 0 0 0 0 0 0 0.0819345935 0 0 0 0 0 0 0 0 0 0.7579143225 0 0.0077964947 0 0 0 0 0.0359304514 0 0.0029090363 0 0.1103926601 0 0 0 0 0 0 0 0 0.0031224415 0 0 0 0 0 
0 0 0 0 0 0 0 0 0 0 0 0 0 0 0 0 0.0269968901 0 0 0 0 0 0 0 0 0 0 0 0 0.8517903812 0 0 0 0.0196228823 0 0 0 0 0 0.1015898463 0 0 0 0 0 0 0 0 0 0 
0 0 0 0 0 0 0 0 0 0 0 0 0 0 0.1841276797 0 0 0 0 0 0 0 0 0 0 0 0.0756856849 0 0 0.4616671798 0 0 0 0 0 0 0 0 0 0.0017139233 0 0 0 0.2438948273 0.0230714678 0.0098392371 0 0 0 0 
0 0 0 0 0 0 0 0 0 0.0008205047 0 0 0 0 0 0 0 0 0 0 0 0 0 0 0.2770125678 0 0.0934969178 0 0 0 0.0051684434 0 0 0 0 0.5958149527 0 0 0 0 0 0 0 0 0.0276866137 0 0 0 0 0 
0 0 0 0 0 0 0 0.8062237559 0 0 0 0.0084922603 0 0 0.0366652778 0 0 0 0 0 0 0 0 0 0 0 0.0022265648 0 0 0 0 0 0 0 0 0.0841250713 0 0 0 0.0622670699 0 0 0 0 0 0 0 0 0 0 
0 0 0 0 0 0 0 0 0 0 0 0 0 0 0 0 0 0.0401296380 0 0 0 0.0009351412 0 0 0 0 0.3459477669 0.0017162383 0 0.2532322515 0 0 0 0.1907257638 0 0 0 0 0 0.1662214953 0 0 0.0010917049 0 0 0 0 0 0 0 
0 0 0 0 0 0 0 0 0 0 0 0 0 0 0 0 0.0630308837 0 0 0 0 0 0 0 0 0 0.0145328458 0.0010120515 0.3080017530 0.0080710794 0 0 0 0.5272039010 0.0644662313 0 0.0095743335 0 0 0 0 0 0.0041069207 0 0 0 0 0 0 0 
0 0 0 0.0021318365 0 0 0 0.0109006477 0 0 0 0 0.0016380549 0 0 0 0 0 0 0 0 0.1522697725 0 0 0 0 0.7267835084 0 0 0.0639464117 0 0 0 0 0 0 0 0.0423297682 0 0 0 0 0 0 0 0 0 0 0 0 
0 0 0.0071881465 0 0.1249205803 0 0 0 0 0.1218268763 0 0 0 0.0196380883 0.0033658564 0 0 0.2726366192 0 0 0 0 0 0 0 0 0.0034393578 0.0009981558 0 0 0.0032700887 0 0.0202423320 0 0 0 0 0.0010361558 0 0 0 0 0 0 0 0.4214377428 0 0 0 0 
0 0 0 0 0.7154427625 0.0038658549 0 0.1178728618 0 0 0 0 0 0 0.0220950493 0 0 0 0 0 0 0.0028286369 0 0 0.0039011854 0 0 0 0.0039119731 0 0 0.0132179948 0 0.0089202438 0 0 0 0 0.0097470162 0.0981964213 0 0 0 0 0 0 0 0 0 0 
0 0 0 0 0 0 0.0045426635 0 0.0089208766 0 0 0 0 0 0 0 0 0.0119217943 0 0 0 0 0 0 0 0 0.6258823392 0 0 0.1759165619 0 0 0 0 0.0031652071 0 0 0 0 0.0758725316 0 0 0.0937780257 0 0 0 0 0 0 0 
0 0 0 0 0 0.0529306312 0 0 0 0 0 0.0106229718 0 0 0.1492352757 0 0 0 0 0 0 0 0 0.3183826627 0 0 0.0906340304 0 0 0.0717262615 0 0.0100975129 0 0.2903951488 0 0 0 0 0 0 0.0059755051 0 0 0 0 0 0 0 0 0 
0.6610506844 0 0.0539726281 0 0 0 0 0 0 0 0 0 0 0 0 0 0 0 0 0 0 0 0 0 0 0 0 0 0 0 0 0.0050060557 0 0 0 0.1506933951 0 0 0 0.1292772368 0 0 0 0 0 0 0 0 0 0 
0 0 0 0 0 0 0 0.0067809171 0 0 0 0 0 0 0.5155848502 0 0 0 0 0 0 0.0123449990 0 0 0 0 0.4018666057 0 0 0.0619828613 0 0 0 0 0 0 0 0 0 0.0014397667 0 0 0 0 0 0 0 0 0 0 
0 0 0 0 0 0 0 0 0 0 0 0 0.0080622707 0 0 0 0 0 0 0 0 0 0.0183141034 0 0 0 0.7230116492 0 0 0.0811409507 0.1630345276 0 0 0 0.0064364985 0 0 0 0 0 0 0 0 0 0 0 0 0 0 0 
0 0 0 0 0.0044854727 0 0 0 0.1366769415 0 0 0 0 0 0 0.0028814637 0 0.1338291883 0 0 0 0.0536961566 0 0 0 0 0.4226791167 0 0 0 0 0 0.0148053887 0 0 0.0054196638 0 0 0 0 0 0 0 0 0.1265669140 0 0 0.0989596940 0 0 
0 0 0 0 0 0 0 0 0 0.0035606739 0 0 0.0020747217 0 0 0 0 0 0 0.0173181434 0 0 0 0 0.1973070942 0.0022764609 0.5052529062 0 0 0 0 0 0 0.0664540742 0 0 0 0 0 0 0 0 0 0 0.2043066328 0.0014492927 0 0 0 0 
0.0034147808 0 0 0 0.0198270076 0 0 0.0060516298 0 0 0 0 0 0 0.0319705152 0 0 0 0 0 0 0.2389465371 0 0.3327066008 0 0 0.0447981908 0 0 0.0016025289 0 0.2878903655 0 0 0 0 0 0 0 0.0327918436 0 0 0 0 0 0 0 0 0 0 
0 0 0 0 0 0 0 0 0 0 0 0 0 0 0 0 0 0 0 0 0 0 0 0 0 0.9999999885 0 0 0 0 0 0 0 0 0 0 0 0 0 0 0.0000000115 0 0 0 0 0 0 0 0 0 
0 0 0 0 0 0 0 0 0 0 0 0 0 0 0 0 0.2987235352 0 0 0 0 0 0 0 0 0 0 0.0016269167 0 0.6275850658 0 0 0 0.0710032692 0 0 0 0 0 0 0 0 0.0010612130 0 0 0 0 0 0 0 
0 0 0 0 0 0 0 0 0 0 0 0.0058320239 0 0 0.2421317936 0 0 0 0 0 0 0 0 0 0 0 0 0 0 0 0 0 0 0 0 0 0 0 0.7370265324 0 0 0 0 0 0 0 0 0 0.0150096501 0 
0 0 0 0 0 0 0 0.0111551516 0 0 0 0 0 0 0 0 0.0048175689 0.0066833496 0 0 0 0 0 0 0.0029389356 0 0 0 0 0.3544067807 0 0 0 0.6161392827 0.0038589309 0 0 0 0 0 0 0 0 0 0 0 0 0 0 0 
0.0013955437 0 0 0 0 0 0 0 0 0 0 0 0 0 0 0 0 0 0 0 0 0 0 0.7914094249 0 0 0.2024420700 0 0 0 0 0 0 0 0 0 0 0 0.0024900739 0 0 0 0 0 0 0.0022628875 0 0 0 0 
0 0 0.0133515253 0 0 0 0 0 0 0 0 0 0 0 0 0 0 0 0 0 0 0 0 0 0 0 0 0.0008118200 0 0.0673131475 0 0 0 0.2254872164 0 0 0 0 0 0.0534868636 0 0 0.6322151108 0 0 0 0 0.0073343164 0 0 
0 0 0 0 0 0 0 0 0 0 0 0 0 0 0 0 0 0 0 0 0 0 0 0 0 0 0 0 0 0 0.2564361214 0 0 0 0 0 0 0 0 0 0 0 0.7435638786 0 0 0 0 0 0 0 
0 0.0090544748 0 0 0 0 0 0 0.3028286169 0 0 0 0 0 0 0 0 0 0 0 0 0 0 0 0 0 0.1065472645 0 0 0.0326694442 0 0 0 0.2305045625 0 0 0 0 0.0052104124 0 0 0.0037006953 0.3010323893 0 0.0084521401 0 0 0 0 0 
0 0 0 0 0 0 0 0 0 0 0 0 0 0 0.4006833621 0 0.0024606525 0 0 0 0 0.5816072916 0 0.0021436451 0 0 0.0088822585 0 0 0 0.0009574092 0 0 0 0 0 0 0 0 0.0032653809 0 0 0 0 0 0 0 0 0 0 
0 0 0 0.5291769703 0 0 0 0 0 0 0 0 0 0 0 0 0 0 0 0.0016078298 0 0 0 0 0 0.0033054679 0.2358845849 0 0.0111501665 0 0 0 0 0 0 0.1377912229 0 0 0 0 0 0.0053500793 0 0.0757336784 0 0 0 0 0 0 
0 0 0 0.0007324219 0 0 0 0 0 0 0 0 0 0 0 0 0 0 0 0 0 0 0 0 0 0 0 0 0 0 0 0.0290487775 0 0 0 0 0 0 0 0 0 0 0 0.9702188006 0 0 0 0 0 0 
0 0 0 0 0 0 0 0 0 0 0 0 0 0 0.0084257342 0 0.0066268989 0 0 0 0 0.1921200099 0 0 0 0.6857453085 0.0095816194 0 0 0 0 0 0 0 0 0 0 0 0 0.0966165923 0 0 0 0 0.0008838368 0 0 0 0 0 
0.0296944051 0 0 0 0 0 0 0 0 0 0 0 0 0 0.0574700507 0 0 0 0 0 0 0.3345780396 0 0.2963044439 0 0 0.0097008466 0.0010766350 0.0537858699 0.1027073601 0 0 0 0 0 0 0 0 0 0.0399694687 0 0 0 0 0 0.0747128807 0 0 0 0 
0 0 0 0 0 0 0 0 0 0 0 0 0 0 0.0742991820 0 0 0 0 0 0 0 0 0 0 0 0.0099274963 0 0.8349291460 0.0022422478 0 0.0302418341 0 0.0013412293 0 0 0 0 0 0 0 0.0349649459 0 0 0.0120539186 0 0 0 0 0 
0 0 0 0 0 0.3358086958 0 0 0 0 0 0 0 0 0.0009557128 0 0 0 0 0 0.0231030540 0 0 0 0 0 0 0 0 0 0 0.0547278944 0 0 0 0.5231371316 0 0 0 0.0138583412 0 0 0 0 0 0 0 0 0 0.0484091702 
0 0 0 0 0 0 0 0.0061934837 0 0 0 0 0 0 0.4252455859 0 0 0 0.0042516055 0 0 0.1801919985 0 0 0 0 0 0 0 0.0278439775 0.2193330665 0 0 0.1196816741 0 0 0 0 0 0.0172586083 0 0 0 0 0 0 0 0 0 0 
0 0 0 0 0.2408557801 0.0104736577 0 0 0 0 0 0 0 0 0.0112138669 0 0 0 0 0 0 0 0 0.0473590811 0 0 0.0028694739 0 0 0.0127101939 0 0 0 0.0527028218 0 0.2359796711 0 0 0 0 0.0031376085 0 0.3826978450 0 0 0 0 0 0 0 
0.0733897195 0.1779618693 0.0224454316 0 0.5735923696 0.0111415650 0 0 0 0 0 0 0 0 0.0127062979 0 0 0.0101452057 0 0 0 0.0972125975 0 0.0008875725 0.0088131461 0 0.0078873931 0.0025339384 0 0 0 0 0 0 0 0 0 0 0 0 0 0 0.0012828939 0 0 0 0 0 0 0 
0 0 0 0 0.0271851444 0.1506714869 0 0 0 0 0 0.0170486866 0 0 0 0 0 0 0 0 0 0 0 0 0 0 0.7700119980 0 0 0.0049085915 0 0 0 0 0 0.0105280239 0 0 0 0 0 0 0.0077406991 0 0.0119053696 0 0 0 0 0 
0 0 0 0 0 0 0 0 0 0 0 0 0 0 0 0 0 0 0 0 0 0.0049584713 0 0.0946253918 0.0013228582 0 0.1881961220 0 0 0.0085780698 0 0 0 0.0820813772 0 0 0 0 0 0.0075179022 0 0 0 0.6127198075 0 0 0 0 0 0 
0 0 0 0.0066095635 0 0 0 0.0305287756 0 0 0 0 0 0 0.0031033669 0 0 0 0 0 0 0 0 0.2314099777 0.0671556951 0 0.0016337211 0 0.0122002899 0 0 0.1498075169 0 0 0.0024160073 0.3461564777 0 0 0 0.0457665406 0 0.0065645394 0 0 0.0777632988 0 0 0 0.0188842296 0 
0 0 0 0 0 0 0 0.1819465643 0 0 0 0 0 0 0 0 0.0461943518 0 0 0 0 0 0 0.0057522491 0 0 0 0 0 0.3940837429 0 0 0 0.0476335499 0 0 0 0 0 0.3243895421 0 0 0 0 0 0 0 0 0 0 
0 0 0 0 0 0 0 0 0 0 0 0 0 0 0.0498261622 0 0 0 0 0 0 0 0 0 0.1287050035 0.0102879566 0.0537078914 0.0008042923 0.6947157170 0 0 0.0194655075 0 0 0 0 0 0 0 0 0 0 0 0 0 0 0 0 0 0.0424874696 
0 0 0 0 0 0 0 0 0 0.0464711413 0.0060714226 0 0 0.0492364934 0 0 0 0 0.0034350732 0 0.0014682684 0 0 0 0 0 0.0194702469 0 0 0 0 0 0.6688063042 0 0 0 0 0 0 0 0 0 0 0.0025171518 0 0 0 0 0 0.2025238982 
0 0 0 0 0 0 0 0 0 0 0 0 0 0 0 0 0 0 0 0 0 0 0 0 0 0 0.3170890647 0 0 0 0 0 0 0 0 0 0 0 0 0 0 0 0 0.6829109353 0 0 0 0 0 0 
0 0 0 0 0 0 0 0 0 0 0 0 0.0021911090 0 0 0 0 0.2976327343 0 0 0 0 0 0 0 0 0.6608656863 0 0 0.0393104704 0 0 0 0 0 0 0 0 0 0 0 0 0 0 0 0 0 0 0 0 
0.0222393624 0 0 0 0 0 0 0.0006111765 0 0 0 0 0 0 0 0 0 0 0 0 0 0 0 0 0 0 0.0004938037 0 0 0 0.0005273910 0 0 0 0 0.9386433012 0 0 0 0 0 0 0.0345374384 0.0008116057 0 0.0021359212 0 0 0 0 
0 0 0 0 0.0185815248 0 0 0 0 0 0 0 0 0 0.3070312527 0 0.0484346463 0 0 0 0 0.4145971522 0 0.0304950073 0 0 0 0.0010585211 0 0.0073577779 0.0412324619 0 0 0 0 0.1312116558 0 0 0 0 0 0 0 0 0 0 0 0 0 0 
0 0 0 0.0631704817 0 0 0 0 0 0 0 0 0 0 0 0 0.0013263542 0 0 0 0 0 0 0 0 0 0 0 0 0 0 0.2967084354 0 0 0.0052263929 0 0 0 0 0.0916140290 0 0 0 0 0 0 0 0 0.3395585959 0.2023957109 
0 0 0 0 0 0 0 0 0 0 0 0.0169386397 0 0 0 0 0 0 0 0 0 0 0 0 0 0.2657370008 0.5595159784 0 0 0.1545219191 0 0 0 0 0 0 0 0 0 0 0 0 0 0 0 0 0 0.0032864620 0 0 
0 0 0 0 0 0 0 0.0028010513 0 0 0 0 0 0 0.0930421599 0 0.0222253819 0 0 0 0 0.0409583058 0 0 0 0 0.0035816070 0 0 0.5835406325 0 0 0 0 0 0 0 0 0 0.2538508616 0 0 0 0 0 0 0 0 0 0 
0 0 0 0 0.0055485923 0 0 0 0 0 0 0 0 0 0 0 0 0.0008288409 0 0 0 0 0 0 0 0 0 0.0009222281 0 0 0.5176993405 0 0 0 0.0180830452 0 0 0 0.4037938036 0 0 0 0 0.0107666046 0.0423575449 0 0 0 0 0 
0.1178314028 0 0 0 0 0 0 0 0 0 0 0 0 0 0 0 0 0 0.0653850630 0 0 0 0 0 0 0 0 0 0.4683907555 0 0 0.0438473916 0 0.0334996793 0 0 0 0 0 0 0 0 0 0.2710457078 0 0 0 0 0 0 
0 0 0 0 0 0 0 0.3035291614 0 0 0 0 0 0 0.4545806011 0 0.0037663782 0 0 0 0 0 0 0.0154676005 0 0.0938178475 0 0 0 0 0 0 0 0.0709223331 0.0096109717 0 0 0 0 0.0483051064 0 0 0 0 0 0 0 0 0 0 
0 0 0 0.1953928776 0 0 0 0 0 0 0 0.0106576936 0 0 0.2471908443 0 0 0 0 0 0 0 0 0 0 0 0 0 0 0 0.1888634997 0.3394131872 0.0145270847 0 0 0 0 0 0 0 0 0 0 0 0 0 0 0 0 0.0039548130 
0.0505218712 0 0 0.0018724952 0.5500340294 0.0038881785 0 0 0 0 0 0 0 0 0 0 0.1796420160 0 0 0 0 0 0 0 0 0 0 0 0.1875504146 0 0 0 0 0.0128282695 0 0 0 0 0 0 0 0 0 0 0.0136627256 0 0 0 0 0 
0 0 0 0 0 0 0 0 0 0 0 0 0 0 0 0 0 0 0 0 0 0 0 0 0 0 0 0 0 0 0 0 0 1.0000000000 0 0 0 0 0 0 0 0 0 0 0 0 0 0 0 0 
0 0.0196608250 0 0 0.4925905238 0.0327986738 0 0 0 0 0 0 0.0237673957 0.0009604983 0.0057197372 0 0 0 0 0.0368634409 0 0 0 0.0770328392 0 0 0.0016618039 0 0 0.0035863542 0 0 0 0 0 0.0054365136 0 0 0 0.1182436128 0.0031804551 0.0190884590 0 0 0 0 0 0 0 0.1594088676 
0 0 0 0 0 0.0093092678 0 0.6707491066 0 0 0 0 0 0 0.0306494881 0 0.0016345007 0 0 0 0 0 0 0 0.1270306376 0 0 0 0 0 0 0.1606269991 0 0 0 0 0 0 0 0 0 0 0 0 0 0 0 0 0 0 
0 0 0 0 0 0 0 0 0 0 0 0 0 0 0 0 0 0.0589290036 0.0044476089 0 0 0 0 0 0.0308235535 0 0.3720672637 0.0020402568 0.0276652561 0 0 0 0.0084990534 0.3761939537 0.0083557851 0 0 0 0.1094180312 0 0 0 0.0015602339 0 0 0 0 0 0 0 
0 0 0 0 0 0 0 0 0 0 0 0 0 0 0.1227451524 0 0 0 0 0 0 0 0 0 0 0 0.1995579249 0 0 0.0894319435 0 0 0 0.2822011335 0 0 0 0 0 0 0 0 0 0.3060638458 0 0 0 0 0 0 
0 0 0 0 0 0 0 0.1724482813 0 0 0 0 0 0 0 0 0.0068306756 0 0 0 0 0 0 0 0 0 0.0279046613 0 0.0057198565 0.3893095177 0 0 0 0.3977870075 0 0 0 0 0 0 0 0 0 0 0 0 0 0 0 0 
0.0135969855 0 0.0160333730 0.2246315036 0 0 0 0 0 0 0 0 0 0 0 0 0 0 0 0 0 0.1037015702 0 0 0 0.0848790704 0 0.0010915472 0 0 0.5013351662 0 0 0 0 0.0066194621 0 0 0 0.0246753007 0 0 0 0.0234360210 0 0 0 0 0 0 
0 0 0 0 0 0 0 0 0 0 0 0 0 0 0 0 0 0 0 0 0 0 0 0 0 0 0 0 0 0.1140446292 0 0 0 0.8859553708 0 0 0 0 0 0 0 0 0 0 0 0 0 0 0 0 
0 0 0 0 0 0 0 0 0 0 0 0 0 0 0.0066521645 0 0 0 0 0 0 0 0 0 0.0953576184 0 0.0549099706 0.0010217326 0 0 0 0.2457370701 0 0 0 0 0 0 0 0 0 0.5946068308 0 0 0.0017146130 0 0 0 0 0 
0 0 0 0 0 0 0 0 0 0.1756408984 0 0 0 0 0 0 0 0 0 0 0.0121676112 0 0 0 0 0 0.1523564249 0 0 0 0 0 0 0 0 0 0 0 0.1302050040 0 0 0 0 0.5237707918 0.0058592697 0 0 0 0 0 
0 0 0 0 0 0 0 0 0 0 0 0 0 0 0 0 0 0 0 0 0 0 0 0 0.9884696651 0 0 0 0.0007423722 0 0 0 0 0.0008026326 0 0 0 0 0 0.0087689993 0 0 0 0 0 0 0 0.0012163308 0 0 
0 0 0 0 0 0 0 0.1148075103 0 0 0 0 0 0 0.2572774320 0 0 0 0 0 0 0 0 0 0 0 0.0721265462 0 0 0.5183642450 0.0102350121 0.0082983020 0 0 0 0 0 0 0 0 0 0 0.0036576575 0.0152332949 0 0 0 0 0 0 
0.0407084126 0.0023184042 0 0 0 0 0 0 0.2631262647 0 0 0 0 0 0.0220089289 0 0.0017172065 0 0 0 0 0 0 0 0 0 0.0340494115 0 0 0 0 0 0 0.5424705116 0 0 0 0 0 0.0722044043 0 0 0 0.0213964557 0 0 0 0 0 0 
0 0 0 0 0 0 0 0 0 0 0 0 0 0 0 0 0 0 0 0 0 0 0 0 0 0 0 0 0 0 0 0 0 0.8876546501 0 0 0 0 0 0.1123453499 0 0 0 0 0 0 0 0 0 0 
0 0 0 0 0 0 0 0.1679874339 0 0 0 0 0 0 0.6295378897 0 0.0882748687 0 0 0 0 0 0 0 0 0 0 0 0 0.0175362265 0 0 0 0 0 0 0 0 0 0.0966635813 0 0 0 0 0 0 0 0 0 0 
0.0118066492 0.0011391636 0 0 0 0 0 0 0 0 0 0 0 0 0.0928476713 0 0 0 0 0 0 0 0 0.0104331274 0 0 0.0566575660 0 0.2867202701 0 0.0197933027 0 0 0 0 0 0 0 0 0 0 0 0 0 0 0.5206022498 0 0 0 0 
0 0 0 0.0289086723 0 0 0 0 0.6006848986 0 0 0 0 0 0.0082947580 0 0 0 0 0 0 0 0 0 0 0.1393764486 0.2137963125 0 0 0 0 0.0089389099 0 0 0 0 0 0 0 0 0 0 0 0 0 0 0 0 0 0 
0 0 0 0 0 0 0 0 0 0 0 0 0 0 0 0 0 0 0 0 0 0.3153168968 0.0055456792 0 0 0 0.0094250094 0 0.6418624763 0.0182918017 0 0.0076580715 0 0 0 0 0 0 0 0 0 0 0 0 0 0.0019000651 0 0 0 0 
0 0 0 0 0 0 0 0 0 0 0 0 0 0 0 0 0 0 0 0 0 0 0 0 0 0 0.1641783106 0 0.1481625633 0.6584015441 0 0 0 0.0292575821 0 0 0 0 0 0 0 0 0 0 0 0 0 0 0 0 
0 0 0 0 0 0 0 0 0 0 0 0 0 0 1.0000000000 0 0 0 0 0 0 0 0 0 0 0 0 0 0 0 0 0 0 0 0 0 0 0 0 0 0 0 0 0 0 0 0 0 0 0 
0.0061158871 0 0 0.0049902087 0.3155759663 0 0 0 0.1229454658 0 0 0 0 0 0.5079591586 0 0 0 0 0 0 0.0057649485 0 0 0 0 0.0161310720 0 0.0205172930 0 0 0 0 0 0 0 0 0 0 0 0 0 0 0 0 0 0 0 0 0 
0.4162849624 0 0 0 0 0 0 0 0 0 0 0 0 0 0 0 0 0 0 0 0 0.0239655100 0 0 0 0 0 0 0.5256133023 0 0 0.0341362254 0 0 0 0 0 0 0 0 0 0 0 0 0 0 0 0 0 0 
0 0 0 0 0.0013810351 0 0.0018882704 0 0 0.3918544312 0.0449945716 0 0 0 0 0.2302516353 0 0 0 0 0.0466689127 0.0635766443 0 0.0013168329 0 0 0 0.0413594894 0 0 0 0 0 0 0 0 0 0.0172203951 0.0180295443 0 0.0169614881 0 0.0630758840 0 0 0 0 0 0.0183965781 0.0430242876 
0 0 0 0 0 0 0 0 0 0 0 0 0 0 0 0 0 0.0012280096 0 0 0 0.0944088676 0 0.0954782272 0 0 0.4096611814 0 0 0.2749965015 0 0 0 0.0837444827 0 0.0066489688 0 0 0 0 0 0 0 0 0 0 0 0.0338337612 0 0 
0 0 0 0 0 0 0 0 0 0 0.0010547391 0 0 0 0.0065864792 0.0057414258 0 0 0 0 0.0044255118 0 0 0 0 0 0 0 0.8133189382 0.0037857255 0 0 0.0199019070 0 0 0 0 0 0 0.0016008475 0 0 0 0 0 0 0 0.0039590882 0 0.1396253376 
0 0.0039180748 0.0679066079 0 0.6556909612 0 0 0 0 0 0 0 0 0 0.0091785197 0 0 0 0 0 0 0 0 0.0604405836 0.0006589291 0 0 0 0 0 0 0 0 0 0 0.1849227145 0 0 0 0 0 0.0172836091 0 0 0 0 0 0 0 0 
0 0 0 0 0 0 0 0 0 0.0039591035 0 0 0 0 0 0 0 0.3979708019 0 0 0 0 0 0 0 0 0.3878229458 0 0 0.2102471488 0 0 0 0 0 0 0 0 0 0 0 0 0 0 0 0 0 0 0 0 
0 0 0 0 0 0 0 0 0 0 0 0 0 0 0 0 0 0 0 0 0 0 0 0 0 0 0 0 0 0.8802741874 0 0 0 0.1197258126 0 0 0 0 0 0 0 0 0 0 0 0 0 0 0 0 
0.1400504904 0 0 0 0.5619771468 0 0 0 0 0 0 0 0 0 0 0 0 0 0 0 0 0 0 0 0 0 0.2372357369 0.0011318823 0 0 0 0 0.0480240269 0 0 0 0 0 0 0 0.0115807167 0 0 0 0 0 0 0 0 0 
0 0 0 0.3388374396 0 0 0 0 0 0 0 0 0 0 0.0745450213 0 0 0.2673537278 0 0.0032233837 0 0 0 0 0 0 0.2604115896 0.0010102696 0 0 0 0 0.0071271844 0 0 0 0 0 0 0 0 0 0 0 0 0.0362447749 0 0 0 0.0112466090 
0.2053902739 0 0 0 0 0 0 0 0 0 0 0 0 0 0.7632511318 0 0 0 0 0 0 0 0 0 0 0 0 0 0 0 0 0 0 0 0 0 0 0 0 0.0313585944 0 0 0 0 0 0 0 0 0 0 
0 0 0 0 0 0 0 0 0 0.0365801759 0 0 0 0 0 0 0 0 0.2420330262 0 0 0.0019377391 0 0.0015245876 0 0 0.6474229476 0.0041235525 0 0 0 0 0 0 0 0.0433117053 0 0 0.0143416142 0 0 0 0.0087246515 0 0 0 0 0 0 0 
0 0 0 0 0 0 0 0 0 0 0 0 0 0 0.9082601475 0 0 0 0 0.0016896540 0 0 0 0 0 0 0.0786437444 0 0.0114064541 0 0 0 0 0 0 0 0 0 0 0 0 0 0 0 0 0 0 0 0 0 
0.1995957695 0 0 0 0 0 0 0 0 0 0.0624774755 0 0.0029854326 0 0 0 0 0 0.0193738730 0 0 0 0 0 0 0 0.0101295636 0.0018166815 0.5910445636 0 0 0.0111138395 0 0 0 0 0 0 0 0.1004462956 0 0 0.0010165056 0 0 0 0 0 0 0 
0 0 0 0 0.0452894750 0 0 0.1464699683 0.0062327233 0 0 0.0730413796 0.0054068745 0 0 0 0 0 0 0 0 0 0 0 0 0 0.1839952288 0 0 0.3992931078 0 0 0 0 0.0081480365 0 0 0 0 0.1321232061 0 0 0 0 0 0 0 0 0 0 
0 0 0 0 0 0 0 0 0.0019127075 0 0 0 0 0 0.0024159302 0 0.0338292126 0 0 0 0 0 0 0 0 0 0 0 0 0.0019184392 0.8573298446 0 0 0 0 0 0 0 0 0.0048217773 0.0025498537 0 0 0 0 0.0952222349 0 0 0 0 
0 0 0 0 0 0 0 0 0 0 0 0 0 0 0 0 0 0 0 0 0 0.9786603342 0 0 0 0 0.0202102907 0 0 0.0011293752 0 0 0 0 0 0 0 0 0 0 0 0 0 0 0 0 0 0 0 0 
0.1417697148 0 0 0 0.4712076661 0 0 0.0010271861 0 0 0 0.0264313491 0 0 0.0047461235 0 0.0621549427 0 0 0 0 0 0 0 0 0 0 0 0 0 0 0 0 0 0 0 0 0.0771767199 0 0 0 0 0.2154862979 0 0 0 0 0 0 0 
0 0 0 0 0 0 0 0.0015206149 0 0 0 0 0 0 0.0065128714 0 0 0 0 0 0 0.6918507675 0 0.0099058497 0 0 0.0023670240 0 0 0 0 0.0400052593 0 0 0 0.0555836563 0 0 0.1538368288 0 0.0012432731 0.0276537934 0 0.0048848512 0 0.0046352105 0 0 0 0 
0 0 0 0 0 0 0 0 0 0 0 0 0 0 0.0140062704 0 0.0587178187 0 0 0 0 0 0 0 0.3306635266 0.0014362827 0.0048361219 0 0.0521510101 0 0 0.4411095636 0 0 0 0 0 0 0 0 0.0804878477 0 0 0 0 0 0 0 0 0.0165915582 
0 0.0054425381 0 0.0120244127 0 0 0 0 0 0 0 0.0022203528 0 0 0 0 0 0 0.0543952034 0 0.0255303562 0.1723411758 0 0 0 0 0.0963012381 0.0024886123 0 0 0 0.0035901703 0 0 0 0 0 0 0.5853131902 0 0 0 0.0011436785 0 0.0392090715 0 0 0 0 0 
0 0 0 0 0 0 0 0 0 0 0 0.0053387117 0.0010170656 0 0 0 0 0.5013286230 0 0 0 0 0 0 0 0 0.1735126576 0 0 0.0177640988 0.3010388434 0 0 0 0 0 0 0 0 0 0 0 0 0 0 0 0 0 0 0 
0 0 0 0 0 0 0 0 0 0 0 0 0.0070336487 0.0192000376 0 0.0596915041 0.8095831370 0 0 0 0 0 0 0 0 0 0 0 0 0 0 0 0 0 0 0 0 0 0 0.0362778604 0 0 0 0 0 0 0 0.0682138121 0 0 
0 0 0 0 0 0 0 0 0 0.1462445372 0 0 0 0 0 0 0 0 0 0 0.8438879762 0 0 0 0 0 0 0 0 0 0 0 0 0 0 0 0 0 0 0 0 0 0 0 0 0 0.0098674866 0 0 0 
0 0 0 0 0 0 0 0 0 0.6226331927 0 0 0 0.0642711794 0 0 0 0 0 0.0016763245 0 0 0 0 0 0 0 0 0 0 0.0100643048 0 0.0024119377 0 0 0 0 0 0 0 0 0 0 0 0 0 0 0 0 0.2989430609 
0 0 0.0787704944 0 0 0 0 0 0 0.4562385941 0 0 0 0.3570591062 0 0 0 0 0 0.0153585073 0.0401943607 0 0 0 0 0 0 0 0 0 0 0 0 0 0 0 0 0.0056243637 0 0 0 0 0 0 0 0 0.0084259151 0.0383286584 0 0 
0 0 0 0 0 0 0.0025794907 0 0 0 0 0 0 0 0 0 0 0 0 0 0 0 0 0 0 0 0 0 0 0 0 0.3821773923 0 0 0 0 0.0128276050 0 0 0.4384572530 0 0 0 0 0 0 0 0 0 0.1639582589 
0 0 0 0 0 0 0 0 0 1.0000000000 0 0 0 0 0 0 0 0 0 0 0 0 0 0 0 0 0 0 0 0 0 0 0 0 0 0 0 0 0 0 0 0 0 0 0 0 0 0 0 0 
0 0 0 0.0195709030 0 0.0014145097 0 0 0 0 0 0 0 0 0 0 0 0 0 0 0 0 0 0 0 0 0.0109670626 0 0 0 0 0 0 0 0 0 0 0 0 0 0 0.6386465921 0 0.3294009325 0 0 0 0 0 0 
0.0080905033 0 0 0 0 0 0.0017996689 0 0 0 0 0 0 0 0 0 0 0 0.1036159351 0 0 0 0 0 0 0 0 0 0 0 0 0 0 0 0 0 0 0.8613260724 0 0.0251678204 0 0 0 0 0 0 0 0 0 0 
0 0 0 0 0 0 0 0 0 0 0.3779271716 0 0 0 0 0 0.0025385889 0 0 0 0 0 0 0 0 0 0 0 0 0 0 0 0 0.0007428758 0 0 0 0.0026260333 0 0 0.0037514830 0 0 0 0 0.6003015436 0.0121123038 0 0 0 
0 0.0823346627 0 0 0.1397598621 0.0830171698 0 0 0 0 0 0 0 0 0 0 0.6652337907 0 0 0 0 0 0 0.0008419726 0 0 0 0 0 0 0 0 0 0.0288125422 0 0 0 0 0 0 0 0 0 0 0 0 0 0 0 0 
0 0 0 0 0 0 0 0 0 0.1377749961 0 0 0 0 0 0 0 0 0 0.0583821531 0 0 0 0 0 0 0.0573249688 0 0 0 0 0 0 0 0 0 0 0 0 0 0 0 0 0 0.7465178820 0 0 0 0 0 
0 0 0.0196305867 0 0 0 0 0 0.3178989806 0 0 0 0 0 0 0 0 0 0 0 0 0 0.0097298429 0 0 0 0 0 0 0 0 0.1415521843 0 0 0.0308712544 0 0 0 0 0 0 0 0 0.0079670964 0 0 0.4210093403 0.0513407144 0 0 
0 0 0 0 0 0 0 0 0 0 0 0 0 0 0 0 0 0 0 0 0 0 0 0 0 0 0 0 0 0 0 0 1.0000000000 0 0 0 0 0 0 0 0 0 0 0 0 0 0 0 0 0 
0 0 0 0 0 0 0 0 0 0.3565481370 0 0 0 0 0 0 0 0 0 0 0 0 0.0012136516 0 0 0 0 0 0 0 0 0 0.2993275157 0 0 0 0 0 0 0 0 0 0 0 0 0 0.3429106957 0 0 0 
0 0 0 0 0 0 0.0425094538 0 0 0 0 0 0.1687298218 0 0 0 0 0 0 0 0 0 0 0 0 0 0 0 0 0 0 0 0 0 0.0030638010 0 0 0 0 0.7856969234 0 0 0 0 0 0 0 0 0 0 
0 0 0 0 0 0 0 0 0 0 0 0 0 0 0 0 0 0 0 0 0 0 0 0 0 0 0 0 0 0 0 0 0 0 0 0 0 0 0 1.0000000000 0 0 0 0 0 0 0 0 0 0 
0 0 0.0010503006 0 0 0 0 0 0 0.0388236305 0 0 0 0 0 0 0 0 0 0 0.9588329541 0 0 0 0 0 0 0 0 0 0 0 0 0 0 0 0 0.0012931147 0 0 0 0 0 0 0 0 0 0 0 0 
0 0 0 0 0 0 0.0032523025 0 0 0 0 0 0 0 0 0.0471340415 0 0 0 0 0 0 0 0 0 0 0 0 0 0 0 0 0 0 0 0 0 0.0506661365 0 0.2809447761 0 0 0 0 0 0 0 0 0.6180027433 0 
0 0 0 0 0 0 0 0 0 0 0 0 0 0.0180867470 0 0 0.2121301516 0 0 0.4290126862 0 0 0 0 0 0 0 0 0 0 0 0 0 0.0161517428 0.1092159614 0 0 0 0 0.0868826764 0 0 0 0 0 0 0.0010937805 0 0 0.1274262541 
0 0 0 0 0 0 0 0 0 0 0 0 0 0 0 0 0 0 0 0 0 0 0 0 0 0 0 0 0 0 0 0 0 0 0 0 0 0 0 0.0561571672 0 0 0 0 0 0 0 0 0 0.9438428328 
0 0 0 0 0 0 0 0 0 0 0 0 0 0 0 0 0.1400324790 0 0 0 0 0 0 0 0 0 0 0 0 0 0 0 0 0.7558455900 0.0179449324 0 0 0 0 0.0861769985 0 0 0 0 0 0 0 0 0 0 
0 0.1002834455 0 0 0 0 0 0 0 0 0 0 0 0 0 0 0 0 0 0 0 0.5644854119 0.0015972634 0 0.0192945832 0.0258064543 0.2195880792 0.0014363446 0 0 0 0 0 0 0 0 0 0 0 0 0 0 0.0008245191 0 0 0 0 0 0.0666838988 0 
0 0 0 0 0 0 0.0004484926 0 0 0 0 0 0 0 0 0 0.0284628043 0 0 0 0 0 0.0094250708 0 0 0 0 0 0 0 0 0 0 0 0 0 0 0 0 0 0 0 0 0 0.0004985199 0 0 0 0.9611651124 0 
0 0 0 0 0 0 0 0 0 0 0 0 0 0 0 0 0 0 0 0 0 0 0 0 0 0 0 0 0 0 0 0 0 0 0 1.0000000000 0 0 0 0 0 0 0 0 0 0 0 0 0 0 
0 0 0.0010934721 0 0 0 0.0111969571 0 0 0 0 0 0 0 0 0 0 0 0 0 0 0 0 0 0 0 0 0 0 0 0 0 0 0.0820370572 0.1156161985 0 0.4133623885 0 0 0.3766939267 0 0 0 0 0 0 0 0 0 0 
0 0 0 0 0 0 0 0 0.0060861392 0.1366191533 0 0 0 0 0 0 0 0 0 0 0 0 0 0 0 0 0.4686921743 0 0 0 0 0 0 0 0 0 0 0 0 0 0 0 0.3284545842 0 0 0 0.0601479489 0 0 0 
0 0 0 0 0 0 0 0 0 0 0.6648719561 0 0 0 0 0 0 0 0 0 0.3351280439 0 0 0 0 0 0 0 0 0 0 0 0 0 0 0 0 0 0 0 0 0 0 0 0 0 0 0 0 0 
0 0 0 0 0 0 0 0 0 0 0 0 0 0 0 0 0 1.0000000000 0 0 0 0 0 0 0 0 0 0 0 0 0 0 0 0 0 0 0 0 0 0 0 0 0 0 0 0 0 0 0 0 
0 0.0006986690 0 0 0 0 0 0 0 0 0 0 0 0 0 0.0002718573 0 0.0059975965 0 0 0 0 0 0 0.0475763301 0 0 0 0 0 0 0 0 0 0.0010987769 0.0066859436 0 0 0 0 0 0 0 0 0 0.9188566082 0 0 0.0188142184 0 
0 0 0 0 0 0 0 0 0 0.1373900214 0 0 0 0 0 0 0 0.0011093434 0 0 0.5892450884 0 0 0 0 0 0 0.0013613203 0 0 0 0 0 0 0 0 0 0.0015107667 0 0 0 0 0 0 0.2693834598 0 0 0 0 0 
0 0 0 0 0 0 0 0 0 0 0 0 0 0 0 0 0.6600134982 0 0 0 0 0 0.0033616748 0 0.2199930887 0 0 0 0 0 0 0 0 0.1156168523 0 0 0 0 0 0.0010148861 0 0 0 0 0 0 0 0 0 0 
0 0.0016464562 0 0 0 0 0 0 0 0 0 0 0 0 0 0 0 0 0 0 0 0 0 0 0 0 0.9983535438 0 0 0 0 0 0 0 0 0 0 0 0 0 0 0 0 0 0 0 0 0 0 0 
0 0 0 0 0 0 0.0164017621 0 0 0 0 0 0 0 0 0 0 0 0 0 0 0 0 0 0 0 0 0 0 0 0 0 0 0 0.0040268734 0 0 0 0 0.9760435641 0 0 0 0 0 0 0 0 0 0.0035278003 
0 0 0 0 0 0 0 0 0 0 0 0 0.0017043784 0 0 0.0098575074 0 0 0.5972930938 0 0 0 0 0 0 0 0 0 0 0 0 0 0 0 0 0 0 0 0 0.3911450204 0 0 0 0 0 0 0 0 0 0 
0 0 0 0 0 0 0 0 0 0 0 1.0000000000 0 0 0 0 0 0 0 0 0 0 0 0 0 0 0 0 0 0 0 0 0 0 0 0 0 0 0 0 0 0 0 0 0 0 0 0 0 0 
0 0 0 0 0 0 0.0017939100 0 0.0143868018 0 0 0 0 0 0 0.2673450710 0.1872667793 0 0 0 0 0 0 0 0 0 0 0 0 0 0 0 0 0 0 0 0 0 0 0 0 0 0 0 0 0 0.5292074379 0 0 0 
0 0 0 0.0622522152 0 0 0 0 0 0.3658457446 0 0 0 0 0 0 0 0 0.0011370101 0 0 0 0 0 0 0 0.0223356373 0.0010092006 0 0 0 0 0.3973671339 0 0 0 0 0 0 0 0 0.1470964526 0 0 0 0 0.0029566057 0 0 0 
0 0 0.0018096408 0 0.1160227059 0 0 0 0.3346295689 0 0 0.0050051225 0 0 0 0 0 0 0 0.4075875155 0 0 0 0 0 0 0.1295412088 0 0 0 0 0 0.0010064822 0 0 0 0 0 0 0 0 0 0 0 0 0 0 0.0043977555 0 0 
0 0 0.1133340789 0 0 0 0.4223703058 0 0 0 0.0017207164 0 0 0 0 0 0 0 0.4481501146 0 0 0 0 0 0 0 0 0 0 0 0 0 0 0 0 0 0 0 0 0 0 0 0 0 0.0144247844 0 0 0 0 0 
0 0 0 0 0 0 0 0.5754753952 0 0 0 0 0 0 0.0964151550 0 0 0 0.0136114019 0 0 0.0008270665 0 0 0 0.1925321534 0 0.0014888873 0.0539269336 0 0 0 0 0 0 0 0 0 0 0 0.0650834023 0 0.0006396047 0 0 0 0 0 0 0 
0 0 0 0 0 0 0 0 0 0.0303382523 0 0 0 0.0427598253 0 0 0 0 0 0 0 0 0 0 0 0 0 0 0 0 0 0 0 0 0 0 0 0.0031546116 0 0 0 0 0 0 0.3284699735 0 0 0 0.5952773373 0 
0 0 0.0016802176 0 0 0 0 0 0 0 0 0 0 0 0 0.0040263645 0.0146610303 0.2728632939 0.6935929496 0 0 0 0 0 0.0106238723 0 0 0 0 0 0 0 0 0 0 0 0 0 0 0 0 0 0 0 0 0 0 0.0025522719 0 0 
0.0323206580 0 0 0 0 0 0 0 0 0 0 0 0 0 0 0 0 0 0 0 0 0 0 0 0 0 0 0 0 0.4318998503 0 0 0 0.2794231586 0 0 0 0 0 0 0.2479008761 0 0 0 0.0084554570 0 0 0 0 0 
0 0 0 0 0 0 0 0 0 0.5009085299 0 0 0 0.0137672727 0 0.0901556728 0 0 0 0 0 0 0 0 0 0 0 0 0 0 0 0 0 0 0.0203075622 0 0 0 0 0 0 0 0 0 0 0 0.0901037060 0 0 0.2847572564 
0 0 0 0 0 0 0 0 0 0 0 0 0 0 0 0 0 0.5479771203 0 0 0 0 0 0 0 0 0.4462235823 0 0 0 0 0 0 0 0 0 0 0.0057992974 0 0 0 0 0 0 0 0 0 0 0 0 
0 0 0 0.0140332965 0 0 0 0 0.0090840746 0 0 0 0 0 0 0 0 0.0196362361 0 0.0029898861 0 0 0.0118367598 0 0 0 0.1915500981 0.0007320903 0 0 0 0 0 0 0 0 0 0 0 0 0 0 0 0 0 0 0.7501375585 0 0 0 
0 0 0 0 0 0 0 0 0 0.0054197979 0 0 0 0.0622099977 0 0 0 0 0 0 0.2224857104 0 0 0 0 0 0 0 0 0 0 0 0.7098844941 0 0 0 0 0 0 0 0 0 0 0 0 0 0 0 0 0 
0 0 0 0 0 0 0 0 0 0 0 0 0 0 0 0 0 0 0 0 0 0 0.0012878922 0 0 0 0.4944738775 0 0 0 0.0775004479 0 0 0 0 0 0 0 0 0 0 0.3041297559 0 0 0 0 0.0239316005 0.0986764260 0 0 
0 0 0 0 0 0 0 0 0 0.0014969887 0 0 0 0.1573597532 0 0 0 0 0.0010522450 0 0 0 0.0011358475 0 0 0 0 0 0 0 0 0.0203416315 0.8047901971 0 0 0 0 0 0 0 0 0 0 0 0 0 0 0 0 0.0138233369 
0 0 0.0227148203 0 0 0 0 0 0.4412630645 0 0 0 0 0.0098284868 0 0 0.1266009305 0 0 0 0 0 0.0105549612 0 0 0 0 0 0 0 0 0 0 0 0 0 0 0 0 0.3890377367 0 0 0 0 0 0 0 0 0 0 
0 0 0 0.0099402904 0 0 0 0 0 0 0 0 0 0 0 0 0 0 0 0 0 0 0 0 0.0021492447 0 0.0457808882 0 0 0 0 0 0.9421295768 0 0 0 0 0 0 0 0 0 0 0 0 0 0 0 0 0 
0 0 0.9298874940 0 0 0 0 0 0 0 0 0 0 0 0 0 0 0 0 0 0 0 0 0 0 0 0 0 0 0.0628349482 0 0 0 0.0072775577 0 0 0 0 0 0 0 0 0 0 0 0 0 0 0 0 
0 0 0 0 0 0 0 0 0 0 0 0 0 1.0000000000 0 0 0 0 0 0 0 0 0 0 0 0 0 0 0 0 0 0 0 0 0 0 0 0 0 0 0 0 0 0 0 0 0 0 0 0 
0 0 0 0 0 0 0.0023556718 0 0 0 0 0 0 0 0 0 0.0040989230 0 0 0.7183975932 0 0 0.0258667383 0 0 0 0 0 0 0 0 0 0 0.0154681973 0 0 0 0 0 0.2338128764 0 0 0 0 0 0 0 0 0 0 
0 0.6273206021 0 0 0 0 0 0 0 0 0 0 0.0012208549 0 0 0 0 0.0024589760 0 0 0 0 0 0 0 0 0 0 0 0.2718348115 0 0 0 0.0054131836 0 0 0 0 0 0 0.0892153024 0 0 0 0.0025362695 0 0 0 0 0 
0 0 0 0 0 0 0 0 0 0 0 0 0.0345296132 0 0 0 0 0 0 0 0 0 0 0 0 0 0 0 0 0 0 0 0 0 0 0 0 0 0 0.9654703868 0 0 0 0 0 0 0 0 0 0 
0 0 0 0 0 0 0 0 0 0 0 0 0 0 0 0.0077601789 0.0068561948 0 0 0 0 0 0 0 0 0 0 0 0 0 0 0 0 0 0 0 0 0.6548534158 0 0.3305302105 0 0 0 0 0 0 0 0 0 0 
0 0 0 0 0 0 0 0 0 0 0 0 0 0 0 0 0 0 0 0 0 0 0 0 0 0 0 0 0 0 0 0 0 0 0 1.0000000000 0 0 0 0 0 0 0 0 0 0 0 0 0 0 
0 0 0 0 0 0 0 0 0 0 0 0 0 0 0 0 0 0 0 0 0 0 0 0 0 0 0 0 0 0.0481449543 0 0 0 0 0 0 0 0 0 0 0 0 0 0 0 0 0 0.9518550457 0 0 
0.0089901306 0 0 0 0 0 0 0 0 0.0061713200 0 0 0 0 0.5845778878 0 0 0 0 0 0 0 0 0 0 0 0.0062887009 0 0 0 0 0.0037994251 0.3818972794 0 0 0 0 0 0 0 0 0 0 0.0082752562 0 0 0 0 0 0 
0 0 0 0 0 0 0 0 0.0204060394 0 0.0012682673 0 0.0012212832 0.8183517808 0 0.0043739917 0.0010891057 0 0 0 0 0 0 0 0 0 0 0 0 0 0 0 0 0 0 0.0214102076 0 0 0 0.0489534501 0 0 0 0 0 0 0.0007962497 0 0.0821296245 0 
0 0 0 0 0 0 0 0 0 0 0 0 0 0 0 0 0.0060023910 0 0.3610756037 0 0 0 0 0 0 0.0040023972 0.0009515417 0 0 0 0 0.0225009548 0 0 0 0.0917787398 0 0 0 0 0 0 0.5124569234 0.0012314484 0 0 0 0 0 0 
0.0059486595 0 0 0 0.6513700121 0 0 0 0 0.0665490419 0 0 0 0 0 0 0 0 0 0 0 0.0117257242 0 0 0.0168144748 0 0.0928709443 0 0 0 0 0 0.1547211431 0 0 0 0 0 0 0 0 0 0 0 0 0 0 0 0 0 
0 0 0.0047941216 0 0 0 0 0 0 0 0 0 0 0 0 0.7287802963 0 0 0 0 0 0 0 0 0 0 0 0 0 0 0 0 0 0 0.0206621895 0 0 0 0 0.1730762030 0.0638981271 0 0 0 0 0 0 0 0.0087890625 0 
0 0 0 0 0 0 0 0 0 0 0 0 0 0 0 0 0 0.1347091849 0 0.8402017546 0 0 0 0 0 0 0 0 0 0 0 0 0 0 0 0 0 0 0 0 0 0 0 0.0245672614 0 0.0005217991 0 0 0 0 
0 0 0 0 0 0 0 0 0 0 0 0 0 0 0 0 0.0012544903 0 0 0 0 0 0 0 0 0 0 0 0 0 0 0 0 0.0170786251 0 0 0.0005133621 0 0 0.9811535225 0 0 0 0 0 0 0 0 0 0 
0 0 0 0.1601971010 0 0 0 0 0.7697706678 0.0010557359 0 0 0 0 0 0 0 0 0 0 0 0 0 0 0 0 0 0 0 0 0 0.0689764953 0 0 0 0 0 0 0 0 0 0 0 0 0 0 0 0 0 0 
0 0 0 0 0 0 0 0 0 0 0 0 0 0 0 0 0.9835021570 0 0 0 0 0 0 0 0 0 0 0 0 0 0 0 0 0 0 0 0 0.0164978430 0 0 0 0 0 0 0 0 0 0 0 0 
0 0 0 0 0 0 0 0 0 0 0 0 0 0 0 0.8633570422 0.1325967592 0 0 0 0 0 0 0 0 0 0 0 0 0 0 0 0 0 0 0 0 0 0 0.0040461986 0 0 0 0 0 0 0 0 0 0 
0 0 0 0.2958342812 0 0 0 0 0 0 0 0 0 0 0 0 0 0 0 0 0 0 0 0 0 0 0 0 0 0 0 0 0 0 0 0 0 0 0.7041657188 0 0 0 0 0 0 0 0 0 0 0 
0 0 0.0030342210 0 0 0 0 0 0 0 0 0 0.0112434683 0 0 0.0113528928 0.2750120107 0 0 0 0 0 0 0 0 0 0 0 0 0 0 0 0 0 0 0 0 0 0 0 0 0 0 0 0 0 0 0 0 0.6993574071 
0 0 0 0.8033660089 0 0 0 0 0 0.1839792263 0 0 0 0 0 0 0 0 0 0 0 0 0 0 0 0 0.0102127885 0 0 0 0 0 0 0 0 0 0 0 0 0 0 0 0 0 0 0 0.0024419763 0 0 0 
0 0 0 0.4779007983 0 0 0 0 0 0 0 0 0 0 0 0 0 0 0 0 0 0.0257454487 0 0 0 0 0.4853634483 0 0 0 0 0 0 0 0 0.0109903047 0 0 0 0 0 0 0 0 0 0 0 0 0 0 
0 0 0 0 0 0 0 0 0 0 0.5295420418 0 0 0 0 0 0 0 0 0 0 0 0 0 0 0 0 0 0 0 0 0 0.0737684876 0.0417142449 0 0 0 0 0 0 0.2069107016 0 0 0 0.1480645241 0 0 0 0 0 
0 0 0 0 0 0 0 0 0 0 0 0 0 0 0 0 0 0 0 0 0 0 0 0 0 0 0 0 0 0 0 0 0 0 0 0 0 1.0000000000 0 0 0 0 0 0 0 0 0 0 0 0 
0 0 0 0.2843714991 0 0.1102750723 0 0 0 0.0201520393 0 0 0 0 0 0 0 0 0 0 0 0 0 0.0254590197 0 0 0 0 0 0 0 0 0 0 0 0 0 0 0 0 0 0 0 0 0 0 0.5551183430 0 0 0.0046240266 
0.2916718194 0 0 0 0 0 0 0.0844515556 0 0 0 0.5015872113 0 0 0.0493524335 0 0 0 0 0 0 0 0 0 0 0 0 0 0.0476419690 0.0110857925 0 0 0 0 0 0 0 0 0 0 0 0 0 0 0 0.0142092188 0 0 0 0 
0 0 0.0301716237 0 0 0 0 0 0 0 0 0 0 0 0 0.0022521310 0 0 0 0 0 0 0 0 0 0 0 0 0 0 0 0 0 0 0.0264966440 0 0 0 0 0.0905804662 0 0 0 0 0 0 0.8481754860 0 0 0.0023236490 
0 0 0.0013588355 0 0 0 0 0 0 0.1011554172 0 0.1318064553 0 0.0737267724 0 0 0 0 0 0.0841967035 0 0 0 0 0 0 0 0 0 0 0 0 0 0 0 0 0 0 0 0 0 0 0 0 0 0.6070856597 0.0006701564 0 0 0 
0 0 0 0 0 0 0 0 0 0 0 0 0 0 0 0 0 0 0 0 0.9992114374 0 0 0 0 0.0007885626 0 0 0 0 0 0 0 0 0 0 0 0 0 0 0 0 0 0 0 0 0 0 0 0 
0 0 0 0 0 0 0 0 0 0 0 0 0 0 0 0 0 0 0 0 0.0570146564 0 0 0 0 0.6272913126 0 0 0 0 0 0 0 0 0 0 0 0.0298028520 0 0 0 0 0 0 0 0 0.2858911790 0 0 0 
0 0 0 0 0 0 0 0.7088576611 0 0 0 0 0 0 0 0 0.2830440694 0 0 0 0 0.0080982696 0 0 0 0 0 0 0 0 0 0 0 0 0 0 0 0 0 0 0 0 0 0 0 0 0 0 0 0 
0 0 0 0 0 0.7817478327 0 0 0 0.1331553546 0 0 0 0.0374764055 0 0 0 0 0 0 0 0 0 0 0 0 0.0017475969 0 0 0 0 0 0 0 0 0 0 0.0008404942 0 0 0.0028720501 0 0 0 0 0 0.0010347967 0 0.0411254691 0 
0 0.8319980666 0 0 0 0.0129790171 0 0 0 0 0 0.0026634328 0 0 0.1377140298 0 0 0.0091872839 0 0 0 0 0 0 0 0 0.0009621570 0 0 0.0031308496 0 0 0 0 0 0 0 0 0 0 0 0 0 0 0.0013651631 0 0 0 0 0 
0 0 1.0000000000 0 0 0 0 0 0 0 0 0 0 0 0 0 0 0 0 0 0 0 0 0 0 0 0 0 0 0 0 0 0 0 0 0 0 0 0 0 0 0 0 0 0 0 0 0 0 0 
0 0 0 0.0047568765 0 0 0 0 0 0 0 0 0 0 0 0 0 0 0 0.0180463167 0.1937229221 0.0029089133 0 0.0056376886 0 0.1826222269 0 0 0 0 0.2555758217 0 0.0253471873 0 0 0 0 0 0 0 0 0 0 0 0 0 0.3066954334 0 0.0046866135 0 
0 0 0 0 0 0 0 0 0 0 0 0 0 0 0 0 0 0 0 0 0 0 0 0 0 0 0 0 0 0 0 0 0 0 0 0 0 0 0 1.0000000000 0 0 0 0 0 0 0 0 0 0 
0 0 0.3733284897 0 0 0 0.0542197692 0 0 0.0010759248 0.2950652111 0 0 0 0 0 0 0 0 0 0 0 0 0 0.1365994943 0 0 0.0020655019 0 0 0 0 0 0 0.1376456090 0 0 0 0 0 0 0 0 0 0 0 0 0 0 0 
0 0 0 0 0 0 0 0 0 0 0 0 0 0.0805613247 0 0 0 0 0 0 0 0 0 0 0 0 0.0109161497 0 0 0 0 0 0 0 0 0 0 0 0.0226113710 0 0 0 0 0 0 0 0.8859111546 0 0 0 
0 0.3234985574 0.0082274775 0 0 0 0 0 0 0.0025215765 0 0 0.0010418373 0.0075002502 0 0.0019153381 0 0 0.0331689290 0 0 0 0 0 0 0 0 0 0 0 0 0 0 0 0 0 0 0 0 0 0 0 0 0 0 0 0.6221260340 0 0 0 
0 0.6985774456 0.0504493139 0 0 0 0 0 0 0 0 0 0 0 0 0.0661329871 0 0 0 0 0 0 0.0012227737 0 0 0 0 0 0 0 0 0.1604192694 0 0 0 0 0 0 0 0 0 0 0 0 0 0 0.0201622296 0 0 0.0030359808 
0 0 0 0 0.0012123767 0 0 0 0 0 0 0 0 0 0 0 0.2913969925 0.0444334127 0 0 0 0.1095287191 0 0.0016263567 0 0 0 0.0049107530 0 0.5416984303 0 0 0 0 0 0 0 0 0 0 0 0 0.0033338178 0 0.0018591411 0 0 0 0 0 
0 0 0.4530072431 0 0 0 0 0 0 0.0702184188 0 0 0 0 0 0 0 0 0 0 0.4536621112 0 0 0 0 0 0 0 0 0 0 0 0 0 0.0039978027 0 0 0 0 0 0 0 0 0 0 0 0.0010460567 0 0 0.0180683674 
0 0 0 0 0 0 0 0 0 0 0 0 0 0 0 0 0.1922409328 0 0 0 0 0 0.0066644670 0 0 0 0 0 0 0 0 0 0 0 0 0 0 0.6285920937 0 0 0.1708019125 0 0 0 0 0 0 0 0.0017005940 0 
0 0 0 0 0 0 0 0 0 0 0 0 0 0.0733515006 0 0.0822210923 0.0022506151 0 0 0 0 0 0 0 0 0 0 0 0 0 0 0.0036941323 0 0 0 0.8198582827 0 0 0 0.0157974314 0 0 0 0 0 0 0 0 0 0.0028269456 
0 0 0 0 0 0 0 0 0 0 0 0.0049893859 0 0 0 0 0 0 0 0 0 0 0 0 0 0.0079650879 0 0 0 0 0.0122167458 0 0 0 0 0 0 0.9748287805 0 0 0 0 0 0 0 0 0 0 0 0 
0 0.0015225922 0 0 0 0 0 0 0 0 0.6258233016 0 0.0142685258 0 0 0.0029132178 0 0 0 0.0437171370 0 0 0 0 0 0 0 0 0 0 0 0 0 0 0 0 0 0 0 0 0.3046507891 0 0 0 0 0 0 0 0 0.0071044365 
0 0 0 0 0 0 0 0 0 0 0 0 0 0.0666373782 0 0 0 0 0 0 0.9153679948 0 0 0 0 0 0 0 0 0 0 0 0 0 0 0 0 0 0 0 0 0 0 0 0 0 0 0 0 0.0179946270 
0 0 0 0 0 0 0 0 0 0.0142475916 0 0.2316369527 0 0 0.6420645875 0 0 0 0 0 0.0750820557 0 0 0 0 0 0 0 0 0 0 0.0369688125 0 0 0 0 0 0 0 0 0 0 0 0 0 0 0 0 0 0 
0 0 0 0 0 0 0.9639685293 0 0 0 0 0 0 0 0.0360314707 0 0 0 0 0 0 0 0 0 0 0 0 0 0 0 0 0 0 0 0 0 0 0 0 0 0 0 0 0 0 0 0 0 0 0 
0 0 0 0 0 0 0 0 0 0 0 0 0.8680039723 0 0 0 0.1319960277 0 0 0 0 0 0 0 0 0 0 0 0 0 0 0 0 0 0 0 0 0 0 0 0 0 0 0 0 0 0 0 0 0 
0 0 0 0.1306056265 0 0 0.8128215335 0 0 0 0 0 0 0 0 0 0 0 0 0 0 0 0 0 0 0 0 0 0 0 0 0 0 0 0 0 0 0 0 0 0 0 0 0 0 0 0.0565728400 0 0 0 
0 0 0 0 0 0 0 0 0 0.0208819841 0 0 0.2591430389 0 0 0 0 0 0 0 0 0 0 0 0 0 0 0 0 0 0 0 0 0 0 0 0 0 0 0 0 0 0 0 0 0 0.7199749769 0 0 0 
0 0 0 0 0 0 0 0 0 0 0 0 1.0000000000 0 0 0 0 0 0 0 0 0 0 0 0 0 0 0 0 0 0 0 0 0 0 0 0 0 0 0 0 0 0 0 0 0 0 0 0 0 
0 0 0 0 0 0.2551056586 0 0 0 0 0 0 0.5394479841 0 0 0 0 0 0 0 0 0 0 0 0 0 0 0 0 0 0 0 0 0.0708324729 0 0 0.1346138844 0 0 0 0 0 0 0 0 0 0 0 0 0 
0 0 0 0 0 0 0 0 0 0 0 0 0.0555882595 0 0 0.8950288755 0 0 0 0 0 0 0.0212240070 0 0 0 0 0 0 0 0 0 0 0 0.0281588580 0 0 0 0 0 0 0 0 0 0 0 0 0 0 0 
0 0 0 0 0 0 0 0 0 0 0 0 0.7328777741 0 0 0 0 0 0 0 0 0 0 0 0 0 0 0 0 0 0 0 0 0 0 0 0 0 0 0 0 0 0 0 0 0 0.2671222259 0 0 0 
0 0 0 0 0 0 0 0 0 0 0 0 0 0 0 0 0 0 0 0 0 0 0 0 0 0 0 0 0 0 0 0 0 0 0 0 1.0000000000 0 0 0 0 0 0 0 0 0 0 0 0 0 
0 0 0 0 0 0 0 0 0 0 0 0 1.0000000000 0 0 0 0 0 0 0 0 0 0 0 0 0 0 0 0 0 0 0 0 0 0 0 0 0 0 0 0 0 0 0 0 0 0 0 0 0 
0 0 0 0 0 0 0 0 0 0 0 0 0 0 0 0 0 0 0 0 0 0 0.8320173495 0 0 0 0 0 0 0 0 0 0 0 0 0 0 0 0 0.1679826505 0 0 0 0 0 0 0 0 0 0 
0 0 0 0 0 0 0 0 0 0 0 0 0 0 0 0 0 0 0 0 0 0 0 0 0 0 0 0 0 0 0 0 0 0 1.0000000000 0 0 0 0 0 0 0 0 0 0 0 0 0 0 0 
0 0 0 0 0 0 0.0016435183 0 0 0 0 0 0.0060940195 0 0 0.0115632082 0 0 0 0 0 0 0.5395408446 0 0 0 0 0 0 0 0 0 0 0 0 0 0.0064146966 0.4327508388 0 0.0013638717 0 0 0 0 0 0 0 0.0006290023 0 0 
0 0 0 0 0 0 0.1912559626 0 0 0 0 0 0.0275816921 0 0 0 0 0 0 0 0 0 0.3098263664 0 0 0 0 0 0 0 0 0 0 0 0 0 0 0 0 0 0 0 0 0 0 0 0 0 0.4713359789 0 
0 0 0 0 0 0 0 0 0 0 0 0 0 0 0 0 0 0 0 0 1.0000000000 0 0 0 0 0 0 0 0 0 0 0 0 0 0 0 0 0 0 0 0 0 0 0 0 0 0 0 0 0 
0 0 0 0 0 0 0.8359704582 0 0 0 0 0 0 0 0 0 0 0 0.1640295418 0 0 0 0 0 0 0 0 0 0 0 0 0 0 0 0 0 0 0 0 0 0 0 0 0 0 0 0 0 0 0 
0 0 0 0 0 0 0 0 0 0 0 0 0 0 0 0 0 0 0 0 0 0 0 0 0 0 0 0 0 0 0 0 0 0 0 0 1.0000000000 0 0 0 0 0 0 0 0 0 0 0 0 0 
0 0 0 0 0 0 0 0 0 0.0346085955 0 0 0 0 0 0 0 0 0 0 0 0 0 0 0 0 0 0 0 0 0 0 0 0 0 0 0.9653914045 0 0 0 0 0 0 0 0 0 0 0 0 0 
0 0 0 0.0956429347 0 0 0 0 0 0 0 0 0 0 0 0 0 0 0 0 0 0 0 0 0 0 0.0920877279 0 0 0 0 0 0 0 0 0 0.8122693374 0 0 0 0 0 0 0 0 0 0 0 0 0 
0 0 0 0 0 0 1.0000000000 0 0 0 0 0 0 0 0 0 0 0 0 0 0 0 0 0 0 0 0 0 0 0 0 0 0 0 0 0 0 0 0 0 0 0 0 0 0 0 0 0 0 0 
0 0 0 0 0 0 0.0102449380 0 0 0 0.0105258697 0 0.1584154760 0 0 0 0 0 0 0 0 0 0.8193546404 0 0 0 0 0 0 0 0 0 0 0 0 0 0 0 0 0.0014590760 0 0 0 0 0 0 0 0 0 0 
0 0 0 0 0 0 1.0000000000 0 0 0 0 0 0 0 0 0 0 0 0 0 0 0 0 0 0 0 0 0 0 0 0 0 0 0 0 0 0 0 0 0 0 0 0 0 0 0 0 0 0 0 
0 0 0 0 0 0 0 0 0 0 0 0 0 0 0 1.0000000000 0 0 0 0 0 0 0 0 0 0 0 0 0 0 0 0 0 0 0 0 0 0 0 0 0 0 0 0 0 0 0 0 0 0 
0 0 0 0 0 0 0 0 0 0 0 0 0 0 0 0 0 0 0 0 0 0 1.0000000000 0 0 0 0 0 0 0 0 0 0 0 0 0 0 0 0 0 0 0 0 0 0 0 0 0 0 0 
0 0 0 0 0 0 0 0 0 0 0 0 0 0 0 0 0 0 0 0 0 0 1.0000000000 0 0 0 0 0 0 0 0 0 0 0 0 0 0 0 0 0 0 0 0 0 0 0 0 0 0 0 
0 0 0 0 0 0 0 0 0 0 0 0 0 0 0 1.0000000000 0 0 0 0 0 0 0 0 0 0 0 0 0 0 0 0 0 0 0 0 0 0 0 0 0 0 0 0 0 0 0 0 0 0 
0 0 0 0 0 0 0 0 0 0 0 0 0 0 0 0 0 0 0 0 0 0 0 0 0 0 0 0 0 0 0 0 0 0 1.0000000000 0 0 0 0 0 0 0 0 0 0 0 0 0 0 0 
0 0 0 0 0 0 0 0 0 0 0 0 0 0 0 0.9454288100 0 0 0 0 0 0 0 0 0 0 0 0 0 0 0 0 0 0 0 0 0 0 0 0 0 0 0 0 0 0 0.0545711900 0 0 0 
0 0 0 0 0 0 0 0 0 0 0 0 0 0 0 0 0 0 0 0 0 0 0.7694965544 0 0 0.0142848813 0.2162185644 0 0 0 0 0 0 0 0 0 0 0 0 0 0 0 0 0 0 0 0 0 0 0 
0 0 0 0 0 0 0 0 0 0 0 0 0.9976806417 0 0 0 0 0 0 0 0 0 0 0 0 0 0 0 0 0 0 0 0 0 0.0023193386 0 0 0 0 0.0000000197 0 0 0 0 0 0 0 0 0 0 
0 0 0 0 0 0 0 0 0 0 0 0 0 0 0 0.9966237833 0 0 0 0 0.0033513130 0 0 0 0 0 0 0 0 0 0 0 0 0 0 0 0 0 0 0 0 0 0 0 0 0.0000249036 0 0 0 0 
0 0 0 0 0 0 0 0 0 0 0 0 0 0 0 0 0 0 0 0 0 0 1.0000000000 0 0 0 0 0 0 0 0 0 0 0 0 0 0 0 0 0 0 0 0 0 0 0 0 0 0 0 
0 0 0 0 0 0 0 0 0 0 0 0 0.6735835270 0.3187551119 0 0 0 0 0 0 0 0 0 0 0 0 0 0 0 0 0 0 0 0 0.0076613611 0 0 0 0 0 0 0 0 0 0 0 0 0 0 0 
0 0 0 0 0 0 0 0 0 0 0 0 0 0 0 0 0 0 0 0 0 0 0 0 0 0 0 0 0 0 0 0 0 0 0 0 0 0 0 0 0 0 0 0 0 0 0 0 1.0000000000 0 
0 0 0 0 0 0 0 0 0 0 0 0 0.9590374193 0 0 0 0 0 0 0 0 0.0409625807 0 0 0 0 0 0 0 0 0 0 0 0 0 0 0 0 0 0 0 0 0 0 0 0 0 0 0 0 
0 0 0 0 0 0 0.0010633872 0 0 0 0 0 0.2033764384 0 0 0.0001660546 0 0 0 0 0 0 0 0 0 0 0 0 0 0 0 0 0 0 0.7905167778 0 0.0016876780 0 0 0.0031896639 0 0 0 0 0 0 0 0 0 0 
0 0 0 0 0 0 0 0 0 0 0 0 0 0 0 0 0 0 0 0 0 0 0 0 0 0 0 0 0 0 0 0 0 0 0 0 1.0000000000 0 0 0 0 0 0 0 0 0 0 0 0 0 
0 0 0 0 0 0 0 0 0 0 0 0 0 0 0 0 0 0 1.0000000000 0 0 0 0 0 0 0 0 0 0 0 0 0 0 0 0 0 0 0 0 0 0 0 0 0 0 0 0 0 0 0 
0 0 0 0 0 0 0 0 0 0 0 0 1.0000000000 0 0 0 0 0 0 0 0 0 0 0 0 0 0 0 0 0 0 0 0 0 0 0 0 0 0 0 0 0 0 0 0 0 0 0 0 0 
0 0 0 0 0 0 0 0 0 0 0 0 0 0 0 0 0 0 0 0 0 0 0 0 0 0 0 0 0 0 0 0 0 0 1.0000000000 0 0 0 0 0 0 0 0 0 0 0 0 0 0 0 
0.0407010592 0 0 0 0 0 0 0 0 0 0 0 0.0241674656 0.0061176111 0 0 0 0 0 0 0 0.1300745148 0 0 0 0 0 0 0 0 0 0 0 0 0 0 0.7664188715 0 0 0.0154550755 0 0 0 0 0 0 0 0.0170654023 0 0 
0 0 0 0 0 0 0 0 0 0 0 0 0 0 0 0 0 0 0 0 0 0 0 0 0 0 0 0 0 0 0 0 0 0 1.0000000000 0 0 0 0 0 0 0 0 0 0 0 0 0 0 0 
0 0 0 0 0 0 0.1272124773 0 0 0 0 0 0 0 0 0.7780295691 0 0 0 0 0 0 0 0 0 0 0 0 0 0 0 0 0 0 0 0 0 0 0 0.0947579537 0 0 0 0 0 0 0 0 0 0 
0 0 0 0 0 0 0 0 0 0 0 0 0.7851375902 0 0 0.0039215196 0 0 0 0 0 0 0.1703337369 0 0 0 0 0 0 0 0 0 0 0 0 0 0 0 0 0.0406071533 0 0 0 0 0 0 0 0 0 0 
0 0 0 0 0 0 0 0 0 0 0 0 0.1509885585 0.0012258596 0 0 0 0 0.8477855818 0 0 0 0 0 0 0 0 0 0 0 0 0 0 0 0 0 0 0 0 0 0 0 0 0 0 0 0 0 0 0 
0 0 0 0 0 0 0 0 0 0 0 0 1.0000000000 0 0 0 0 0 0 0 0 0 0 0 0 0 0 0 0 0 0 0 0 0 0 0 0 0 0 0 0 0 0 0 0 0 0 0 0 0 
0 0 0 0 0 0 0 0 0 0 0 0 0 0 0 0.0053819667 0 0 0.3778285797 0 0 0 0 0 0 0 0 0 0 0 0 0 0 0 0 0 0.6167894536 0 0 0 0 0 0 0 0 0 0 0 0 0 
0 0 0 0 0 0 0 0 0 0 0 0 0 0 0 1.0000000000 0 0 0 0 0 0 0 0 0 0 0 0 0 0 0 0 0 0 0 0 0 0 0 0 0 0 0 0 0 0 0 0 0 0 
0 0 0 0 0 0 0.0282211739 0 0 0 0 0 0 0 0 0.0016545759 0 0 0 0 0.9598061837 0 0 0 0 0 0 0 0 0 0 0 0 0 0.0103180664 0 0 0 0 0 0 0 0 0 0 0 0 0 0 0 
0 0 0 0 0 0 0 0 0 0 0 0 0 0 0 1.0000000000 0 0 0 0 0 0 0 0 0 0 0 0 0 0 0 0 0 0 0 0 0 0 0 0 0 0 0 0 0 0 0 0 0 0 
0 0 0 0 0 0 0 0 0 0 0.1264496741 0 0 0 0 0 0 0 0 0 0 0 0 0 0 0 0 0 0 0 0 0 0 0 0 0 0.8602962393 0 0 0.0132540866 0 0 0 0 0 0 0 0 0 0 
0 0 0 0 0 0 0.6777057049 0 0 0 0 0 0 0 0 0.2746879651 0 0 0 0 0 0 0 0 0 0 0 0 0 0 0 0 0 0 0 0 0 0 0 0 0 0 0 0 0 0 0.0476063300 0 0 0 
0 0 0 0 0 0 0 0 0 0 0 0 1.0000000000 0 0 0 0 0 0 0 0 0 0 0 0 0 0 0 0 0 0 0 0 0 0 0 0 0 0 0 0 0 0 0 0 0 0 0 0 0 
0 0 0 0 0 0 0 0 0 0 0 0 0 0 0 1.0000000000 0 0 0 0 0 0 0 0 0 0 0 0 0 0 0 0 0 0 0 0 0 0 0 0 0 0 0 0 0 0 0 0 0 0 
0 0 0 0 0 0 0 0 0 0 0 0 0 0 0 0 0 0 0 0 0 0 1.0000000000 0 0 0 0 0 0 0 0 0 0 0 0 0 0 0 0 0 0 0 0 0 0 0 0 0 0 0 
0 0 0.0028244034 0 0 0 0 0 0 0 0 0 0 0 0 0.0891077285 0 0 0 0 0 0 0 0 0 0 0 0 0 0 0 0 0 0 0 0 0 0 0 0 0 0 0 0 0 0 0 0 0.9080678681 0 
0 0 0 0 0 0 1.0000000000 0 0 0 0 0 0 0 0 0 0 0 0 0 0 0 0 0 0 0 0 0 0 0 0 0 0 0 0 0 0 0 0 0 0 0 0 0 0 0 0 0 0 0 
0 0 0 0 0 0 1.0000000000 0 0 0 0 0 0 0 0 0 0 0 0 0 0 0 0 0 0 0 0 0 0 0 0 0 0 0 0 0 0 0 0 0 0 0 0 0 0 0 0 0 0 0 
0 0 0 0 0 0 0 0 0 0 0 0 0 0.0279979706 0 0 0 0 0 0 0 0 0.9720020294 0 0 0 0 0 0 0 0 0 0 0 0 0 0 0 0 0 0 0 0 0 0 0 0 0 0 0 
0 0 0 0 0 0 1.0000000000 0 0 0 0 0 0 0 0 0 0 0 0 0 0 0 0 0 0 0 0 0 0 0 0 0 0 0 0 0 0 0 0 0 0 0 0 0 0 0 0 0 0 0 
0 0 0.7849678479 0 0 0 0.0079480435 0 0 0 0 0 0 0 0 0 0 0 0 0 0 0 0.2013220013 0 0 0 0 0 0 0 0 0 0 0 0 0 0.0011645101 0 0 0.0045975971 0 0 0 0 0 0 0 0 0 0 
0 0 0 0 0 0 0 0 0 0 0 0 0 0 0 0 0 0 0 0 0 0 0 0 0 0 0 0 0 0 0 0 0 0 1.0000000000 0 0 0 0 0 0 0 0 0 0 0 0 0 0 0 
0 0 0 0 0 0 0 0 0 0 0 0 0 0 0 0 0 0 0 0 0 0 0 0 0 0 0 0 0 0 0 0 0 0 1.0000000000 0 0 0 0 0 0 0 0 0 0 0 0 0 0 0 
0 0 0 0 0 0 0 0 0 0 0 0 0 0 0 0 0 0 0 0 0 0 0 0 0 0 0 0 0 0 0 0 0 0 0 0 0 0 0 0 0 0 0 0 0 0 0 1.0000000000 0 0 
0 0 0 0 0 0 0 0 0 0 0 0 0.0026747042 0 0 0 0 0 0 0 0 0 0.0126856296 0 0 0 0 0 0 0 0 0 0 0 0 0 0 0 0 0.3165709412 0 0 0 0 0 0 0 0.6680687250 0 0 
0 0 0 0 0 0 0 0 0 0 0 0 0 0 0 0 0 0 0 0 0 0 0 0 0 0 0.0417371783 0 0 0.0665105512 0 0 0 0 0 0 0.8917522706 0 0 0 0 0 0 0 0 0 0 0 0 0 
0 0 0 0 0 0 0.0527463797 0 0 0 0.0000002467 0 0.9472533403 0 0 0 0 0 0 0 0 0 0 0 0 0 0 0 0 0 0 0 0 0 0 0 0 0 0 0.0000000333 0 0 0 0 0 0 0 0 0 0 
0 0 0 0 0 0 0 0 0 0 0 0 0.1240017107 0 0 0 0 0 0 0 0.8715848067 0 0 0 0 0 0 0 0 0 0 0 0 0 0 0 0 0 0 0 0 0 0 0 0 0 0.0044134826 0 0 0 
0 0 0 0 0 0 0 0 0 0 0 0 0 0 0 0.9061963872 0 0 0 0 0 0 0 0 0 0 0.0938036128 0 0 0 0 0 0 0 0 0 0 0 0 0 0 0 0 0 0 0 0 0 0 0 
0 0 0 0 0 0 0 0 0 0 0 0 0 0 0 0 0 0 0 0 0 0 1.0000000000 0 0 0 0 0 0 0 0 0 0 0 0 0 0 0 0 0 0 0 0 0 0 0 0 0 0 0 
0 0 0 0 0 0 0 0 0 0 0 0 0 0 0 0.3232150109 0 0 0 0 0 0 0 0 0 0 0 0 0 0 0 0 0 0 0.0301247615 0 0.6466602275 0 0 0 0 0 0 0 0 0 0 0 0 0 
0 0 0 0 0 0 0.9519711680 0 0 0 0 0 0 0 0 0 0 0 0 0 0 0 0 0 0 0 0 0 0 0 0 0 0 0 0 0 0 0 0 0.0480288320 0 0 0 0 0 0 0 0 0 0 
0 0 0 0 0 0 0 0 0 0 0 0 0 0 0 0.6978401459 0 0 0 0 0 0 0 0 0 0 0 0 0 0 0 0 0 0 0.3021598541 0 0 0 0 0 0 0 0 0 0 0 0 0 0 0 
0 0 0 0 0 0 0 0 0 0 0 0 0.8722439398 0 0 0 0 0 0 0 0 0 0 0 0 0 0 0 0 0 0 0 0 0.1277560602 0 0 0 0 0 0 0 0 0 0 0 0 0 0 0 0 
0 0 0 0 0 0 0.7417268168 0 0 0 0 0 0 0 0 0.0069583059 0 0.0823016505 0 0 0 0 0 0 0 0.0814619297 0 0 0 0 0 0 0 0 0.0080891806 0 0 0 0 0 0 0 0 0 0 0 0.0794621165 0 0 0 
0 0 0 0 0 0 0 0 0 0 0 0 0 0 0 0.0022411977 0.0609997060 0 0 0 0 0 0 0 0 0 0 0 0 0 0 0 0 0 0 0 0.9323575207 0 0 0.0044015756 0 0 0 0 0 0 0 0 0 0 
0 0 0 0 0 0 0 0 0 0 0 0 0 0 0 1.0000000000 0 0 0 0 0 0 0 0 0 0 0 0 0 0 0 0 0 0 0 0 0 0 0 0 0 0 0 0 0 0 0 0 0 0 
0 0 0 0 0 0 0 0 0 0 0 0 0 0.8893123844 0 0 0 0 0 0 0 0 0.1106876156 0 0 0 0 0 0 0 0 0 0 0 0 0 0 0 0 0 0 0 0 0 0 0 0 0 0 0 
0 0 0 0 0 0 0 0 0 0 0 0 0.0184046994 0 0 0.1482761460 0.0335446736 0 0 0.0735034516 0 0 0.3135268179 0 0 0 0 0 0 0 0 0 0 0.0261376034 0 0 0 0 0 0 0 0 0 0.0365516118 0 0 0 0.0024441446 0.3476108518 0 
0 0 0 0 0 0 0 0 0 0 0 0 0 0 0 0 0 0 0 0 0 0 1.0000000000 0 0 0 0 0 0 0 0 0 0 0 0 0 0 0 0 0 0 0 0 0 0 0 0 0 0 0 
0 0 0 0 0 0 0 0 0 0 0 0 0 0 0 0 0 0 0 0 0.9136930146 0 0 0 0 0 0 0 0 0 0 0 0 0 0 0 0.0863069854 0 0 0 0 0 0 0 0 0 0 0 0 0 
0 0 0 0 0 0 0 0 0 0 0 0 1.0000000000 0 0 0 0 0 0 0 0 0 0 0 0 0 0 0 0 0 0 0 0 0 0 0 0 0 0 0 0 0 0 0 0 0 0 0 0 0 
0 0 0 0 0 0 0 0 0 0.3485336236 0 0 0 0 0 0 0 0 0 0 0 0 0.5454329023 0 0 0 0 0 0 0 0 0 0 0 0 0 0 0 0 0 0 0 0 0 0 0 0.1060334742 0 0 0 
0 0 0 0 0 0 0 0 0 0 0 0 0.7019326172 0 0 0.0250651397 0 0 0 0 0 0 0 0 0 0 0 0 0 0 0 0 0 0 0 0 0.0176649407 0 0 0.2373243764 0 0 0 0 0 0 0 0.0180129260 0 0 
0 0 0 0 0 0 0 0 0 0 0 0 0 0 0 0 0 0 0 0 0 0 1.0000000000 0 0 0 0 0 0 0 0 0 0 0 0 0 0 0 0 0 0 0 0 0 0 0 0 0 0 0 
0 0 0 0 0 0 0.9810252617 0 0 0 0 0 0 0 0 0 0.0189747383 0 0 0 0 0 0 0 0 0 0 0 0 0 0 0 0 0 0 0 0 0 0 0 0 0 0 0 0 0 0 0 0 0 
0 0 0 0 0 0 0 0 0 0.4663836525 0 0 0 0 0 0.0012539921 0 0 0 0 0 0 0.0147507452 0 0 0 0 0 0 0 0 0 0 0 0.0230334134 0 0 0 0 0 0 0 0 0 0 0 0 0.0023639167 0 0.4922142801 
0 0 0 0 0 0 0 0 0 0 0 0 0 0 0 0 0 0 0 0 0 0 0 0 0 0 0 0 0 0 0 0 0 0 0 0 1.0000000000 0 0 0 0 0 0 0 0 0 0 0 0 0 
0 0 0 0 0 0 0 0 0 0 0 0 0 0.0114561981 0 0.7323104610 0 0 0 0 0 0 0 0 0 0 0 0 0 0 0 0 0 0 0 0 0 0 0 0 0 0 0 0 0 0 0 0.2562333410 0 0 
0 0 0 0 0 0 0 0 0 0 0 0 0 0 0 0 0 0 0 0 0 0 0 0 0 0 0 0 0 0 0 0 0 0 0 0 1.0000000000 0 0 0 0 0 0 0 0 0 0 0 0 0 
0 0 0 0 0 0 0.0046224652 0 0 0 0 0 0.4648935252 0 0 0 0 0 0 0 0 0 0 0 0 0 0 0 0 0.0699482715 0 0 0 0 0 0 0 0 0 0.4593220130 0 0 0 0 0 0 0 0 0.0012137251 0 
0 0 0 0 0 0 0 0 0 0 0 0 0 0 0 0 0 0 0.8075564208 0 0 0 0 0 0 0 0 0 0 0 0 0 0 0 0 0 0 0 0 0 0 0 0 0 0 0 0.1924435792 0 0 0 
0 0 0 0 0 0 0 0 0 0 0 0 0 0 0 0.1696240511 0 0 0 0 0 0 0.0203004683 0 0 0 0 0 0 0 0 0 0 0 0 0 0 0.8100754806 0 0 0 0 0 0 0 0 0 0 0 0 
0 0 0 0 0 0 0 0 0 0 0 0 0 0 0 0.0021715483 0 0 0 0 0 0 0 0 0 0 0 0 0 0 0 0 0 0 0.7857092228 0 0 0 0 0 0 0 0 0 0 0 0 0 0 0.2121192289 
0 0 0 0 0 0 0 0 0 0 0 0 0 0 0 0.5645657080 0 0 0 0 0 0 0.4354342920 0 0 0 0 0 0 0 0 0 0 0 0 0 0 0 0 0 0 0 0 0 0 0 0 0 0 0 
0 0 0 0 0 0 0 0 0 0 0 0 0 0 0 0 0 0 0 0 0 0 0 0 0 0 0 0 0 0 0 0 0 0 1.0000000000 0 0 0 0 0 0 0 0 0 0 0 0 0 0 0 
0 0 0 0 0 0 0 0 0 0 0 0 0.6973233057 0 0 0 0 0 0 0 0 0 0.0359639352 0 0 0 0.1059597089 0 0 0 0 0 0 0 0 0 0 0.1391004854 0 0.0216525648 0 0 0 0 0 0 0 0 0 0 
0 0 0 0 0 0 0 0 0 0 0 0 0.7626908604 0.2373091396 0 0 0 0 0 0 0 0 0 0 0 0 0 0 0 0 0 0 0 0 0 0 0 0 0 0 0 0 0 0 0 0 0 0 0 0 
0 0 0.8249054812 0 0 0 0 0 0 0 0 0 0.0421453527 0 0 0.0638346095 0 0 0 0 0 0 0.0691145566 0 0 0 0 0 0 0 0 0 0 0 0 0 0 0 0 0 0 0 0 0 0 0 0 0 0 0 
0 0 0 0 0 0 0.9658619978 0 0 0 0 0 0 0 0 0 0 0 0 0 0 0 0 0 0 0 0 0 0 0 0 0 0 0.0341380022 0 0 0 0 0 0 0 0 0 0 0 0 0 0 0 0 
